2026-09-12 13:14:27 CYCLE 2026-09-12 13:14:27 :: tg=0/0 fb=0/0 vk=0/0
2026-09-12 13:17:02 CYCLE 2026-09-12 13:17:02 :: tg=0/0 fb=0/0 vk=0/0
2026-09-12 13:30:01 CYCLE 2026-09-12 13:30:01 :: tg=0/0 fb=0/0 vk=0/0
2026-09-12 13:35:01 CYCLE 2026-09-12 13:35:01 :: tg=0/0 fb=0/0 vk=0/0
2026-09-12 13:40:01 CYCLE 2026-09-12 13:40:01 :: tg=0/0 fb=0/0 vk=0/0
2026-09-12 13:45:01 CYCLE 2026-09-12 13:45:01 :: tg=0/0 fb=0/0 vk=0/0
2026-09-12 13:50:01 CYCLE 2026-09-12 13:50:01 :: tg=0/0 fb=0/0 vk=0/0
2026-09-12 13:55:01 CYCLE 2026-09-12 13:55:01 :: tg=0/0 fb=0/0 vk=0/0
2026-09-12 14:00:01 CYCLE 2026-09-12 14:00:01 :: tg=0/0 fb=0/0 vk=0/0
2026-09-12 14:05:01 CYCLE 2026-09-12 14:05:01 :: tg=0/0 fb=0/0 vk=0/0
2026-09-12 14:10:01 CYCLE 2026-09-12 14:10:01 :: tg=0/0 fb=0/0 vk=0/0
2026-09-12 14:15:01 CYCLE 2026-09-12 14:15:01 :: tg=0/0 fb=0/0 vk=0/0
2026-09-12 14:20:01 CYCLE 2026-09-12 14:20:01 :: tg=0/0 fb=0/0 vk=0/0
2026-09-12 14:25:01 CYCLE 2026-09-12 14:25:01 :: tg=0/0 fb=0/0 vk=0/0
2026-09-12 14:25:25 CYCLE 2026-09-12 14:25:25 :: tg=0/0 fb=0/0 vk=0/0
2026-09-12 14:30:01 CYCLE 2026-09-12 14:30:01 :: tg=0/0 fb=0/0 vk=0/0
2026-09-12 14:34:23 PENDING ig (no IG token - run ig/ig-ensure-token.ps1)
2026-09-12 14:34:23 CYCLE 2026-09-12 14:34:23 :: tg=0/0 fb=0/0 vk=0/0
2026-09-12 14:35:01 CYCLE 2026-09-12 14:35:01 :: tg=0/0 fb=0/0 vk=0/0
2026-09-12 14:40:01 CYCLE 2026-09-12 14:40:01 :: tg=0/0 fb=0/0 vk=0/0
2026-09-12 14:45:01 CYCLE 2026-09-12 14:45:01 :: tg=0/0 fb=0/0 vk=0/0
2026-09-12 14:50:01 CYCLE 2026-09-12 14:50:01 :: tg=0/0 fb=0/0 vk=0/0
2026-09-12 14:55:02 CYCLE 2026-09-12 14:55:02 :: tg=0/0 fb=0/0 vk=0/0
2026-09-12 15:00:02 CYCLE 2026-09-12 15:00:02 :: tg=0/0 fb=0/0 vk=0/0
2026-09-12 15:05:02 CYCLE 2026-09-12 15:05:02 :: tg=0/0 fb=0/0 vk=0/0
2026-09-12 15:10:02 CYCLE 2026-09-12 15:10:02 :: tg=0/0 fb=0/0 vk=0/0
2026-09-12 15:15:02 CYCLE 2026-09-12 15:15:02 :: tg=0/0 fb=0/0 vk=0/0
2026-09-12 15:20:02 CYCLE 2026-09-12 15:20:02 :: tg=0/0 fb=0/0 vk=0/0
2026-09-12 15:25:02 CYCLE 2026-09-12 15:25:02 :: tg=0/0 fb=0/0 vk=0/0
2026-09-12 15:30:02 CYCLE 2026-09-12 15:30:02 :: tg=0/0 fb=0/0 vk=0/0
2026-09-12 15:35:02 CYCLE 2026-09-12 15:35:02 :: tg=0/0 fb=0/0 vk=0/0
2026-09-12 15:40:02 CYCLE 2026-09-12 15:40:02 :: tg=0/0 fb=0/0 vk=0/0
2026-09-12 15:45:02 CYCLE 2026-09-12 15:45:02 :: tg=0/0 fb=0/0 vk=0/0
2026-09-12 15:50:02 CYCLE 2026-09-12 15:50:02 :: tg=0/0 fb=0/0 vk=0/0
2026-09-12 15:55:02 CYCLE 2026-09-12 15:55:02 :: tg=0/0 fb=0/0 vk=0/0
2026-09-12 16:00:02 CYCLE 2026-09-12 16:00:02 :: tg=0/0 fb=0/0 vk=0/0
2026-09-12 16:05:02 CYCLE 2026-09-12 16:05:02 :: tg=0/0 fb=0/0 vk=0/0
2026-09-12 16:10:02 CYCLE 2026-09-12 16:10:02 :: tg=0/0 fb=0/0 vk=0/0
2026-09-12 16:15:02 CYCLE 2026-09-12 16:15:02 :: tg=0/0 fb=0/0 vk=0/0
2026-09-12 16:20:02 CYCLE 2026-09-12 16:20:02 :: tg=0/0 fb=0/0 vk=0/0
2026-09-12 16:25:02 CYCLE 2026-09-12 16:25:02 :: tg=0/0 fb=0/0 vk=0/0
2026-09-12 16:30:02 CYCLE 2026-09-12 16:30:02 :: tg=0/0 fb=0/0 vk=0/0
2026-09-12 16:35:02 CYCLE 2026-09-12 16:35:02 :: tg=0/0 fb=0/0 vk=0/0
2026-09-12 16:40:02 CYCLE 2026-09-12 16:40:02 :: tg=0/0 fb=0/0 vk=0/0
2026-09-12 16:45:02 CYCLE 2026-09-12 16:45:02 :: tg=0/0 fb=0/0 vk=0/0
2026-09-12 16:50:02 CYCLE 2026-09-12 16:50:02 :: tg=0/0 fb=0/0 vk=0/0
2026-09-12 16:55:02 CYCLE 2026-09-12 16:55:02 :: tg=0/0 fb=0/0 vk=0/0
2026-09-12 17:00:02 CYCLE 2026-09-12 17:00:02 :: tg=0/0 fb=0/0 vk=0/0
2026-09-12 17:05:02 CYCLE 2026-09-12 17:05:02 :: tg=0/0 fb=0/0 vk=0/0
2026-09-12 17:10:02 CYCLE 2026-09-12 17:10:02 :: tg=0/0 fb=0/0 vk=0/0
2026-09-12 17:15:02 CYCLE 2026-09-12 17:15:02 :: tg=0/0 fb=0/0 vk=0/0
2026-09-12 17:20:02 CYCLE 2026-09-12 17:20:02 :: tg=0/0 fb=0/0 vk=0/0
2026-09-12 17:25:02 CYCLE 2026-09-12 17:25:02 :: tg=0/0 fb=0/0 vk=0/0
2026-09-12 17:30:02 CYCLE 2026-09-12 17:30:02 :: tg=0/0 fb=0/0 vk=0/0
2026-09-12 17:35:02 CYCLE 2026-09-12 17:35:02 :: tg=0/0 fb=0/0 vk=0/0
2026-09-12 17:40:02 CYCLE 2026-09-12 17:40:02 :: tg=0/0 fb=0/0 vk=0/0
2026-09-12 17:45:02 CYCLE 2026-09-12 17:45:02 :: tg=0/0 fb=0/0 vk=0/0
2026-09-12 17:50:02 CYCLE 2026-09-12 17:50:02 :: tg=0/0 fb=0/0 vk=0/0
2026-09-12 17:55:02 CYCLE 2026-09-12 17:55:02 :: tg=0/0 fb=0/0 vk=0/0
2026-09-12 18:00:02 CYCLE 2026-09-12 18:00:02 :: tg=0/0 fb=0/0 vk=0/0
2026-09-12 18:05:02 CYCLE 2026-09-12 18:05:02 :: tg=0/0 fb=0/0 vk=0/0
2026-09-12 18:10:02 CYCLE 2026-09-12 18:10:02 :: tg=0/0 fb=0/0 vk=0/0
2026-09-12 18:15:02 CYCLE 2026-09-12 18:15:02 :: tg=0/0 fb=0/0 vk=0/0
2026-09-12 18:20:02 CYCLE 2026-09-12 18:20:02 :: tg=0/0 fb=0/0 vk=0/0
2026-09-12 18:25:03 CYCLE 2026-09-12 18:25:03 :: tg=0/0 fb=0/0 vk=0/0
2026-09-12 18:30:03 CYCLE 2026-09-12 18:30:03 :: tg=0/0 fb=0/0 vk=0/0
2026-09-12 18:35:03 CYCLE 2026-09-12 18:35:03 :: tg=0/0 fb=0/0 vk=0/0
2026-09-12 18:40:03 CYCLE 2026-09-12 18:40:03 :: tg=0/0 fb=0/0 vk=0/0
2026-09-12 18:45:03 CYCLE 2026-09-12 18:45:03 :: tg=0/0 fb=0/0 vk=0/0
2026-09-12 18:50:03 CYCLE 2026-09-12 18:50:03 :: tg=0/0 fb=0/0 vk=0/0
2026-09-12 18:55:04 CYCLE 2026-09-12 18:55:04 :: tg=0/0 fb=0/0 vk=0/0
2026-09-12 19:00:04 CYCLE 2026-09-12 19:00:04 :: tg=0/0 fb=0/0 vk=0/0
2026-09-12 19:05:04 CYCLE 2026-09-12 19:05:04 :: tg=0/0 fb=0/0 vk=0/0
2026-09-12 19:10:04 CYCLE 2026-09-12 19:10:04 :: tg=0/0 fb=0/0 vk=0/0
2026-09-12 19:15:04 CYCLE 2026-09-12 19:15:04 :: tg=0/0 fb=0/0 vk=0/0
2026-09-12 19:20:04 CYCLE 2026-09-12 19:20:04 :: tg=0/0 fb=0/0 vk=0/0
2026-09-12 19:25:04 CYCLE 2026-09-12 19:25:04 :: tg=0/0 fb=0/0 vk=0/0
2026-09-12 19:30:05 CYCLE 2026-09-12 19:30:05 :: tg=0/0 fb=0/0 vk=0/0
2026-09-12 19:35:05 CYCLE 2026-09-12 19:35:05 :: tg=0/0 fb=0/0 vk=0/0
2026-09-12 19:40:05 CYCLE 2026-09-12 19:40:05 :: tg=0/0 fb=0/0 vk=0/0
2026-09-12 19:45:05 CYCLE 2026-09-12 19:45:05 :: tg=0/0 fb=0/0 vk=0/0
2026-09-12 19:50:05 CYCLE 2026-09-12 19:50:05 :: tg=0/0 fb=0/0 vk=0/0
2026-09-12 19:55:05 CYCLE 2026-09-12 19:55:05 :: tg=0/0 fb=0/0 vk=0/0
2026-09-12 20:00:05 CYCLE 2026-09-12 20:00:05 :: tg=0/0 fb=0/0 vk=0/0
2026-09-12 20:05:05 CYCLE 2026-09-12 20:05:05 :: tg=0/0 fb=0/0 vk=0/0
2026-09-12 20:10:05 CYCLE 2026-09-12 20:10:05 :: tg=0/0 fb=0/0 vk=0/0
2026-09-12 20:15:05 CYCLE 2026-09-12 20:15:05 :: tg=0/0 fb=0/0 vk=0/0
2026-09-12 20:20:05 CYCLE 2026-09-12 20:20:05 :: tg=0/0 fb=0/0 vk=0/0
2026-09-12 20:25:05 CYCLE 2026-09-12 20:25:05 :: tg=0/0 fb=0/0 vk=0/0
2026-09-12 20:30:05 CYCLE 2026-09-12 20:30:05 :: tg=0/0 fb=0/0 vk=0/0
2026-09-12 20:35:05 CYCLE 2026-09-12 20:35:05 :: tg=0/0 fb=0/0 vk=0/0
2026-09-12 20:40:05 CYCLE 2026-09-12 20:40:05 :: tg=0/0 fb=0/0 vk=0/0
2026-09-12 20:45:05 CYCLE 2026-09-12 20:45:05 :: tg=0/0 fb=0/0 vk=0/0
2026-09-12 20:50:05 CYCLE 2026-09-12 20:50:05 :: tg=0/0 fb=0/0 vk=0/0
2026-09-12 20:55:05 CYCLE 2026-09-12 20:55:05 :: tg=0/0 fb=0/0 vk=0/0
2026-09-12 21:00:05 CYCLE 2026-09-12 21:00:05 :: tg=0/0 fb=0/0 vk=0/0
2026-09-12 21:05:05 CYCLE 2026-09-12 21:05:05 :: tg=0/0 fb=0/0 vk=0/0
2026-09-12 21:10:05 CYCLE 2026-09-12 21:10:05 :: tg=0/0 fb=0/0 vk=0/0
2026-09-12 21:15:05 CYCLE 2026-09-12 21:15:05 :: tg=0/0 fb=0/0 vk=0/0
2026-09-12 21:20:05 CYCLE 2026-09-12 21:20:05 :: tg=0/0 fb=0/0 vk=0/0
2026-09-12 21:25:05 CYCLE 2026-09-12 21:25:05 :: tg=0/0 fb=0/0 vk=0/0
2026-09-12 21:30:05 CYCLE 2026-09-12 21:30:05 :: tg=0/0 fb=0/0 vk=0/0
2026-09-12 21:35:05 CYCLE 2026-09-12 21:35:05 :: tg=0/0 fb=0/0 vk=0/0
2026-09-12 21:40:05 CYCLE 2026-09-12 21:40:05 :: tg=0/0 fb=0/0 vk=0/0
2026-09-12 21:45:05 CYCLE 2026-09-12 21:45:05 :: tg=0/0 fb=0/0 vk=0/0
2026-09-12 21:50:05 CYCLE 2026-09-12 21:50:05 :: tg=0/0 fb=0/0 vk=0/0
2026-09-12 21:55:05 CYCLE 2026-09-12 21:55:05 :: tg=0/0 fb=0/0 vk=0/0
2026-09-12 22:00:05 CYCLE 2026-09-12 22:00:05 :: tg=0/0 fb=0/0 vk=0/0
2026-09-12 22:05:05 CYCLE 2026-09-12 22:05:05 :: tg=0/0 fb=0/0 vk=0/0
2026-09-12 22:10:06 CYCLE 2026-09-12 22:10:06 :: tg=0/0 fb=0/0 vk=0/0
2026-09-12 22:15:06 CYCLE 2026-09-12 22:15:06 :: tg=0/0 fb=0/0 vk=0/0
2026-09-12 22:20:06 CYCLE 2026-09-12 22:20:06 :: tg=0/0 fb=0/0 vk=0/0
2026-09-12 22:25:06 CYCLE 2026-09-12 22:25:06 :: tg=0/0 fb=0/0 vk=0/0
2026-09-12 22:30:06 CYCLE 2026-09-12 22:30:06 :: tg=0/0 fb=0/0 vk=0/0
2026-09-12 22:35:06 CYCLE 2026-09-12 22:35:06 :: tg=0/0 fb=0/0 vk=0/0
2026-09-12 22:40:06 CYCLE 2026-09-12 22:40:06 :: tg=0/0 fb=0/0 vk=0/0
2026-09-12 22:45:06 CYCLE 2026-09-12 22:45:06 :: tg=0/0 fb=0/0 vk=0/0
2026-09-12 22:50:06 CYCLE 2026-09-12 22:50:06 :: tg=0/0 fb=0/0 vk=0/0
2026-09-12 22:55:06 CYCLE 2026-09-12 22:55:06 :: tg=0/0 fb=0/0 vk=0/0
2026-09-12 23:00:06 CYCLE 2026-09-12 23:00:06 :: tg=0/0 fb=0/0 vk=0/0
2026-09-12 23:05:06 CYCLE 2026-09-12 23:05:06 :: tg=0/0 fb=0/0 vk=0/0
2026-09-12 23:10:06 CYCLE 2026-09-12 23:10:06 :: tg=0/0 fb=0/0 vk=0/0
2026-09-12 23:15:06 CYCLE 2026-09-12 23:15:06 :: tg=0/0 fb=0/0 vk=0/0
2026-09-12 23:20:06 CYCLE 2026-09-12 23:20:06 :: tg=0/0 fb=0/0 vk=0/0
2026-09-12 23:25:06 CYCLE 2026-09-12 23:25:06 :: tg=0/0 fb=0/0 vk=0/0
2026-09-12 23:30:06 CYCLE 2026-09-12 23:30:06 :: tg=0/0 fb=0/0 vk=0/0
2026-09-12 23:35:06 CYCLE 2026-09-12 23:35:06 :: tg=0/0 fb=0/0 vk=0/0
2026-09-12 23:40:06 CYCLE 2026-09-12 23:40:06 :: tg=0/0 fb=0/0 vk=0/0
2026-09-12 23:45:06 CYCLE 2026-09-12 23:45:06 :: tg=0/0 fb=0/0 vk=0/0
2026-09-12 23:50:06 CYCLE 2026-09-12 23:50:06 :: tg=0/0 fb=0/0 vk=0/0
2026-09-12 23:55:06 CYCLE 2026-09-12 23:55:06 :: tg=0/0 fb=0/0 vk=0/0
2026-09-13 00:00:06 CYCLE 2026-09-13 00:00:06 :: tg=0/0 fb=0/0 vk=0/0
2026-09-13 00:05:06 CYCLE 2026-09-13 00:05:06 :: tg=0/0 fb=0/0 vk=0/0
2026-09-13 00:10:06 CYCLE 2026-09-13 00:10:06 :: tg=0/0 fb=0/0 vk=0/0
2026-09-13 00:15:06 CYCLE 2026-09-13 00:15:06 :: tg=0/0 fb=0/0 vk=0/0
2026-09-13 00:20:06 CYCLE 2026-09-13 00:20:06 :: tg=0/0 fb=0/0 vk=0/0
2026-09-13 00:25:06 CYCLE 2026-09-13 00:25:06 :: tg=0/0 fb=0/0 vk=0/0
2026-09-13 00:30:06 CYCLE 2026-09-13 00:30:06 :: tg=0/0 fb=0/0 vk=0/0
2026-09-13 00:35:06 CYCLE 2026-09-13 00:35:06 :: tg=0/0 fb=0/0 vk=0/0
2026-09-13 00:40:06 CYCLE 2026-09-13 00:40:06 :: tg=0/0 fb=0/0 vk=0/0
2026-09-13 00:45:06 CYCLE 2026-09-13 00:45:06 :: tg=0/0 fb=0/0 vk=0/0
2026-09-13 00:50:06 CYCLE 2026-09-13 00:50:06 :: tg=0/0 fb=0/0 vk=0/0
2026-09-13 00:55:06 CYCLE 2026-09-13 00:55:06 :: tg=0/0 fb=0/0 vk=0/0
2026-09-13 00:55:27 PENDING ig (no IG token - run ig/ig-ensure-token.ps1)
2026-09-13 00:55:27 CYCLE 2026-09-13 00:55:27 :: tg=0/0 fb=0/0 vk=0/0
2026-09-13 01:00:27 PENDING ig (no IG token - run ig/ig-ensure-token.ps1)
2026-09-13 01:00:27 CYCLE 2026-09-13 01:00:27 :: tg=0/0 fb=0/0 vk=0/0
2026-09-13 01:05:27 PENDING ig (no IG token - run ig/ig-ensure-token.ps1)
2026-09-13 01:05:27 CYCLE 2026-09-13 01:05:27 :: tg=0/0 fb=0/0 vk=0/0
2026-09-13 01:10:27 PENDING ig (no IG token - run ig/ig-ensure-token.ps1)
2026-09-13 01:10:27 CYCLE 2026-09-13 01:10:27 :: tg=0/0 fb=0/0 vk=0/0
2026-09-13 01:15:27 PENDING ig (no IG token - run ig/ig-ensure-token.ps1)
2026-09-13 01:15:27 CYCLE 2026-09-13 01:15:27 :: tg=0/0 fb=0/0 vk=0/0
2026-09-13 01:20:27 PENDING ig (no IG token - run ig/ig-ensure-token.ps1)
2026-09-13 01:20:27 CYCLE 2026-09-13 01:20:27 :: tg=0/0 fb=0/0 vk=0/0
2026-09-13 01:25:27 PENDING ig (no IG token - run ig/ig-ensure-token.ps1)
2026-09-13 01:25:27 CYCLE 2026-09-13 01:25:27 :: tg=0/0 fb=0/0 vk=0/0
2026-09-13 01:30:27 PENDING ig (no IG token - run ig/ig-ensure-token.ps1)
2026-09-13 01:30:27 CYCLE 2026-09-13 01:30:27 :: tg=0/0 fb=0/0 vk=0/0
2026-09-13 01:35:27 PENDING ig (no IG token - run ig/ig-ensure-token.ps1)
2026-09-13 01:35:27 CYCLE 2026-09-13 01:35:27 :: tg=0/0 fb=0/0 vk=0/0
2026-09-13 01:40:27 PENDING ig (no IG token - run ig/ig-ensure-token.ps1)
2026-09-13 01:40:27 CYCLE 2026-09-13 01:40:27 :: tg=0/0 fb=0/0 vk=0/0
2026-09-13 01:45:27 PENDING ig (no IG token - run ig/ig-ensure-token.ps1)
2026-09-13 01:45:27 CYCLE 2026-09-13 01:45:27 :: tg=0/0 fb=0/0 vk=0/0
2026-09-13 01:50:27 PENDING ig (no IG token - run ig/ig-ensure-token.ps1)
2026-09-13 01:50:27 CYCLE 2026-09-13 01:50:27 :: tg=0/0 fb=0/0 vk=0/0
2026-09-13 01:55:27 PENDING ig (no IG token - run ig/ig-ensure-token.ps1)
2026-09-13 01:55:27 CYCLE 2026-09-13 01:55:27 :: tg=0/0 fb=0/0 vk=0/0
2026-09-13 02:00:27 PENDING ig (no IG token - run ig/ig-ensure-token.ps1)
2026-09-13 02:00:27 CYCLE 2026-09-13 02:00:27 :: tg=0/0 fb=0/0 vk=0/0
2026-09-13 02:05:27 PENDING ig (no IG token - run ig/ig-ensure-token.ps1)
2026-09-13 02:05:27 CYCLE 2026-09-13 02:05:27 :: tg=0/0 fb=0/0 vk=0/0
2026-09-13 02:10:27 PENDING ig (no IG token - run ig/ig-ensure-token.ps1)
2026-09-13 02:10:27 CYCLE 2026-09-13 02:10:27 :: tg=0/0 fb=0/0 vk=0/0
2026-09-13 02:15:27 PENDING ig (no IG token - run ig/ig-ensure-token.ps1)
2026-09-13 02:15:27 CYCLE 2026-09-13 02:15:27 :: tg=0/0 fb=0/0 vk=0/0
2026-09-13 02:20:27 PENDING ig (no IG token - run ig/ig-ensure-token.ps1)
2026-09-13 02:20:27 CYCLE 2026-09-13 02:20:27 :: tg=0/0 fb=0/0 vk=0/0
2026-09-13 02:25:27 PENDING ig (no IG token - run ig/ig-ensure-token.ps1)
2026-09-13 02:25:27 CYCLE 2026-09-13 02:25:27 :: tg=0/0 fb=0/0 vk=0/0
2026-09-13 02:30:27 PENDING ig (no IG token - run ig/ig-ensure-token.ps1)
2026-09-13 02:30:27 CYCLE 2026-09-13 02:30:27 :: tg=0/0 fb=0/0 vk=0/0
2026-09-13 02:35:27 PENDING ig (no IG token - run ig/ig-ensure-token.ps1)
2026-09-13 02:35:27 CYCLE 2026-09-13 02:35:27 :: tg=0/0 fb=0/0 vk=0/0
2026-09-13 02:40:27 PENDING ig (no IG token - run ig/ig-ensure-token.ps1)
2026-09-13 02:40:27 CYCLE 2026-09-13 02:40:27 :: tg=0/0 fb=0/0 vk=0/0
2026-09-13 02:45:27 PENDING ig (no IG token - run ig/ig-ensure-token.ps1)
2026-09-13 02:45:27 CYCLE 2026-09-13 02:45:27 :: tg=0/0 fb=0/0 vk=0/0
2026-09-13 02:50:27 PENDING ig (no IG token - run ig/ig-ensure-token.ps1)
2026-09-13 02:50:27 CYCLE 2026-09-13 02:50:27 :: tg=0/0 fb=0/0 vk=0/0
2026-09-13 02:55:27 PENDING ig (no IG token - run ig/ig-ensure-token.ps1)
2026-09-13 02:55:27 CYCLE 2026-09-13 02:55:27 :: tg=0/0 fb=0/0 vk=0/0
2026-09-13 03:00:27 PENDING ig (no IG token - run ig/ig-ensure-token.ps1)
2026-09-13 03:00:27 CYCLE 2026-09-13 03:00:27 :: tg=0/0 fb=0/0 vk=0/0
2026-09-13 03:05:27 PENDING ig (no IG token - run ig/ig-ensure-token.ps1)
2026-09-13 03:05:27 CYCLE 2026-09-13 03:05:27 :: tg=0/0 fb=0/0 vk=0/0
2026-09-13 03:10:27 PENDING ig (no IG token - run ig/ig-ensure-token.ps1)
2026-09-13 03:10:27 CYCLE 2026-09-13 03:10:27 :: tg=0/0 fb=0/0 vk=0/0
2026-09-13 03:15:27 PENDING ig (no IG token - run ig/ig-ensure-token.ps1)
2026-09-13 03:15:27 CYCLE 2026-09-13 03:15:27 :: tg=0/0 fb=0/0 vk=0/0
2026-09-13 03:20:27 PENDING ig (no IG token - run ig/ig-ensure-token.ps1)
2026-09-13 03:20:27 CYCLE 2026-09-13 03:20:27 :: tg=0/0 fb=0/0 vk=0/0
2026-09-13 03:25:27 PENDING ig (no IG token - run ig/ig-ensure-token.ps1)
2026-09-13 03:25:27 CYCLE 2026-09-13 03:25:27 :: tg=0/0 fb=0/0 vk=0/0
2026-09-13 03:30:27 PENDING ig (no IG token - run ig/ig-ensure-token.ps1)
2026-09-13 03:30:27 CYCLE 2026-09-13 03:30:27 :: tg=0/0 fb=0/0 vk=0/0
2026-09-13 03:35:27 PENDING ig (no IG token - run ig/ig-ensure-token.ps1)
2026-09-13 03:35:27 CYCLE 2026-09-13 03:35:27 :: tg=0/0 fb=0/0 vk=0/0
2026-09-13 03:40:27 PENDING ig (no IG token - run ig/ig-ensure-token.ps1)
2026-09-13 03:40:27 CYCLE 2026-09-13 03:40:27 :: tg=0/0 fb=0/0 vk=0/0
2026-09-13 03:45:27 PENDING ig (no IG token - run ig/ig-ensure-token.ps1)
2026-09-13 03:45:27 CYCLE 2026-09-13 03:45:27 :: tg=0/0 fb=0/0 vk=0/0
2026-09-13 03:50:28 PENDING ig (no IG token - run ig/ig-ensure-token.ps1)
2026-09-13 03:50:28 CYCLE 2026-09-13 03:50:28 :: tg=0/0 fb=0/0 vk=0/0
2026-09-13 03:55:28 PENDING ig (no IG token - run ig/ig-ensure-token.ps1)
2026-09-13 03:55:28 CYCLE 2026-09-13 03:55:28 :: tg=0/0 fb=0/0 vk=0/0
2026-09-13 04:00:28 PENDING ig (no IG token - run ig/ig-ensure-token.ps1)
2026-09-13 04:00:28 CYCLE 2026-09-13 04:00:28 :: tg=0/0 fb=0/0 vk=0/0
2026-09-13 04:05:28 PENDING ig (no IG token - run ig/ig-ensure-token.ps1)
2026-09-13 04:05:28 CYCLE 2026-09-13 04:05:28 :: tg=0/0 fb=0/0 vk=0/0
2026-09-13 04:10:28 PENDING ig (no IG token - run ig/ig-ensure-token.ps1)
2026-09-13 04:10:28 CYCLE 2026-09-13 04:10:28 :: tg=0/0 fb=0/0 vk=0/0
2026-09-13 04:15:28 PENDING ig (no IG token - run ig/ig-ensure-token.ps1)
2026-09-13 04:15:28 CYCLE 2026-09-13 04:15:28 :: tg=0/0 fb=0/0 vk=0/0
2026-09-13 04:20:28 PENDING ig (no IG token - run ig/ig-ensure-token.ps1)
2026-09-13 04:20:28 CYCLE 2026-09-13 04:20:28 :: tg=0/0 fb=0/0 vk=0/0
2026-09-13 04:25:28 PENDING ig (no IG token - run ig/ig-ensure-token.ps1)
2026-09-13 04:25:28 CYCLE 2026-09-13 04:25:28 :: tg=0/0 fb=0/0 vk=0/0
2026-09-13 04:30:28 PENDING ig (no IG token - run ig/ig-ensure-token.ps1)
2026-09-13 04:30:28 CYCLE 2026-09-13 04:30:28 :: tg=0/0 fb=0/0 vk=0/0
2026-09-13 04:35:28 PENDING ig (no IG token - run ig/ig-ensure-token.ps1)
2026-09-13 04:35:28 CYCLE 2026-09-13 04:35:28 :: tg=0/0 fb=0/0 vk=0/0
2026-09-13 04:40:28 PENDING ig (no IG token - run ig/ig-ensure-token.ps1)
2026-09-13 04:40:28 CYCLE 2026-09-13 04:40:28 :: tg=0/0 fb=0/0 vk=0/0
2026-09-13 04:45:28 PENDING ig (no IG token - run ig/ig-ensure-token.ps1)
2026-09-13 04:45:28 CYCLE 2026-09-13 04:45:28 :: tg=0/0 fb=0/0 vk=0/0
2026-09-13 04:50:28 PENDING ig (no IG token - run ig/ig-ensure-token.ps1)
2026-09-13 04:50:28 CYCLE 2026-09-13 04:50:28 :: tg=0/0 fb=0/0 vk=0/0
2026-09-13 04:55:28 PENDING ig (no IG token - run ig/ig-ensure-token.ps1)
2026-09-13 04:55:28 CYCLE 2026-09-13 04:55:28 :: tg=0/0 fb=0/0 vk=0/0
2026-09-13 05:00:28 PENDING ig (no IG token - run ig/ig-ensure-token.ps1)
2026-09-13 05:00:28 CYCLE 2026-09-13 05:00:28 :: tg=0/0 fb=0/0 vk=0/0
2026-09-13 05:05:28 PENDING ig (no IG token - run ig/ig-ensure-token.ps1)
2026-09-13 05:05:28 CYCLE 2026-09-13 05:05:28 :: tg=0/0 fb=0/0 vk=0/0
2026-09-13 05:10:28 PENDING ig (no IG token - run ig/ig-ensure-token.ps1)
2026-09-13 05:10:28 CYCLE 2026-09-13 05:10:28 :: tg=0/0 fb=0/0 vk=0/0
2026-09-13 05:15:28 PENDING ig (no IG token - run ig/ig-ensure-token.ps1)
2026-09-13 05:15:28 CYCLE 2026-09-13 05:15:28 :: tg=0/0 fb=0/0 vk=0/0
2026-09-13 05:20:28 PENDING ig (no IG token - run ig/ig-ensure-token.ps1)
2026-09-13 05:20:28 CYCLE 2026-09-13 05:20:28 :: tg=0/0 fb=0/0 vk=0/0
2026-09-13 05:25:28 PENDING ig (no IG token - run ig/ig-ensure-token.ps1)
2026-09-13 05:25:28 CYCLE 2026-09-13 05:25:28 :: tg=0/0 fb=0/0 vk=0/0
2026-09-13 05:30:28 PENDING ig (no IG token - run ig/ig-ensure-token.ps1)
2026-09-13 05:30:28 CYCLE 2026-09-13 05:30:28 :: tg=0/0 fb=0/0 vk=0/0
2026-09-13 05:35:28 PENDING ig (no IG token - run ig/ig-ensure-token.ps1)
2026-09-13 05:35:28 CYCLE 2026-09-13 05:35:28 :: tg=0/0 fb=0/0 vk=0/0
2026-09-13 05:40:28 PENDING ig (no IG token - run ig/ig-ensure-token.ps1)
2026-09-13 05:40:28 CYCLE 2026-09-13 05:40:28 :: tg=0/0 fb=0/0 vk=0/0
2026-09-13 05:45:28 PENDING ig (no IG token - run ig/ig-ensure-token.ps1)
2026-09-13 05:45:28 CYCLE 2026-09-13 05:45:28 :: tg=0/0 fb=0/0 vk=0/0
2026-09-13 05:50:28 PENDING ig (no IG token - run ig/ig-ensure-token.ps1)
2026-09-13 05:50:28 CYCLE 2026-09-13 05:50:28 :: tg=0/0 fb=0/0 vk=0/0
2026-09-13 05:55:28 PENDING ig (no IG token - run ig/ig-ensure-token.ps1)
2026-09-13 05:55:28 CYCLE 2026-09-13 05:55:28 :: tg=0/0 fb=0/0 vk=0/0
2026-09-13 06:00:28 PENDING ig (no IG token - run ig/ig-ensure-token.ps1)
2026-09-13 06:00:28 CYCLE 2026-09-13 06:00:28 :: tg=0/0 fb=0/0 vk=0/0
2026-09-13 06:05:28 PENDING ig (no IG token - run ig/ig-ensure-token.ps1)
2026-09-13 06:05:28 CYCLE 2026-09-13 06:05:28 :: tg=0/0 fb=0/0 vk=0/0
2026-09-13 06:10:28 PENDING ig (no IG token - run ig/ig-ensure-token.ps1)
2026-09-13 06:10:28 CYCLE 2026-09-13 06:10:28 :: tg=0/0 fb=0/0 vk=0/0
2026-09-13 06:15:28 PENDING ig (no IG token - run ig/ig-ensure-token.ps1)
2026-09-13 06:15:28 CYCLE 2026-09-13 06:15:28 :: tg=0/0 fb=0/0 vk=0/0
2026-09-13 06:20:28 PENDING ig (no IG token - run ig/ig-ensure-token.ps1)
2026-09-13 06:20:28 CYCLE 2026-09-13 06:20:28 :: tg=0/0 fb=0/0 vk=0/0
2026-09-13 06:25:28 PENDING ig (no IG token - run ig/ig-ensure-token.ps1)
2026-09-13 06:25:28 CYCLE 2026-09-13 06:25:28 :: tg=0/0 fb=0/0 vk=0/0
2026-09-13 06:30:28 PENDING ig (no IG token - run ig/ig-ensure-token.ps1)
2026-09-13 06:30:28 CYCLE 2026-09-13 06:30:28 :: tg=0/0 fb=0/0 vk=0/0
2026-09-13 06:35:28 PENDING ig (no IG token - run ig/ig-ensure-token.ps1)
2026-09-13 06:35:28 CYCLE 2026-09-13 06:35:28 :: tg=0/0 fb=0/0 vk=0/0
2026-09-13 06:40:28 PENDING ig (no IG token - run ig/ig-ensure-token.ps1)
2026-09-13 06:40:28 CYCLE 2026-09-13 06:40:28 :: tg=0/0 fb=0/0 vk=0/0
2026-09-13 06:45:28 PENDING ig (no IG token - run ig/ig-ensure-token.ps1)
2026-09-13 06:45:28 CYCLE 2026-09-13 06:45:28 :: tg=0/0 fb=0/0 vk=0/0
2026-09-13 06:50:28 PENDING ig (no IG token - run ig/ig-ensure-token.ps1)
2026-09-13 06:50:28 CYCLE 2026-09-13 06:50:28 :: tg=0/0 fb=0/0 vk=0/0
2026-09-13 06:55:28 PENDING ig (no IG token - run ig/ig-ensure-token.ps1)
2026-09-13 06:55:28 CYCLE 2026-09-13 06:55:28 :: tg=0/0 fb=0/0 vk=0/0
2026-09-13 07:00:28 PENDING ig (no IG token - run ig/ig-ensure-token.ps1)
2026-09-13 07:00:28 CYCLE 2026-09-13 07:00:28 :: tg=0/0 fb=0/0 vk=0/0
2026-09-13 07:05:28 PENDING ig (no IG token - run ig/ig-ensure-token.ps1)
2026-09-13 07:05:28 CYCLE 2026-09-13 07:05:28 :: tg=0/0 fb=0/0 vk=0/0
2026-09-13 07:10:28 PENDING ig (no IG token - run ig/ig-ensure-token.ps1)
2026-09-13 07:10:28 CYCLE 2026-09-13 07:10:28 :: tg=0/0 fb=0/0 vk=0/0
2026-09-13 07:15:28 PENDING ig (no IG token - run ig/ig-ensure-token.ps1)
2026-09-13 07:15:29 CYCLE 2026-09-13 07:15:29 :: tg=0/0 fb=0/0 vk=0/0
2026-09-13 07:20:29 PENDING ig (no IG token - run ig/ig-ensure-token.ps1)
2026-09-13 07:20:29 CYCLE 2026-09-13 07:20:29 :: tg=0/0 fb=0/0 vk=0/0
2026-09-13 07:25:29 PENDING ig (no IG token - run ig/ig-ensure-token.ps1)
2026-09-13 07:25:29 CYCLE 2026-09-13 07:25:29 :: tg=0/0 fb=0/0 vk=0/0
2026-09-13 07:30:29 PENDING ig (no IG token - run ig/ig-ensure-token.ps1)
2026-09-13 07:30:29 CYCLE 2026-09-13 07:30:29 :: tg=0/0 fb=0/0 vk=0/0
2026-09-13 07:35:29 PENDING ig (no IG token - run ig/ig-ensure-token.ps1)
2026-09-13 07:35:29 CYCLE 2026-09-13 07:35:29 :: tg=0/0 fb=0/0 vk=0/0
2026-09-13 07:40:29 PENDING ig (no IG token - run ig/ig-ensure-token.ps1)
2026-09-13 07:40:29 CYCLE 2026-09-13 07:40:29 :: tg=0/0 fb=0/0 vk=0/0
2026-09-13 07:45:29 PENDING ig (no IG token - run ig/ig-ensure-token.ps1)
2026-09-13 07:45:29 CYCLE 2026-09-13 07:45:29 :: tg=0/0 fb=0/0 vk=0/0
2026-09-13 07:50:29 PENDING ig (no IG token - run ig/ig-ensure-token.ps1)
2026-09-13 07:50:29 CYCLE 2026-09-13 07:50:29 :: tg=0/0 fb=0/0 vk=0/0
2026-09-13 07:55:29 PENDING ig (no IG token - run ig/ig-ensure-token.ps1)
2026-09-13 07:55:29 CYCLE 2026-09-13 07:55:29 :: tg=0/0 fb=0/0 vk=0/0
2026-09-13 08:00:29 PENDING ig (no IG token - run ig/ig-ensure-token.ps1)
2026-09-13 08:00:29 CYCLE 2026-09-13 08:00:29 :: tg=0/0 fb=0/0 vk=0/0
2026-09-13 08:05:29 PENDING ig (no IG token - run ig/ig-ensure-token.ps1)
2026-09-13 08:05:29 CYCLE 2026-09-13 08:05:29 :: tg=0/0 fb=0/0 vk=0/0
2026-09-13 08:10:29 PENDING ig (no IG token - run ig/ig-ensure-token.ps1)
2026-09-13 08:10:29 CYCLE 2026-09-13 08:10:29 :: tg=0/0 fb=0/0 vk=0/0
2026-09-13 08:15:29 PENDING ig (no IG token - run ig/ig-ensure-token.ps1)
2026-09-13 08:15:29 CYCLE 2026-09-13 08:15:29 :: tg=0/0 fb=0/0 vk=0/0
2026-09-13 08:20:29 PENDING ig (no IG token - run ig/ig-ensure-token.ps1)
2026-09-13 08:20:29 CYCLE 2026-09-13 08:20:29 :: tg=0/0 fb=0/0 vk=0/0
2026-09-13 08:25:29 PENDING ig (no IG token - run ig/ig-ensure-token.ps1)
2026-09-13 08:25:29 CYCLE 2026-09-13 08:25:29 :: tg=0/0 fb=0/0 vk=0/0
2026-09-13 08:30:29 PENDING ig (no IG token - run ig/ig-ensure-token.ps1)
2026-09-13 08:30:29 CYCLE 2026-09-13 08:30:29 :: tg=0/0 fb=0/0 vk=0/0
2026-09-13 08:35:29 PENDING ig (no IG token - run ig/ig-ensure-token.ps1)
2026-09-13 08:35:29 CYCLE 2026-09-13 08:35:29 :: tg=0/0 fb=0/0 vk=0/0
2026-09-13 08:40:29 PENDING ig (no IG token - run ig/ig-ensure-token.ps1)
2026-09-13 08:40:29 CYCLE 2026-09-13 08:40:29 :: tg=0/0 fb=0/0 vk=0/0
2026-09-13 08:45:29 PENDING ig (no IG token - run ig/ig-ensure-token.ps1)
2026-09-13 08:45:29 CYCLE 2026-09-13 08:45:29 :: tg=0/0 fb=0/0 vk=0/0
2026-09-13 08:50:29 PENDING ig (no IG token - run ig/ig-ensure-token.ps1)
2026-09-13 08:50:29 CYCLE 2026-09-13 08:50:29 :: tg=0/0 fb=0/0 vk=0/0
2026-09-13 08:55:29 PENDING ig (no IG token - run ig/ig-ensure-token.ps1)
2026-09-13 08:55:29 CYCLE 2026-09-13 08:55:29 :: tg=0/0 fb=0/0 vk=0/0
2026-09-13 09:00:29 PENDING ig (no IG token - run ig/ig-ensure-token.ps1)
2026-09-13 09:00:29 CYCLE 2026-09-13 09:00:29 :: tg=0/0 fb=0/0 vk=0/0
2026-09-13 09:05:29 PENDING ig (no IG token - run ig/ig-ensure-token.ps1)
2026-09-13 09:05:29 CYCLE 2026-09-13 09:05:29 :: tg=0/0 fb=0/0 vk=0/0
2026-09-13 09:10:29 PENDING ig (no IG token - run ig/ig-ensure-token.ps1)
2026-09-13 09:10:29 CYCLE 2026-09-13 09:10:29 :: tg=0/0 fb=0/0 vk=0/0
2026-09-13 09:15:29 PENDING ig (no IG token - run ig/ig-ensure-token.ps1)
2026-09-13 09:15:29 CYCLE 2026-09-13 09:15:29 :: tg=0/0 fb=0/0 vk=0/0
2026-09-13 09:20:29 PENDING ig (no IG token - run ig/ig-ensure-token.ps1)
2026-09-13 09:20:29 CYCLE 2026-09-13 09:20:29 :: tg=0/0 fb=0/0 vk=0/0
2026-09-13 09:25:29 PENDING ig (no IG token - run ig/ig-ensure-token.ps1)
2026-09-13 09:25:29 CYCLE 2026-09-13 09:25:29 :: tg=0/0 fb=0/0 vk=0/0
2026-09-13 09:30:29 PENDING ig (no IG token - run ig/ig-ensure-token.ps1)
2026-09-13 09:30:29 CYCLE 2026-09-13 09:30:29 :: tg=0/0 fb=0/0 vk=0/0
2026-09-13 09:35:29 PENDING ig (no IG token - run ig/ig-ensure-token.ps1)
2026-09-13 09:35:29 CYCLE 2026-09-13 09:35:29 :: tg=0/0 fb=0/0 vk=0/0
2026-09-13 09:40:29 PENDING ig (no IG token - run ig/ig-ensure-token.ps1)
2026-09-13 09:40:29 CYCLE 2026-09-13 09:40:29 :: tg=0/0 fb=0/0 vk=0/0
2026-09-13 09:45:29 PENDING ig (no IG token - run ig/ig-ensure-token.ps1)
2026-09-13 09:45:29 CYCLE 2026-09-13 09:45:29 :: tg=0/0 fb=0/0 vk=0/0
2026-09-13 09:50:29 PENDING ig (no IG token - run ig/ig-ensure-token.ps1)
2026-09-13 09:50:29 CYCLE 2026-09-13 09:50:29 :: tg=0/0 fb=0/0 vk=0/0
2026-09-13 09:55:29 PENDING ig (no IG token - run ig/ig-ensure-token.ps1)
2026-09-13 09:55:29 CYCLE 2026-09-13 09:55:29 :: tg=0/0 fb=0/0 vk=0/0
2026-09-13 10:00:29 PENDING ig (no IG token - run ig/ig-ensure-token.ps1)
2026-09-13 10:00:29 CYCLE 2026-09-13 10:00:29 :: tg=0/0 fb=0/0 vk=0/0
2026-09-13 10:05:29 PENDING ig (no IG token - run ig/ig-ensure-token.ps1)
2026-09-13 10:05:29 CYCLE 2026-09-13 10:05:29 :: tg=0/0 fb=0/0 vk=0/0
2026-09-13 10:10:29 PENDING ig (no IG token - run ig/ig-ensure-token.ps1)
2026-09-13 10:10:29 CYCLE 2026-09-13 10:10:29 :: tg=0/0 fb=0/0 vk=0/0
2026-09-13 10:15:29 PENDING ig (no IG token - run ig/ig-ensure-token.ps1)
2026-09-13 10:15:29 CYCLE 2026-09-13 10:15:29 :: tg=0/0 fb=0/0 vk=0/0
2026-09-13 10:20:29 PENDING ig (no IG token - run ig/ig-ensure-token.ps1)
2026-09-13 10:20:29 CYCLE 2026-09-13 10:20:29 :: tg=0/0 fb=0/0 vk=0/0
2026-09-13 10:25:29 PENDING ig (no IG token - run ig/ig-ensure-token.ps1)
2026-09-13 10:25:29 CYCLE 2026-09-13 10:25:29 :: tg=0/0 fb=0/0 vk=0/0
2026-09-13 10:30:29 PENDING ig (no IG token - run ig/ig-ensure-token.ps1)
2026-09-13 10:30:29 CYCLE 2026-09-13 10:30:29 :: tg=0/0 fb=0/0 vk=0/0
2026-09-13 10:35:29 PENDING ig (no IG token - run ig/ig-ensure-token.ps1)
2026-09-13 10:35:29 CYCLE 2026-09-13 10:35:29 :: tg=0/0 fb=0/0 vk=0/0
2026-09-13 10:40:30 PENDING ig (no IG token - run ig/ig-ensure-token.ps1)
2026-09-13 10:40:30 CYCLE 2026-09-13 10:40:30 :: tg=0/0 fb=0/0 vk=0/0
2026-09-13 10:45:30 PENDING ig (no IG token - run ig/ig-ensure-token.ps1)
2026-09-13 10:45:30 CYCLE 2026-09-13 10:45:30 :: tg=0/0 fb=0/0 vk=0/0
2026-09-13 10:50:30 PENDING ig (no IG token - run ig/ig-ensure-token.ps1)
2026-09-13 10:50:30 CYCLE 2026-09-13 10:50:30 :: tg=0/0 fb=0/0 vk=0/0
2026-09-13 10:55:30 PENDING ig (no IG token - run ig/ig-ensure-token.ps1)
2026-09-13 10:55:30 CYCLE 2026-09-13 10:55:30 :: tg=0/0 fb=0/0 vk=0/0
2026-09-13 11:00:30 PENDING ig (no IG token - run ig/ig-ensure-token.ps1)
2026-09-13 11:00:30 CYCLE 2026-09-13 11:00:30 :: tg=0/0 fb=0/0 vk=0/0
2026-09-13 11:05:30 PENDING ig (no IG token - run ig/ig-ensure-token.ps1)
2026-09-13 11:05:30 CYCLE 2026-09-13 11:05:30 :: tg=0/0 fb=0/0 vk=0/0
2026-09-13 11:10:30 PENDING ig (no IG token - run ig/ig-ensure-token.ps1)
2026-09-13 11:10:30 CYCLE 2026-09-13 11:10:30 :: tg=0/0 fb=0/0 vk=0/0
2026-09-13 11:15:30 PENDING ig (no IG token - run ig/ig-ensure-token.ps1)
2026-09-13 11:15:30 CYCLE 2026-09-13 11:15:30 :: tg=0/0 fb=0/0 vk=0/0
2026-09-13 11:20:30 PENDING ig (no IG token - run ig/ig-ensure-token.ps1)
2026-09-13 11:20:30 CYCLE 2026-09-13 11:20:30 :: tg=0/0 fb=0/0 vk=0/0
2026-09-13 11:25:30 PENDING ig (no IG token - run ig/ig-ensure-token.ps1)
2026-09-13 11:25:30 CYCLE 2026-09-13 11:25:30 :: tg=0/0 fb=0/0 vk=0/0
2026-09-13 11:30:30 PENDING ig (no IG token - run ig/ig-ensure-token.ps1)
2026-09-13 11:30:30 CYCLE 2026-09-13 11:30:30 :: tg=0/0 fb=0/0 vk=0/0
2026-09-13 11:35:30 PENDING ig (no IG token - run ig/ig-ensure-token.ps1)
2026-09-13 11:35:30 CYCLE 2026-09-13 11:35:30 :: tg=0/0 fb=0/0 vk=0/0
2026-09-13 11:40:30 PENDING ig (no IG token - run ig/ig-ensure-token.ps1)
2026-09-13 11:40:30 CYCLE 2026-09-13 11:40:30 :: tg=0/0 fb=0/0 vk=0/0
2026-09-13 11:45:30 PENDING ig (no IG token - run ig/ig-ensure-token.ps1)
2026-09-13 11:45:30 CYCLE 2026-09-13 11:45:30 :: tg=0/0 fb=0/0 vk=0/0
2026-09-13 11:50:30 PENDING ig (no IG token - run ig/ig-ensure-token.ps1)
2026-09-13 11:50:30 CYCLE 2026-09-13 11:50:30 :: tg=0/0 fb=0/0 vk=0/0
2026-09-13 11:55:30 PENDING ig (no IG token - run ig/ig-ensure-token.ps1)
2026-09-13 11:55:30 CYCLE 2026-09-13 11:55:30 :: tg=0/0 fb=0/0 vk=0/0
2026-09-13 12:00:33 FAIL fb golos-banka-2026-09-13 :: PUBLISH golos-banka-2026-09-13 ...
FAIL golos-banka-2026-09-13 -> PAGE=319271621473482
FB_FAIL {"error":{"message":"(#100) 0 does not resolve to a valid user ID","type":"OAuthException","code":100,"fbtrace_id":"AP0_dq-0omeu2ueP_wVUofM"}}
DONE ok=0 skip=0 fail=1
2026-09-13 12:00:38 FAIL vk golos-banka-2026-09-13 :: PUBLISH golos-banka-2026-09-13 ...
OK golos-banka-2026-09-13 -> 3827
DONE ok=1 skip=0 fail=0
2026-09-13 12:00:40 PENDING ig (no IG token - run ig/ig-ensure-token.ps1)
2026-09-13 12:00:40 CYCLE 2026-09-13 12:00:40 :: tg=0/0 fb=0/1 vk=0/1
2026-09-13 12:05:43 FAIL fb golos-banka-2026-09-13 :: PUBLISH golos-banka-2026-09-13 ...
FAIL golos-banka-2026-09-13 -> PAGE=319271621473482
FB_FAIL {"error":{"message":"(#100) 0 does not resolve to a valid user ID","type":"OAuthException","code":100,"fbtrace_id":"Ad5s67Luy335QXyAF3kWLR0"}}
DONE ok=0 skip=0 fail=1
2026-09-13 12:05:45 PENDING ig (no IG token - run ig/ig-ensure-token.ps1)
2026-09-13 12:05:45 CYCLE 2026-09-13 12:05:45 :: tg=0/0 fb=0/1 vk=0/0
2026-09-13 12:10:48 FAIL fb golos-banka-2026-09-13 :: PUBLISH golos-banka-2026-09-13 ...
FAIL golos-banka-2026-09-13 -> PAGE=319271621473482
FB_FAIL {"error":{"message":"(#100) 0 does not resolve to a valid user ID","type":"OAuthException","code":100,"fbtrace_id":"AhxWVKqsaK-0c4SyU_d1nF5"}}
DONE ok=0 skip=0 fail=1
2026-09-13 12:10:50 PENDING ig (no IG token - run ig/ig-ensure-token.ps1)
2026-09-13 12:10:50 CYCLE 2026-09-13 12:10:50 :: tg=0/0 fb=0/1 vk=0/0
2026-09-13 12:15:52 FAIL fb golos-banka-2026-09-13 :: PUBLISH golos-banka-2026-09-13 ...
FAIL golos-banka-2026-09-13 -> PAGE=319271621473482
FB_FAIL {"error":{"message":"(#100) 0 does not resolve to a valid user ID","type":"OAuthException","code":100,"fbtrace_id":"AVkfl5q09zPgGSNNj2_WGI1"}}
DONE ok=0 skip=0 fail=1
2026-09-13 12:15:54 PENDING ig (no IG token - run ig/ig-ensure-token.ps1)
2026-09-13 12:15:54 CYCLE 2026-09-13 12:15:54 :: tg=0/0 fb=0/1 vk=0/0
2026-09-13 12:20:57 FAIL fb golos-banka-2026-09-13 :: PUBLISH golos-banka-2026-09-13 ...
FAIL golos-banka-2026-09-13 -> PAGE=319271621473482
FB_FAIL {"error":{"message":"(#100) 0 does not resolve to a valid user ID","type":"OAuthException","code":100,"fbtrace_id":"AaXWOMIuywHGiRg4MnqN50f"}}
DONE ok=0 skip=0 fail=1
2026-09-13 12:20:59 PENDING ig (no IG token - run ig/ig-ensure-token.ps1)
2026-09-13 12:20:59 CYCLE 2026-09-13 12:20:59 :: tg=0/0 fb=0/1 vk=0/0
2026-09-13 12:26:01 FAIL fb golos-banka-2026-09-13 :: PUBLISH golos-banka-2026-09-13 ...
FAIL golos-banka-2026-09-13 -> PAGE=319271621473482
FB_FAIL {"error":{"message":"(#100) 0 does not resolve to a valid user ID","type":"OAuthException","code":100,"fbtrace_id":"AFl_ooNTEMWQahPLakHKRZI"}}
DONE ok=0 skip=0 fail=1
2026-09-13 12:26:03 PENDING ig (no IG token - run ig/ig-ensure-token.ps1)
2026-09-13 12:26:03 CYCLE 2026-09-13 12:26:03 :: tg=0/0 fb=0/1 vk=0/0
2026-09-13 12:31:06 FAIL fb golos-banka-2026-09-13 :: PUBLISH golos-banka-2026-09-13 ...
FAIL golos-banka-2026-09-13 -> PAGE=319271621473482
FB_FAIL {"error":{"message":"(#100) 0 does not resolve to a valid user ID","type":"OAuthException","code":100,"fbtrace_id":"AU0HqkTTmOwkM1HFYKtkCGO"}}
DONE ok=0 skip=0 fail=1
2026-09-13 12:31:08 PENDING ig (no IG token - run ig/ig-ensure-token.ps1)
2026-09-13 12:31:08 CYCLE 2026-09-13 12:31:08 :: tg=0/0 fb=0/1 vk=0/0
2026-09-13 12:36:11 FAIL fb golos-banka-2026-09-13 :: PUBLISH golos-banka-2026-09-13 ...
FAIL golos-banka-2026-09-13 -> PAGE=319271621473482
FB_FAIL {"error":{"message":"(#100) 0 does not resolve to a valid user ID","type":"OAuthException","code":100,"fbtrace_id":"A8VdpG4RgGmi4Dg8Rxs14Cv"}}
DONE ok=0 skip=0 fail=1
2026-09-13 12:36:13 PENDING ig (no IG token - run ig/ig-ensure-token.ps1)
2026-09-13 12:36:13 CYCLE 2026-09-13 12:36:13 :: tg=0/0 fb=0/1 vk=0/0
2026-09-13 12:41:16 FAIL fb golos-banka-2026-09-13 :: PUBLISH golos-banka-2026-09-13 ...
FAIL golos-banka-2026-09-13 -> PAGE=319271621473482
FB_FAIL {"error":{"message":"(#100) 0 does not resolve to a valid user ID","type":"OAuthException","code":100,"fbtrace_id":"AKo-Eatt1ii9oP7n4qtHc7I"}}
DONE ok=0 skip=0 fail=1
2026-09-13 12:41:18 PENDING ig (no IG token - run ig/ig-ensure-token.ps1)
2026-09-13 12:41:18 CYCLE 2026-09-13 12:41:18 :: tg=0/0 fb=0/1 vk=0/0
2026-09-13 12:46:21 FAIL fb golos-banka-2026-09-13 :: PUBLISH golos-banka-2026-09-13 ...
FAIL golos-banka-2026-09-13 -> PAGE=319271621473482
FB_FAIL {"error":{"message":"(#100) 0 does not resolve to a valid user ID","type":"OAuthException","code":100,"fbtrace_id":"A0wCtoZKuyBfyRs0vwCn2T_"}}
DONE ok=0 skip=0 fail=1
2026-09-13 12:46:23 PENDING ig (no IG token - run ig/ig-ensure-token.ps1)
2026-09-13 12:46:23 CYCLE 2026-09-13 12:46:23 :: tg=0/0 fb=0/1 vk=0/0
2026-09-13 12:51:25 FAIL fb golos-banka-2026-09-13 :: PUBLISH golos-banka-2026-09-13 ...
FAIL golos-banka-2026-09-13 -> PAGE=319271621473482
FB_FAIL {"error":{"message":"(#100) 0 does not resolve to a valid user ID","type":"OAuthException","code":100,"fbtrace_id":"Ab9KOmqpMgGL-m_z8CFsB-D"}}
DONE ok=0 skip=0 fail=1
2026-09-13 12:51:27 PENDING ig (no IG token - run ig/ig-ensure-token.ps1)
2026-09-13 12:51:27 CYCLE 2026-09-13 12:51:27 :: tg=0/0 fb=0/1 vk=0/0
2026-09-13 12:56:30 FAIL fb golos-banka-2026-09-13 :: PUBLISH golos-banka-2026-09-13 ...
FAIL golos-banka-2026-09-13 -> PAGE=319271621473482
FB_FAIL {"error":{"message":"(#100) 0 does not resolve to a valid user ID","type":"OAuthException","code":100,"fbtrace_id":"AdtN4Rhhj8KGYOPmAX2ix6c"}}
DONE ok=0 skip=0 fail=1
2026-09-13 12:56:32 PENDING ig (no IG token - run ig/ig-ensure-token.ps1)
2026-09-13 12:56:32 CYCLE 2026-09-13 12:56:32 :: tg=0/0 fb=0/1 vk=0/0
2026-09-13 13:01:34 FAIL fb golos-banka-2026-09-13 :: PUBLISH golos-banka-2026-09-13 ...
FAIL golos-banka-2026-09-13 -> PAGE=319271621473482
FB_FAIL {"error":{"message":"(#100) 0 does not resolve to a valid user ID","type":"OAuthException","code":100,"fbtrace_id":"A_a9MdhageyduIEsqjwjiJg"}}
DONE ok=0 skip=0 fail=1
2026-09-13 13:01:36 PENDING ig (no IG token - run ig/ig-ensure-token.ps1)
2026-09-13 13:01:36 CYCLE 2026-09-13 13:01:36 :: tg=0/0 fb=0/1 vk=0/0
2026-09-13 13:06:39 FAIL fb golos-banka-2026-09-13 :: PUBLISH golos-banka-2026-09-13 ...
FAIL golos-banka-2026-09-13 -> PAGE=319271621473482
FB_FAIL {"error":{"message":"(#100) 0 does not resolve to a valid user ID","type":"OAuthException","code":100,"fbtrace_id":"AqBAGPQHC9ejVYEHSKv88SI"}}
DONE ok=0 skip=0 fail=1
2026-09-13 13:06:41 PENDING ig (no IG token - run ig/ig-ensure-token.ps1)
2026-09-13 13:06:41 CYCLE 2026-09-13 13:06:41 :: tg=0/0 fb=0/1 vk=0/0
2026-09-13 13:11:44 FAIL fb golos-banka-2026-09-13 :: PUBLISH golos-banka-2026-09-13 ...
FAIL golos-banka-2026-09-13 -> PAGE=319271621473482
FB_FAIL {"error":{"message":"(#100) 0 does not resolve to a valid user ID","type":"OAuthException","code":100,"fbtrace_id":"AkrYOFcvDeYgp37Z4zWXYF4"}}
DONE ok=0 skip=0 fail=1
2026-09-13 13:11:46 PENDING ig (no IG token - run ig/ig-ensure-token.ps1)
2026-09-13 13:11:46 CYCLE 2026-09-13 13:11:46 :: tg=0/0 fb=0/1 vk=0/0
2026-09-13 13:16:48 FAIL fb golos-banka-2026-09-13 :: PUBLISH golos-banka-2026-09-13 ...
FAIL golos-banka-2026-09-13 -> PAGE=319271621473482
FB_FAIL {"error":{"message":"(#100) 0 does not resolve to a valid user ID","type":"OAuthException","code":100,"fbtrace_id":"A8-BPSeebigNM6Lpo8TnrOh"}}
DONE ok=0 skip=0 fail=1
2026-09-13 13:16:50 PENDING ig (no IG token - run ig/ig-ensure-token.ps1)
2026-09-13 13:16:50 CYCLE 2026-09-13 13:16:50 :: tg=0/0 fb=0/1 vk=0/0
2026-09-13 13:21:53 FAIL fb golos-banka-2026-09-13 :: PUBLISH golos-banka-2026-09-13 ...
FAIL golos-banka-2026-09-13 -> PAGE=319271621473482
FB_FAIL {"error":{"message":"(#100) 0 does not resolve to a valid user ID","type":"OAuthException","code":100,"fbtrace_id":"Am9LmPvBhikKNq7x4D6SIs5"}}
DONE ok=0 skip=0 fail=1
2026-09-13 13:21:55 PENDING ig (no IG token - run ig/ig-ensure-token.ps1)
2026-09-13 13:21:55 CYCLE 2026-09-13 13:21:55 :: tg=0/0 fb=0/1 vk=0/0
2026-09-13 13:26:58 FAIL fb golos-banka-2026-09-13 :: PUBLISH golos-banka-2026-09-13 ...
FAIL golos-banka-2026-09-13 -> PAGE=319271621473482
FB_FAIL {"error":{"message":"(#100) 0 does not resolve to a valid user ID","type":"OAuthException","code":100,"fbtrace_id":"AJgrMDTP7okntaVoaJRJ_FF"}}
DONE ok=0 skip=0 fail=1
2026-09-13 13:27:00 PENDING ig (no IG token - run ig/ig-ensure-token.ps1)
2026-09-13 13:27:00 CYCLE 2026-09-13 13:27:00 :: tg=0/0 fb=0/1 vk=0/0
2026-09-13 13:32:03 FAIL fb golos-banka-2026-09-13 :: PUBLISH golos-banka-2026-09-13 ...
FAIL golos-banka-2026-09-13 -> PAGE=319271621473482
FB_FAIL {"error":{"message":"(#100) 0 does not resolve to a valid user ID","type":"OAuthException","code":100,"fbtrace_id":"AiegIQLgLOlvmTzT4hlHu2Y"}}
DONE ok=0 skip=0 fail=1
2026-09-13 13:32:05 PENDING ig (no IG token - run ig/ig-ensure-token.ps1)
2026-09-13 13:32:05 CYCLE 2026-09-13 13:32:05 :: tg=0/0 fb=0/1 vk=0/0
2026-09-13 13:37:08 FAIL fb golos-banka-2026-09-13 :: PUBLISH golos-banka-2026-09-13 ...
FAIL golos-banka-2026-09-13 -> PAGE=319271621473482
FB_FAIL {"error":{"message":"(#100) 0 does not resolve to a valid user ID","type":"OAuthException","code":100,"fbtrace_id":"A5rX7jvSl-JOUWzSyUVEU31"}}
DONE ok=0 skip=0 fail=1
2026-09-13 13:37:10 PENDING ig (no IG token - run ig/ig-ensure-token.ps1)
2026-09-13 13:37:10 CYCLE 2026-09-13 13:37:10 :: tg=0/0 fb=0/1 vk=0/0
2026-09-13 13:42:13 FAIL fb golos-banka-2026-09-13 :: PUBLISH golos-banka-2026-09-13 ...
FAIL golos-banka-2026-09-13 -> PAGE=319271621473482
FB_FAIL {"error":{"message":"(#100) 0 does not resolve to a valid user ID","type":"OAuthException","code":100,"fbtrace_id":"ACFeK_ow0iuCLCLWTwn7Oiw"}}
DONE ok=0 skip=0 fail=1
2026-09-13 13:42:15 PENDING ig (no IG token - run ig/ig-ensure-token.ps1)
2026-09-13 13:42:15 CYCLE 2026-09-13 13:42:15 :: tg=0/0 fb=0/1 vk=0/0
2026-09-13 13:47:17 FAIL fb golos-banka-2026-09-13 :: PUBLISH golos-banka-2026-09-13 ...
FAIL golos-banka-2026-09-13 -> PAGE=319271621473482
FB_FAIL {"error":{"message":"(#100) 0 does not resolve to a valid user ID","type":"OAuthException","code":100,"fbtrace_id":"AAWc7Ld85AAF1Ne1UlxaUdl"}}
DONE ok=0 skip=0 fail=1
2026-09-13 13:47:19 PENDING ig (no IG token - run ig/ig-ensure-token.ps1)
2026-09-13 13:47:19 CYCLE 2026-09-13 13:47:19 :: tg=0/0 fb=0/1 vk=0/0
2026-09-13 13:52:22 FAIL fb golos-banka-2026-09-13 :: PUBLISH golos-banka-2026-09-13 ...
FAIL golos-banka-2026-09-13 -> PAGE=319271621473482
FB_FAIL {"error":{"message":"(#100) 0 does not resolve to a valid user ID","type":"OAuthException","code":100,"fbtrace_id":"AMEpxYVl9n51Gd3KVQsTkm8"}}
DONE ok=0 skip=0 fail=1
2026-09-13 13:52:24 PENDING ig (no IG token - run ig/ig-ensure-token.ps1)
2026-09-13 13:52:24 CYCLE 2026-09-13 13:52:24 :: tg=0/0 fb=0/1 vk=0/0
2026-09-13 13:57:27 FAIL fb golos-banka-2026-09-13 :: PUBLISH golos-banka-2026-09-13 ...
FAIL golos-banka-2026-09-13 -> PAGE=319271621473482
FB_FAIL {"error":{"message":"(#100) 0 does not resolve to a valid user ID","type":"OAuthException","code":100,"fbtrace_id":"AJroig2TrJjlVh8Gv-N50Dd"}}
DONE ok=0 skip=0 fail=1
2026-09-13 13:57:29 PENDING ig (no IG token - run ig/ig-ensure-token.ps1)
2026-09-13 13:57:29 CYCLE 2026-09-13 13:57:29 :: tg=0/0 fb=0/1 vk=0/0
2026-09-13 14:02:31 FAIL fb golos-banka-2026-09-13 :: PUBLISH golos-banka-2026-09-13 ...
FAIL golos-banka-2026-09-13 -> PAGE=319271621473482
FB_FAIL {"error":{"message":"(#100) 0 does not resolve to a valid user ID","type":"OAuthException","code":100,"fbtrace_id":"AvDoYP6sje7XLjpYxvRJjD6"}}
DONE ok=0 skip=0 fail=1
2026-09-13 14:02:33 PENDING ig (no IG token - run ig/ig-ensure-token.ps1)
2026-09-13 14:02:33 CYCLE 2026-09-13 14:02:33 :: tg=0/0 fb=0/1 vk=0/0
2026-09-13 14:07:36 FAIL fb golos-banka-2026-09-13 :: PUBLISH golos-banka-2026-09-13 ...
FAIL golos-banka-2026-09-13 -> PAGE=319271621473482
FB_FAIL {"error":{"message":"(#100) 0 does not resolve to a valid user ID","type":"OAuthException","code":100,"fbtrace_id":"A5gRCUUW5Bn6TmOc-GDiGfi"}}
DONE ok=0 skip=0 fail=1
2026-09-13 14:07:38 PENDING ig (no IG token - run ig/ig-ensure-token.ps1)
2026-09-13 14:07:38 CYCLE 2026-09-13 14:07:38 :: tg=0/0 fb=0/1 vk=0/0
2026-09-13 14:12:41 FAIL fb golos-banka-2026-09-13 :: PUBLISH golos-banka-2026-09-13 ...
FAIL golos-banka-2026-09-13 -> PAGE=319271621473482
FB_FAIL {"error":{"message":"(#100) 0 does not resolve to a valid user ID","type":"OAuthException","code":100,"fbtrace_id":"AwOWxuiPKrzNtyqUpx9R-y4"}}
DONE ok=0 skip=0 fail=1
2026-09-13 14:12:43 PENDING ig (no IG token - run ig/ig-ensure-token.ps1)
2026-09-13 14:12:43 CYCLE 2026-09-13 14:12:43 :: tg=0/0 fb=0/1 vk=0/0
2026-09-13 14:17:45 FAIL fb golos-banka-2026-09-13 :: PUBLISH golos-banka-2026-09-13 ...
FAIL golos-banka-2026-09-13 -> PAGE=319271621473482
FB_FAIL {"error":{"message":"(#100) 0 does not resolve to a valid user ID","type":"OAuthException","code":100,"fbtrace_id":"Att_XIShj0bDokRA5VkCEDs"}}
DONE ok=0 skip=0 fail=1
2026-09-13 14:17:47 PENDING ig (no IG token - run ig/ig-ensure-token.ps1)
2026-09-13 14:17:47 CYCLE 2026-09-13 14:17:47 :: tg=0/0 fb=0/1 vk=0/0
2026-09-13 14:22:50 FAIL fb golos-banka-2026-09-13 :: PUBLISH golos-banka-2026-09-13 ...
FAIL golos-banka-2026-09-13 -> PAGE=319271621473482
FB_FAIL {"error":{"message":"(#100) 0 does not resolve to a valid user ID","type":"OAuthException","code":100,"fbtrace_id":"AnqQh6i4mcUIzHUKi13Qlb-"}}
DONE ok=0 skip=0 fail=1
2026-09-13 14:22:52 PENDING ig (no IG token - run ig/ig-ensure-token.ps1)
2026-09-13 14:22:52 CYCLE 2026-09-13 14:22:52 :: tg=0/0 fb=0/1 vk=0/0
2026-09-13 14:27:55 FAIL fb golos-banka-2026-09-13 :: PUBLISH golos-banka-2026-09-13 ...
FAIL golos-banka-2026-09-13 -> PAGE=319271621473482
FB_FAIL {"error":{"message":"(#100) 0 does not resolve to a valid user ID","type":"OAuthException","code":100,"fbtrace_id":"Alwr9uSa9GzMBHiL0v_4uWG"}}
DONE ok=0 skip=0 fail=1
2026-09-13 14:27:57 PENDING ig (no IG token - run ig/ig-ensure-token.ps1)
2026-09-13 14:27:57 CYCLE 2026-09-13 14:27:57 :: tg=0/0 fb=0/1 vk=0/0
2026-09-13 14:32:59 FAIL fb golos-banka-2026-09-13 :: PUBLISH golos-banka-2026-09-13 ...
FAIL golos-banka-2026-09-13 -> PAGE=319271621473482
FB_FAIL {"error":{"message":"(#100) 0 does not resolve to a valid user ID","type":"OAuthException","code":100,"fbtrace_id":"Atpjlg43_afwhjJaXjCxh0B"}}
DONE ok=0 skip=0 fail=1
2026-09-13 14:33:01 PENDING ig (no IG token - run ig/ig-ensure-token.ps1)
2026-09-13 14:33:01 CYCLE 2026-09-13 14:33:01 :: tg=0/0 fb=0/1 vk=0/0
2026-09-13 14:38:04 FAIL fb golos-banka-2026-09-13 :: PUBLISH golos-banka-2026-09-13 ...
FAIL golos-banka-2026-09-13 -> PAGE=319271621473482
FB_FAIL {"error":{"message":"(#100) 0 does not resolve to a valid user ID","type":"OAuthException","code":100,"fbtrace_id":"AETfA8waUT7ag3gZmilmgJ4"}}
DONE ok=0 skip=0 fail=1
2026-09-13 14:38:06 PENDING ig (no IG token - run ig/ig-ensure-token.ps1)
2026-09-13 14:38:06 CYCLE 2026-09-13 14:38:06 :: tg=0/0 fb=0/1 vk=0/0
2026-09-13 14:43:08 FAIL fb golos-banka-2026-09-13 :: PUBLISH golos-banka-2026-09-13 ...
FAIL golos-banka-2026-09-13 -> PAGE=319271621473482
FB_FAIL {"error":{"message":"(#100) 0 does not resolve to a valid user ID","type":"OAuthException","code":100,"fbtrace_id":"AhbUW_uxZAmWf-01CMF2OyN"}}
DONE ok=0 skip=0 fail=1
2026-09-13 14:43:10 PENDING ig (no IG token - run ig/ig-ensure-token.ps1)
2026-09-13 14:43:10 CYCLE 2026-09-13 14:43:10 :: tg=0/0 fb=0/1 vk=0/0
2026-09-13 14:48:13 FAIL fb golos-banka-2026-09-13 :: PUBLISH golos-banka-2026-09-13 ...
FAIL golos-banka-2026-09-13 -> PAGE=319271621473482
FB_FAIL {"error":{"message":"(#100) 0 does not resolve to a valid user ID","type":"OAuthException","code":100,"fbtrace_id":"A2CoPVsKp7SB65r7xcf1Zj1"}}
DONE ok=0 skip=0 fail=1
2026-09-13 14:48:15 PENDING ig (no IG token - run ig/ig-ensure-token.ps1)
2026-09-13 14:48:15 CYCLE 2026-09-13 14:48:15 :: tg=0/0 fb=0/1 vk=0/0
2026-09-13 14:53:18 FAIL fb golos-banka-2026-09-13 :: PUBLISH golos-banka-2026-09-13 ...
FAIL golos-banka-2026-09-13 -> PAGE=319271621473482
FB_FAIL {"error":{"message":"(#100) 0 does not resolve to a valid user ID","type":"OAuthException","code":100,"fbtrace_id":"A8ZF5HULRrMHuW5mBZ35hd9"}}
DONE ok=0 skip=0 fail=1
2026-09-13 14:53:20 PENDING ig (no IG token - run ig/ig-ensure-token.ps1)
2026-09-13 14:53:20 CYCLE 2026-09-13 14:53:20 :: tg=0/0 fb=0/1 vk=0/0
2026-09-13 14:58:23 FAIL fb golos-banka-2026-09-13 :: PUBLISH golos-banka-2026-09-13 ...
FAIL golos-banka-2026-09-13 -> PAGE=319271621473482
FB_FAIL {"error":{"message":"(#100) 0 does not resolve to a valid user ID","type":"OAuthException","code":100,"fbtrace_id":"AndOdGyRQuk2NoyK0DcGrFB"}}
DONE ok=0 skip=0 fail=1
2026-09-13 14:58:25 PENDING ig (no IG token - run ig/ig-ensure-token.ps1)
2026-09-13 14:58:25 CYCLE 2026-09-13 14:58:25 :: tg=0/0 fb=0/1 vk=0/0
2026-09-13 15:03:28 FAIL fb golos-banka-2026-09-13 :: PUBLISH golos-banka-2026-09-13 ...
FAIL golos-banka-2026-09-13 -> PAGE=319271621473482
FB_FAIL {"error":{"message":"(#100) 0 does not resolve to a valid user ID","type":"OAuthException","code":100,"fbtrace_id":"AHI16szRUybgCq65KDD3P6-"}}
DONE ok=0 skip=0 fail=1
2026-09-13 15:03:30 PENDING ig (no IG token - run ig/ig-ensure-token.ps1)
2026-09-13 15:03:30 CYCLE 2026-09-13 15:03:30 :: tg=0/0 fb=0/1 vk=0/0
2026-09-13 15:08:32 FAIL fb golos-banka-2026-09-13 :: PUBLISH golos-banka-2026-09-13 ...
FAIL golos-banka-2026-09-13 -> PAGE=319271621473482
FB_FAIL {"error":{"message":"(#100) 0 does not resolve to a valid user ID","type":"OAuthException","code":100,"fbtrace_id":"Ac-C49OgPSrbkIdzQK_cebc"}}
DONE ok=0 skip=0 fail=1
2026-09-13 15:08:34 PENDING ig (no IG token - run ig/ig-ensure-token.ps1)
2026-09-13 15:08:34 CYCLE 2026-09-13 15:08:34 :: tg=0/0 fb=0/1 vk=0/0
2026-09-13 15:13:37 FAIL fb golos-banka-2026-09-13 :: PUBLISH golos-banka-2026-09-13 ...
FAIL golos-banka-2026-09-13 -> PAGE=319271621473482
FB_FAIL {"error":{"message":"(#100) 0 does not resolve to a valid user ID","type":"OAuthException","code":100,"fbtrace_id":"AnyJ7BTzN2RWBmR01CM_QGZ"}}
DONE ok=0 skip=0 fail=1
2026-09-13 15:13:39 PENDING ig (no IG token - run ig/ig-ensure-token.ps1)
2026-09-13 15:13:39 CYCLE 2026-09-13 15:13:39 :: tg=0/0 fb=0/1 vk=0/0
2026-09-13 15:18:41 FAIL fb golos-banka-2026-09-13 :: PUBLISH golos-banka-2026-09-13 ...
FAIL golos-banka-2026-09-13 -> PAGE=319271621473482
FB_FAIL {"error":{"message":"(#100) 0 does not resolve to a valid user ID","type":"OAuthException","code":100,"fbtrace_id":"Arv7gkbFcR5t_a1T3xaqbBc"}}
DONE ok=0 skip=0 fail=1
2026-09-13 15:18:43 PENDING ig (no IG token - run ig/ig-ensure-token.ps1)
2026-09-13 15:18:43 CYCLE 2026-09-13 15:18:43 :: tg=0/0 fb=0/1 vk=0/0
2026-09-13 15:23:46 FAIL fb golos-banka-2026-09-13 :: PUBLISH golos-banka-2026-09-13 ...
FAIL golos-banka-2026-09-13 -> PAGE=319271621473482
FB_FAIL {"error":{"message":"(#100) 0 does not resolve to a valid user ID","type":"OAuthException","code":100,"fbtrace_id":"ABnkItBOyhd_SOfLrvAp1K-"}}
DONE ok=0 skip=0 fail=1
2026-09-13 15:23:48 PENDING ig (no IG token - run ig/ig-ensure-token.ps1)
2026-09-13 15:23:48 CYCLE 2026-09-13 15:23:48 :: tg=0/0 fb=0/1 vk=0/0
2026-09-13 15:28:51 FAIL fb golos-banka-2026-09-13 :: PUBLISH golos-banka-2026-09-13 ...
FAIL golos-banka-2026-09-13 -> PAGE=319271621473482
FB_FAIL {"error":{"message":"(#100) 0 does not resolve to a valid user ID","type":"OAuthException","code":100,"fbtrace_id":"AHQ81DcZp95KpnjbOOk77kr"}}
DONE ok=0 skip=0 fail=1
2026-09-13 15:28:53 PENDING ig (no IG token - run ig/ig-ensure-token.ps1)
2026-09-13 15:28:53 CYCLE 2026-09-13 15:28:53 :: tg=0/0 fb=0/1 vk=0/0
2026-09-13 15:33:55 FAIL fb golos-banka-2026-09-13 :: PUBLISH golos-banka-2026-09-13 ...
FAIL golos-banka-2026-09-13 -> PAGE=319271621473482
FB_FAIL {"error":{"message":"(#100) 0 does not resolve to a valid user ID","type":"OAuthException","code":100,"fbtrace_id":"AgvFehD4Y9f9ooMQj8aUUgs"}}
DONE ok=0 skip=0 fail=1
2026-09-13 15:33:57 PENDING ig (no IG token - run ig/ig-ensure-token.ps1)
2026-09-13 15:33:57 CYCLE 2026-09-13 15:33:57 :: tg=0/0 fb=0/1 vk=0/0
2026-09-13 15:39:00 FAIL fb golos-banka-2026-09-13 :: PUBLISH golos-banka-2026-09-13 ...
FAIL golos-banka-2026-09-13 -> PAGE=319271621473482
FB_FAIL {"error":{"message":"(#100) 0 does not resolve to a valid user ID","type":"OAuthException","code":100,"fbtrace_id":"AFEyKEJQlTNglOr8bu29j5R"}}
DONE ok=0 skip=0 fail=1
2026-09-13 15:39:02 PENDING ig (no IG token - run ig/ig-ensure-token.ps1)
2026-09-13 15:39:02 CYCLE 2026-09-13 15:39:02 :: tg=0/0 fb=0/1 vk=0/0
2026-09-13 15:44:05 FAIL fb golos-banka-2026-09-13 :: PUBLISH golos-banka-2026-09-13 ...
FAIL golos-banka-2026-09-13 -> PAGE=319271621473482
FB_FAIL {"error":{"message":"(#100) 0 does not resolve to a valid user ID","type":"OAuthException","code":100,"fbtrace_id":"Ai4LVcWvM-lXehnY7kASGW8"}}
DONE ok=0 skip=0 fail=1
2026-09-13 15:44:07 PENDING ig (no IG token - run ig/ig-ensure-token.ps1)
2026-09-13 15:44:07 CYCLE 2026-09-13 15:44:07 :: tg=0/0 fb=0/1 vk=0/0
2026-09-13 15:49:10 FAIL fb golos-banka-2026-09-13 :: PUBLISH golos-banka-2026-09-13 ...
FAIL golos-banka-2026-09-13 -> PAGE=319271621473482
FB_FAIL {"error":{"message":"(#100) 0 does not resolve to a valid user ID","type":"OAuthException","code":100,"fbtrace_id":"Aek4a5wuOSWeUr1cBnpL8fT"}}
DONE ok=0 skip=0 fail=1
2026-09-13 15:49:12 PENDING ig (no IG token - run ig/ig-ensure-token.ps1)
2026-09-13 15:49:12 CYCLE 2026-09-13 15:49:12 :: tg=0/0 fb=0/1 vk=0/0
2026-09-13 15:54:14 FAIL fb golos-banka-2026-09-13 :: PUBLISH golos-banka-2026-09-13 ...
FAIL golos-banka-2026-09-13 -> PAGE=319271621473482
FB_FAIL {"error":{"message":"(#100) 0 does not resolve to a valid user ID","type":"OAuthException","code":100,"fbtrace_id":"AaNEE2_aGGNRuSb9fZtXjui"}}
DONE ok=0 skip=0 fail=1
2026-09-13 15:54:16 PENDING ig (no IG token - run ig/ig-ensure-token.ps1)
2026-09-13 15:54:16 CYCLE 2026-09-13 15:54:16 :: tg=0/0 fb=0/1 vk=0/0
2026-09-13 15:59:19 FAIL fb golos-banka-2026-09-13 :: PUBLISH golos-banka-2026-09-13 ...
FAIL golos-banka-2026-09-13 -> PAGE=319271621473482
FB_FAIL {"error":{"message":"(#100) 0 does not resolve to a valid user ID","type":"OAuthException","code":100,"fbtrace_id":"AxKDCKpYey02oIqgMEpTmks"}}
DONE ok=0 skip=0 fail=1
2026-09-13 15:59:21 PENDING ig (no IG token - run ig/ig-ensure-token.ps1)
2026-09-13 15:59:21 CYCLE 2026-09-13 15:59:21 :: tg=0/0 fb=0/1 vk=0/0
2026-09-13 16:04:24 FAIL fb golos-banka-2026-09-13 :: PUBLISH golos-banka-2026-09-13 ...
FAIL golos-banka-2026-09-13 -> PAGE=319271621473482
FB_FAIL {"error":{"message":"(#100) 0 does not resolve to a valid user ID","type":"OAuthException","code":100,"fbtrace_id":"Awf8PAaBWCR2s9GLEDgv3bS"}}
DONE ok=0 skip=0 fail=1
2026-09-13 16:04:26 PENDING ig (no IG token - run ig/ig-ensure-token.ps1)
2026-09-13 16:04:26 CYCLE 2026-09-13 16:04:26 :: tg=0/0 fb=0/1 vk=0/0
2026-09-13 16:09:28 FAIL fb golos-banka-2026-09-13 :: PUBLISH golos-banka-2026-09-13 ...
FAIL golos-banka-2026-09-13 -> PAGE=319271621473482
FB_FAIL {"error":{"message":"(#100) 0 does not resolve to a valid user ID","type":"OAuthException","code":100,"fbtrace_id":"AmNLtlQivwRRQat9HTmTKZA"}}
DONE ok=0 skip=0 fail=1
2026-09-13 16:09:30 PENDING ig (no IG token - run ig/ig-ensure-token.ps1)
2026-09-13 16:09:30 CYCLE 2026-09-13 16:09:30 :: tg=0/0 fb=0/1 vk=0/0
2026-09-13 16:14:33 FAIL fb golos-banka-2026-09-13 :: PUBLISH golos-banka-2026-09-13 ...
FAIL golos-banka-2026-09-13 -> PAGE=319271621473482
FB_FAIL {"error":{"message":"(#100) 0 does not resolve to a valid user ID","type":"OAuthException","code":100,"fbtrace_id":"AGFtlKHt0sqcjWXH8nDidID"}}
DONE ok=0 skip=0 fail=1
2026-09-13 16:14:35 PENDING ig (no IG token - run ig/ig-ensure-token.ps1)
2026-09-13 16:14:35 CYCLE 2026-09-13 16:14:35 :: tg=0/0 fb=0/1 vk=0/0
2026-09-13 16:19:38 FAIL fb golos-banka-2026-09-13 :: PUBLISH golos-banka-2026-09-13 ...
FAIL golos-banka-2026-09-13 -> PAGE=319271621473482
FB_FAIL {"error":{"message":"(#100) 0 does not resolve to a valid user ID","type":"OAuthException","code":100,"fbtrace_id":"AzeKQ3c2LPMfi5jgC6mkjRK"}}
DONE ok=0 skip=0 fail=1
2026-09-13 16:19:40 PENDING ig (no IG token - run ig/ig-ensure-token.ps1)
2026-09-13 16:19:40 CYCLE 2026-09-13 16:19:40 :: tg=0/0 fb=0/1 vk=0/0
2026-09-13 16:24:43 FAIL fb golos-banka-2026-09-13 :: PUBLISH golos-banka-2026-09-13 ...
FAIL golos-banka-2026-09-13 -> PAGE=319271621473482
FB_FAIL {"error":{"message":"(#100) 0 does not resolve to a valid user ID","type":"OAuthException","code":100,"fbtrace_id":"AfTKeOkVx8o9iNFsthTW07e"}}
DONE ok=0 skip=0 fail=1
2026-09-13 16:24:45 PENDING ig (no IG token - run ig/ig-ensure-token.ps1)
2026-09-13 16:24:45 CYCLE 2026-09-13 16:24:45 :: tg=0/0 fb=0/1 vk=0/0
2026-09-13 16:29:48 FAIL fb golos-banka-2026-09-13 :: PUBLISH golos-banka-2026-09-13 ...
FAIL golos-banka-2026-09-13 -> PAGE=319271621473482
FB_FAIL {"error":{"message":"(#100) 0 does not resolve to a valid user ID","type":"OAuthException","code":100,"fbtrace_id":"AMaN72Kv3W5SxMx6F5_r0nJ"}}
DONE ok=0 skip=0 fail=1
2026-09-13 16:29:50 PENDING ig (no IG token - run ig/ig-ensure-token.ps1)
2026-09-13 16:29:50 CYCLE 2026-09-13 16:29:50 :: tg=0/0 fb=0/1 vk=0/0
2026-09-13 16:34:52 FAIL fb golos-banka-2026-09-13 :: PUBLISH golos-banka-2026-09-13 ...
FAIL golos-banka-2026-09-13 -> PAGE=319271621473482
FB_FAIL {"error":{"message":"(#100) 0 does not resolve to a valid user ID","type":"OAuthException","code":100,"fbtrace_id":"AcEcIpq9xfw9F9aTvZs_Jis"}}
DONE ok=0 skip=0 fail=1
2026-09-13 16:34:54 PENDING ig (no IG token - run ig/ig-ensure-token.ps1)
2026-09-13 16:34:54 CYCLE 2026-09-13 16:34:54 :: tg=0/0 fb=0/1 vk=0/0
2026-09-13 16:39:57 FAIL fb golos-banka-2026-09-13 :: PUBLISH golos-banka-2026-09-13 ...
FAIL golos-banka-2026-09-13 -> PAGE=319271621473482
FB_FAIL {"error":{"message":"(#100) 0 does not resolve to a valid user ID","type":"OAuthException","code":100,"fbtrace_id":"AGeQXxwJEIwEwOgbVQOTuNU"}}
DONE ok=0 skip=0 fail=1
2026-09-13 16:39:59 PENDING ig (no IG token - run ig/ig-ensure-token.ps1)
2026-09-13 16:39:59 CYCLE 2026-09-13 16:39:59 :: tg=0/0 fb=0/1 vk=0/0
2026-09-13 16:45:02 FAIL fb golos-banka-2026-09-13 :: PUBLISH golos-banka-2026-09-13 ...
FAIL golos-banka-2026-09-13 -> PAGE=319271621473482
FB_FAIL {"error":{"message":"(#100) 0 does not resolve to a valid user ID","type":"OAuthException","code":100,"fbtrace_id":"AH59eVs1yH4bV9Bktq2D5mO"}}
DONE ok=0 skip=0 fail=1
2026-09-13 16:45:04 PENDING ig (no IG token - run ig/ig-ensure-token.ps1)
2026-09-13 16:45:04 CYCLE 2026-09-13 16:45:04 :: tg=0/0 fb=0/1 vk=0/0
2026-09-13 16:50:06 FAIL fb golos-banka-2026-09-13 :: PUBLISH golos-banka-2026-09-13 ...
FAIL golos-banka-2026-09-13 -> PAGE=319271621473482
FB_FAIL {"error":{"message":"(#100) 0 does not resolve to a valid user ID","type":"OAuthException","code":100,"fbtrace_id":"A4lgL8GDx7UNf1Q9lVRxg5o"}}
DONE ok=0 skip=0 fail=1
2026-09-13 16:50:08 PENDING ig (no IG token - run ig/ig-ensure-token.ps1)
2026-09-13 16:50:08 CYCLE 2026-09-13 16:50:08 :: tg=0/0 fb=0/1 vk=0/0
2026-09-13 16:55:11 FAIL fb golos-banka-2026-09-13 :: PUBLISH golos-banka-2026-09-13 ...
FAIL golos-banka-2026-09-13 -> PAGE=319271621473482
FB_FAIL {"error":{"message":"(#100) 0 does not resolve to a valid user ID","type":"OAuthException","code":100,"fbtrace_id":"AIAzwqNrGkU7xUHpqtSgI8K"}}
DONE ok=0 skip=0 fail=1
2026-09-13 16:55:13 PENDING ig (no IG token - run ig/ig-ensure-token.ps1)
2026-09-13 16:55:13 CYCLE 2026-09-13 16:55:13 :: tg=0/0 fb=0/1 vk=0/0
2026-09-13 17:00:15 FAIL fb golos-banka-2026-09-13 :: PUBLISH golos-banka-2026-09-13 ...
FAIL golos-banka-2026-09-13 -> PAGE=319271621473482
FB_FAIL {"error":{"message":"(#100) 0 does not resolve to a valid user ID","type":"OAuthException","code":100,"fbtrace_id":"ALZnhHLsco3klut9TWLXtqc"}}
DONE ok=0 skip=0 fail=1
2026-09-13 17:00:17 PENDING ig (no IG token - run ig/ig-ensure-token.ps1)
2026-09-13 17:00:17 CYCLE 2026-09-13 17:00:17 :: tg=0/0 fb=0/1 vk=0/0
2026-09-13 17:05:20 FAIL fb golos-banka-2026-09-13 :: PUBLISH golos-banka-2026-09-13 ...
FAIL golos-banka-2026-09-13 -> PAGE=319271621473482
FB_FAIL {"error":{"message":"(#100) 0 does not resolve to a valid user ID","type":"OAuthException","code":100,"fbtrace_id":"AasBIYF5LaF43RRK1JD_-MJ"}}
DONE ok=0 skip=0 fail=1
2026-09-13 17:05:22 PENDING ig (no IG token - run ig/ig-ensure-token.ps1)
2026-09-13 17:05:22 CYCLE 2026-09-13 17:05:22 :: tg=0/0 fb=0/1 vk=0/0
2026-09-13 17:10:25 FAIL fb golos-banka-2026-09-13 :: PUBLISH golos-banka-2026-09-13 ...
FAIL golos-banka-2026-09-13 -> PAGE=319271621473482
FB_FAIL {"error":{"message":"(#100) 0 does not resolve to a valid user ID","type":"OAuthException","code":100,"fbtrace_id":"AfxKzQmkBk2mRFyYcuxFF7d"}}
DONE ok=0 skip=0 fail=1
2026-09-13 17:10:27 PENDING ig (no IG token - run ig/ig-ensure-token.ps1)
2026-09-13 17:10:27 CYCLE 2026-09-13 17:10:27 :: tg=0/0 fb=0/1 vk=0/0
2026-09-13 17:15:29 FAIL fb golos-banka-2026-09-13 :: PUBLISH golos-banka-2026-09-13 ...
FAIL golos-banka-2026-09-13 -> PAGE=319271621473482
FB_FAIL {"error":{"message":"(#100) 0 does not resolve to a valid user ID","type":"OAuthException","code":100,"fbtrace_id":"AqTywNz8uiUOVE39rNHZDR5"}}
DONE ok=0 skip=0 fail=1
2026-09-13 17:15:31 PENDING ig (no IG token - run ig/ig-ensure-token.ps1)
2026-09-13 17:15:31 CYCLE 2026-09-13 17:15:31 :: tg=0/0 fb=0/1 vk=0/0
2026-09-13 17:20:34 FAIL fb golos-banka-2026-09-13 :: PUBLISH golos-banka-2026-09-13 ...
FAIL golos-banka-2026-09-13 -> PAGE=319271621473482
FB_FAIL {"error":{"message":"(#100) 0 does not resolve to a valid user ID","type":"OAuthException","code":100,"fbtrace_id":"ABWFe2jqEKB-wpgIQ9iq3wj"}}
DONE ok=0 skip=0 fail=1
2026-09-13 17:20:36 PENDING ig (no IG token - run ig/ig-ensure-token.ps1)
2026-09-13 17:20:36 CYCLE 2026-09-13 17:20:36 :: tg=0/0 fb=0/1 vk=0/0
2026-09-13 17:25:39 FAIL fb golos-banka-2026-09-13 :: PUBLISH golos-banka-2026-09-13 ...
FAIL golos-banka-2026-09-13 -> PAGE=319271621473482
FB_FAIL {"error":{"message":"(#100) 0 does not resolve to a valid user ID","type":"OAuthException","code":100,"fbtrace_id":"AgECmVuKZldJ8aoIMeq5fDl"}}
DONE ok=0 skip=0 fail=1
2026-09-13 17:25:41 PENDING ig (no IG token - run ig/ig-ensure-token.ps1)
2026-09-13 17:25:41 CYCLE 2026-09-13 17:25:41 :: tg=0/0 fb=0/1 vk=0/0
2026-09-13 17:30:43 FAIL fb golos-banka-2026-09-13 :: PUBLISH golos-banka-2026-09-13 ...
FAIL golos-banka-2026-09-13 -> PAGE=319271621473482
FB_FAIL {"error":{"message":"(#100) 0 does not resolve to a valid user ID","type":"OAuthException","code":100,"fbtrace_id":"AJD4xhCGbyULae88y2w8Nc6"}}
DONE ok=0 skip=0 fail=1
2026-09-13 17:30:45 PENDING ig (no IG token - run ig/ig-ensure-token.ps1)
2026-09-13 17:30:45 CYCLE 2026-09-13 17:30:45 :: tg=0/0 fb=0/1 vk=0/0
2026-09-13 17:35:48 FAIL fb golos-banka-2026-09-13 :: PUBLISH golos-banka-2026-09-13 ...
FAIL golos-banka-2026-09-13 -> PAGE=319271621473482
FB_FAIL {"error":{"message":"(#100) 0 does not resolve to a valid user ID","type":"OAuthException","code":100,"fbtrace_id":"AWFUcQOFlOLsoCNVMiD0_LI"}}
DONE ok=0 skip=0 fail=1
2026-09-13 17:35:50 PENDING ig (no IG token - run ig/ig-ensure-token.ps1)
2026-09-13 17:35:50 CYCLE 2026-09-13 17:35:50 :: tg=0/0 fb=0/1 vk=0/0
2026-09-13 17:40:53 FAIL fb golos-banka-2026-09-13 :: PUBLISH golos-banka-2026-09-13 ...
FAIL golos-banka-2026-09-13 -> PAGE=319271621473482
FB_FAIL {"error":{"message":"(#100) 0 does not resolve to a valid user ID","type":"OAuthException","code":100,"fbtrace_id":"A7GtZ2NlJncTKPCKtudqLwy"}}
DONE ok=0 skip=0 fail=1
2026-09-13 17:40:55 PENDING ig (no IG token - run ig/ig-ensure-token.ps1)
2026-09-13 17:40:55 CYCLE 2026-09-13 17:40:55 :: tg=0/0 fb=0/1 vk=0/0
2026-09-13 17:45:58 FAIL fb golos-banka-2026-09-13 :: PUBLISH golos-banka-2026-09-13 ...
FAIL golos-banka-2026-09-13 -> PAGE=319271621473482
FB_FAIL {"error":{"message":"(#100) 0 does not resolve to a valid user ID","type":"OAuthException","code":100,"fbtrace_id":"A1of1lOIch3S-g9y43jQ1HI"}}
DONE ok=0 skip=0 fail=1
2026-09-13 17:46:00 PENDING ig (no IG token - run ig/ig-ensure-token.ps1)
2026-09-13 17:46:00 CYCLE 2026-09-13 17:46:00 :: tg=0/0 fb=0/1 vk=0/0
2026-09-13 17:51:02 FAIL fb golos-banka-2026-09-13 :: PUBLISH golos-banka-2026-09-13 ...
FAIL golos-banka-2026-09-13 -> PAGE=319271621473482
FB_FAIL {"error":{"message":"(#100) 0 does not resolve to a valid user ID","type":"OAuthException","code":100,"fbtrace_id":"Af8T8bVq_aGECXPZOdbUxaa"}}
DONE ok=0 skip=0 fail=1
2026-09-13 17:51:04 PENDING ig (no IG token - run ig/ig-ensure-token.ps1)
2026-09-13 17:51:04 CYCLE 2026-09-13 17:51:04 :: tg=0/0 fb=0/1 vk=0/0
2026-09-13 17:56:07 FAIL fb golos-banka-2026-09-13 :: PUBLISH golos-banka-2026-09-13 ...
FAIL golos-banka-2026-09-13 -> PAGE=319271621473482
FB_FAIL {"error":{"message":"(#100) 0 does not resolve to a valid user ID","type":"OAuthException","code":100,"fbtrace_id":"AVgGljpOVMjHKT4lBPosu1Y"}}
DONE ok=0 skip=0 fail=1
2026-09-13 17:56:09 PENDING ig (no IG token - run ig/ig-ensure-token.ps1)
2026-09-13 17:56:09 CYCLE 2026-09-13 17:56:09 :: tg=0/0 fb=0/1 vk=0/0
2026-09-13 18:01:12 FAIL fb golos-banka-2026-09-13 :: PUBLISH golos-banka-2026-09-13 ...
FAIL golos-banka-2026-09-13 -> PAGE=319271621473482
FB_FAIL {"error":{"message":"(#100) 0 does not resolve to a valid user ID","type":"OAuthException","code":100,"fbtrace_id":"ACXWCvTB2nNSLFFNUs7Xasf"}}
DONE ok=0 skip=0 fail=1
2026-09-13 18:01:14 PENDING ig (no IG token - run ig/ig-ensure-token.ps1)
2026-09-13 18:01:14 CYCLE 2026-09-13 18:01:14 :: tg=0/0 fb=0/1 vk=0/0
2026-09-13 18:06:17 FAIL fb golos-banka-2026-09-13 :: PUBLISH golos-banka-2026-09-13 ...
FAIL golos-banka-2026-09-13 -> PAGE=319271621473482
FB_FAIL {"error":{"message":"(#100) 0 does not resolve to a valid user ID","type":"OAuthException","code":100,"fbtrace_id":"AwspR8pRHyS_Ri7_PNwklA1"}}
DONE ok=0 skip=0 fail=1
2026-09-13 18:06:19 PENDING ig (no IG token - run ig/ig-ensure-token.ps1)
2026-09-13 18:06:19 CYCLE 2026-09-13 18:06:19 :: tg=0/0 fb=0/1 vk=0/0
2026-09-13 18:11:21 FAIL fb golos-banka-2026-09-13 :: PUBLISH golos-banka-2026-09-13 ...
FAIL golos-banka-2026-09-13 -> PAGE=319271621473482
FB_FAIL {"error":{"message":"(#100) 0 does not resolve to a valid user ID","type":"OAuthException","code":100,"fbtrace_id":"ArqW7vWUiMo53l3B0X3pNX-"}}
DONE ok=0 skip=0 fail=1
2026-09-13 18:11:23 PENDING ig (no IG token - run ig/ig-ensure-token.ps1)
2026-09-13 18:11:23 CYCLE 2026-09-13 18:11:23 :: tg=0/0 fb=0/1 vk=0/0
2026-09-13 18:16:26 FAIL fb golos-banka-2026-09-13 :: PUBLISH golos-banka-2026-09-13 ...
FAIL golos-banka-2026-09-13 -> PAGE=319271621473482
FB_FAIL {"error":{"message":"(#100) 0 does not resolve to a valid user ID","type":"OAuthException","code":100,"fbtrace_id":"Abyzm7Nyy-xzozEyJXTON1S"}}
DONE ok=0 skip=0 fail=1
2026-09-13 18:16:28 PENDING ig (no IG token - run ig/ig-ensure-token.ps1)
2026-09-13 18:16:28 CYCLE 2026-09-13 18:16:28 :: tg=0/0 fb=0/1 vk=0/0
2026-09-13 18:21:31 FAIL fb golos-banka-2026-09-13 :: PUBLISH golos-banka-2026-09-13 ...
FAIL golos-banka-2026-09-13 -> PAGE=319271621473482
FB_FAIL {"error":{"message":"(#100) 0 does not resolve to a valid user ID","type":"OAuthException","code":100,"fbtrace_id":"Av1FpyksOinRKFtHweixd-p"}}
DONE ok=0 skip=0 fail=1
2026-09-13 18:21:33 PENDING ig (no IG token - run ig/ig-ensure-token.ps1)
2026-09-13 18:21:33 CYCLE 2026-09-13 18:21:33 :: tg=0/0 fb=0/1 vk=0/0
2026-09-13 18:26:35 FAIL fb golos-banka-2026-09-13 :: PUBLISH golos-banka-2026-09-13 ...
FAIL golos-banka-2026-09-13 -> PAGE=319271621473482
FB_FAIL {"error":{"message":"(#100) 0 does not resolve to a valid user ID","type":"OAuthException","code":100,"fbtrace_id":"A1ldNxQNerHEv2OhlrYkApx"}}
DONE ok=0 skip=0 fail=1
2026-09-13 18:26:37 PENDING ig (no IG token - run ig/ig-ensure-token.ps1)
2026-09-13 18:26:37 CYCLE 2026-09-13 18:26:37 :: tg=0/0 fb=0/1 vk=0/0
2026-09-13 18:31:40 FAIL fb golos-banka-2026-09-13 :: PUBLISH golos-banka-2026-09-13 ...
FAIL golos-banka-2026-09-13 -> PAGE=319271621473482
FB_FAIL {"error":{"message":"(#100) 0 does not resolve to a valid user ID","type":"OAuthException","code":100,"fbtrace_id":"AmKAzRovn1D8ySW0JVU9FkW"}}
DONE ok=0 skip=0 fail=1
2026-09-13 18:31:42 PENDING ig (no IG token - run ig/ig-ensure-token.ps1)
2026-09-13 18:31:42 CYCLE 2026-09-13 18:31:42 :: tg=0/0 fb=0/1 vk=0/0
2026-09-13 18:36:45 FAIL fb golos-banka-2026-09-13 :: PUBLISH golos-banka-2026-09-13 ...
FAIL golos-banka-2026-09-13 -> PAGE=319271621473482
FB_FAIL {"error":{"message":"(#100) 0 does not resolve to a valid user ID","type":"OAuthException","code":100,"fbtrace_id":"AtEa_fP6-VogNCuAvsnRAGk"}}
DONE ok=0 skip=0 fail=1
2026-09-13 18:36:47 PENDING ig (no IG token - run ig/ig-ensure-token.ps1)
2026-09-13 18:36:47 CYCLE 2026-09-13 18:36:47 :: tg=0/0 fb=0/1 vk=0/0
2026-09-13 18:41:50 FAIL fb golos-banka-2026-09-13 :: PUBLISH golos-banka-2026-09-13 ...
FAIL golos-banka-2026-09-13 -> PAGE=319271621473482
FB_FAIL {"error":{"message":"(#100) 0 does not resolve to a valid user ID","type":"OAuthException","code":100,"fbtrace_id":"Au3WZO45RXL2IqH8opAfDi7"}}
DONE ok=0 skip=0 fail=1
2026-09-13 18:41:52 PENDING ig (no IG token - run ig/ig-ensure-token.ps1)
2026-09-13 18:41:52 CYCLE 2026-09-13 18:41:52 :: tg=0/0 fb=0/1 vk=0/0
2026-09-13 18:46:54 FAIL fb golos-banka-2026-09-13 :: PUBLISH golos-banka-2026-09-13 ...
FAIL golos-banka-2026-09-13 -> PAGE=319271621473482
FB_FAIL {"error":{"message":"(#100) 0 does not resolve to a valid user ID","type":"OAuthException","code":100,"fbtrace_id":"AN4_FbkZ7UZbfg7nLP5E55o"}}
DONE ok=0 skip=0 fail=1
2026-09-13 18:46:56 PENDING ig (no IG token - run ig/ig-ensure-token.ps1)
2026-09-13 18:46:56 CYCLE 2026-09-13 18:46:56 :: tg=0/0 fb=0/1 vk=0/0
2026-09-13 18:51:59 FAIL fb golos-banka-2026-09-13 :: PUBLISH golos-banka-2026-09-13 ...
FAIL golos-banka-2026-09-13 -> PAGE=319271621473482
FB_FAIL {"error":{"message":"(#100) 0 does not resolve to a valid user ID","type":"OAuthException","code":100,"fbtrace_id":"AdCLPkP3opmfnYkEblJtcS5"}}
DONE ok=0 skip=0 fail=1
2026-09-13 18:52:01 PENDING ig (no IG token - run ig/ig-ensure-token.ps1)
2026-09-13 18:52:01 CYCLE 2026-09-13 18:52:01 :: tg=0/0 fb=0/1 vk=0/0
2026-09-13 18:57:04 FAIL fb golos-banka-2026-09-13 :: PUBLISH golos-banka-2026-09-13 ...
FAIL golos-banka-2026-09-13 -> PAGE=319271621473482
FB_FAIL {"error":{"message":"(#100) 0 does not resolve to a valid user ID","type":"OAuthException","code":100,"fbtrace_id":"AMEpw_4v78CWul7ZrOoNH8O"}}
DONE ok=0 skip=0 fail=1
2026-09-13 18:57:06 PENDING ig (no IG token - run ig/ig-ensure-token.ps1)
2026-09-13 18:57:06 CYCLE 2026-09-13 18:57:06 :: tg=0/0 fb=0/1 vk=0/0
2026-09-13 19:02:09 FAIL fb golos-banka-2026-09-13 :: PUBLISH golos-banka-2026-09-13 ...
FAIL golos-banka-2026-09-13 -> PAGE=319271621473482
FB_FAIL {"error":{"message":"(#100) 0 does not resolve to a valid user ID","type":"OAuthException","code":100,"fbtrace_id":"Agr0YIKIEzG9A0XmCoxRdQF"}}
DONE ok=0 skip=0 fail=1
2026-09-13 19:02:11 PENDING ig (no IG token - run ig/ig-ensure-token.ps1)
2026-09-13 19:02:11 CYCLE 2026-09-13 19:02:11 :: tg=0/0 fb=0/1 vk=0/0
2026-09-13 19:07:14 FAIL fb golos-banka-2026-09-13 :: PUBLISH golos-banka-2026-09-13 ...
FAIL golos-banka-2026-09-13 -> PAGE=319271621473482
FB_FAIL {"error":{"message":"(#100) 0 does not resolve to a valid user ID","type":"OAuthException","code":100,"fbtrace_id":"AbVLx9Vcyzk9h3uzYJ0SgBK"}}
DONE ok=0 skip=0 fail=1
2026-09-13 19:07:16 PENDING ig (no IG token - run ig/ig-ensure-token.ps1)
2026-09-13 19:07:16 CYCLE 2026-09-13 19:07:16 :: tg=0/0 fb=0/1 vk=0/0
2026-09-13 19:12:19 FAIL fb golos-banka-2026-09-13 :: PUBLISH golos-banka-2026-09-13 ...
FAIL golos-banka-2026-09-13 -> PAGE=319271621473482
FB_FAIL {"error":{"message":"(#100) 0 does not resolve to a valid user ID","type":"OAuthException","code":100,"fbtrace_id":"Abyfd5I5E6fc1_zNnRe8SN3"}}
DONE ok=0 skip=0 fail=1
2026-09-13 19:12:21 PENDING ig (no IG token - run ig/ig-ensure-token.ps1)
2026-09-13 19:12:21 CYCLE 2026-09-13 19:12:21 :: tg=0/0 fb=0/1 vk=0/0
2026-09-13 19:17:24 FAIL fb golos-banka-2026-09-13 :: PUBLISH golos-banka-2026-09-13 ...
FAIL golos-banka-2026-09-13 -> PAGE=319271621473482
FB_FAIL {"error":{"message":"(#100) 0 does not resolve to a valid user ID","type":"OAuthException","code":100,"fbtrace_id":"AsPyS3niume8h56uqJj4IDo"}}
DONE ok=0 skip=0 fail=1
2026-09-13 19:17:26 PENDING ig (no IG token - run ig/ig-ensure-token.ps1)
2026-09-13 19:17:26 CYCLE 2026-09-13 19:17:26 :: tg=0/0 fb=0/1 vk=0/0
2026-09-13 19:22:29 FAIL fb golos-banka-2026-09-13 :: PUBLISH golos-banka-2026-09-13 ...
FAIL golos-banka-2026-09-13 -> PAGE=319271621473482
FB_FAIL {"error":{"message":"(#100) 0 does not resolve to a valid user ID","type":"OAuthException","code":100,"fbtrace_id":"AX9PbHKt89_ho5YftkCcK2q"}}
DONE ok=0 skip=0 fail=1
2026-09-13 19:22:31 PENDING ig (no IG token - run ig/ig-ensure-token.ps1)
2026-09-13 19:22:31 CYCLE 2026-09-13 19:22:31 :: tg=0/0 fb=0/1 vk=0/0
2026-09-13 19:27:33 FAIL fb golos-banka-2026-09-13 :: PUBLISH golos-banka-2026-09-13 ...
FAIL golos-banka-2026-09-13 -> PAGE=319271621473482
FB_FAIL {"error":{"message":"(#100) 0 does not resolve to a valid user ID","type":"OAuthException","code":100,"fbtrace_id":"AQDc3wrleIAi3d59lUosH-x"}}
DONE ok=0 skip=0 fail=1
2026-09-13 19:27:35 PENDING ig (no IG token - run ig/ig-ensure-token.ps1)
2026-09-13 19:27:35 CYCLE 2026-09-13 19:27:35 :: tg=0/0 fb=0/1 vk=0/0
2026-09-13 19:32:38 FAIL fb golos-banka-2026-09-13 :: PUBLISH golos-banka-2026-09-13 ...
FAIL golos-banka-2026-09-13 -> PAGE=319271621473482
FB_FAIL {"error":{"message":"(#100) 0 does not resolve to a valid user ID","type":"OAuthException","code":100,"fbtrace_id":"AD6fZGUIO94QCysEtA2oiOC"}}
DONE ok=0 skip=0 fail=1
2026-09-13 19:32:40 PENDING ig (no IG token - run ig/ig-ensure-token.ps1)
2026-09-13 19:32:40 CYCLE 2026-09-13 19:32:40 :: tg=0/0 fb=0/1 vk=0/0
2026-09-13 19:37:43 FAIL fb golos-banka-2026-09-13 :: PUBLISH golos-banka-2026-09-13 ...
FAIL golos-banka-2026-09-13 -> PAGE=319271621473482
FB_FAIL {"error":{"message":"(#100) 0 does not resolve to a valid user ID","type":"OAuthException","code":100,"fbtrace_id":"AvXnvZPTIJ1tovAUAhpuKOy"}}
DONE ok=0 skip=0 fail=1
2026-09-13 19:37:45 PENDING ig (no IG token - run ig/ig-ensure-token.ps1)
2026-09-13 19:37:45 CYCLE 2026-09-13 19:37:45 :: tg=0/0 fb=0/1 vk=0/0
2026-09-13 19:42:47 FAIL fb golos-banka-2026-09-13 :: PUBLISH golos-banka-2026-09-13 ...
FAIL golos-banka-2026-09-13 -> PAGE=319271621473482
FB_FAIL {"error":{"message":"(#100) 0 does not resolve to a valid user ID","type":"OAuthException","code":100,"fbtrace_id":"AjKM3TrFrpSWjjWPV1Z3zot"}}
DONE ok=0 skip=0 fail=1
2026-09-13 19:42:49 PENDING ig (no IG token - run ig/ig-ensure-token.ps1)
2026-09-13 19:42:49 CYCLE 2026-09-13 19:42:49 :: tg=0/0 fb=0/1 vk=0/0
2026-09-13 19:47:52 FAIL fb golos-banka-2026-09-13 :: PUBLISH golos-banka-2026-09-13 ...
FAIL golos-banka-2026-09-13 -> PAGE=319271621473482
FB_FAIL {"error":{"message":"(#100) 0 does not resolve to a valid user ID","type":"OAuthException","code":100,"fbtrace_id":"Ay7GvBzNSXNcdT2YeKlS85i"}}
DONE ok=0 skip=0 fail=1
2026-09-13 19:47:54 PENDING ig (no IG token - run ig/ig-ensure-token.ps1)
2026-09-13 19:47:54 CYCLE 2026-09-13 19:47:54 :: tg=0/0 fb=0/1 vk=0/0
2026-09-13 19:52:57 FAIL fb golos-banka-2026-09-13 :: PUBLISH golos-banka-2026-09-13 ...
FAIL golos-banka-2026-09-13 -> PAGE=319271621473482
FB_FAIL {"error":{"message":"(#100) 0 does not resolve to a valid user ID","type":"OAuthException","code":100,"fbtrace_id":"AMfWpKiM6I5RvHA3U1F4gF6"}}
DONE ok=0 skip=0 fail=1
2026-09-13 19:52:59 PENDING ig (no IG token - run ig/ig-ensure-token.ps1)
2026-09-13 19:52:59 CYCLE 2026-09-13 19:52:59 :: tg=0/0 fb=0/1 vk=0/0
2026-09-13 19:58:01 FAIL fb golos-banka-2026-09-13 :: PUBLISH golos-banka-2026-09-13 ...
FAIL golos-banka-2026-09-13 -> PAGE=319271621473482
FB_FAIL {"error":{"message":"(#100) 0 does not resolve to a valid user ID","type":"OAuthException","code":100,"fbtrace_id":"AhAywKcCXDLZt9mf6l7Gpkt"}}
DONE ok=0 skip=0 fail=1
2026-09-13 19:58:03 PENDING ig (no IG token - run ig/ig-ensure-token.ps1)
2026-09-13 19:58:03 CYCLE 2026-09-13 19:58:03 :: tg=0/0 fb=0/1 vk=0/0
2026-09-13 20:03:06 FAIL fb golos-banka-2026-09-13 :: PUBLISH golos-banka-2026-09-13 ...
FAIL golos-banka-2026-09-13 -> PAGE=319271621473482
FB_FAIL {"error":{"message":"(#100) 0 does not resolve to a valid user ID","type":"OAuthException","code":100,"fbtrace_id":"AYKQdQj6qkIjs93WD-B0CdT"}}
DONE ok=0 skip=0 fail=1
2026-09-13 20:03:08 PENDING ig (no IG token - run ig/ig-ensure-token.ps1)
2026-09-13 20:03:08 CYCLE 2026-09-13 20:03:08 :: tg=0/0 fb=0/1 vk=0/0
2026-09-13 20:08:10 FAIL fb golos-banka-2026-09-13 :: PUBLISH golos-banka-2026-09-13 ...
FAIL golos-banka-2026-09-13 -> PAGE=319271621473482
FB_FAIL {"error":{"message":"(#100) 0 does not resolve to a valid user ID","type":"OAuthException","code":100,"fbtrace_id":"AzA9HNOZNZ1tgxeyieD8-WK"}}
DONE ok=0 skip=0 fail=1
2026-09-13 20:08:12 PENDING ig (no IG token - run ig/ig-ensure-token.ps1)
2026-09-13 20:08:12 CYCLE 2026-09-13 20:08:12 :: tg=0/0 fb=0/1 vk=0/0
2026-09-13 20:13:15 FAIL fb golos-banka-2026-09-13 :: PUBLISH golos-banka-2026-09-13 ...
FAIL golos-banka-2026-09-13 -> PAGE=319271621473482
FB_FAIL {"error":{"message":"(#100) 0 does not resolve to a valid user ID","type":"OAuthException","code":100,"fbtrace_id":"AR7iQCdtCJ_bfH1ONqfWkfy"}}
DONE ok=0 skip=0 fail=1
2026-09-13 20:13:17 PENDING ig (no IG token - run ig/ig-ensure-token.ps1)
2026-09-13 20:13:17 CYCLE 2026-09-13 20:13:17 :: tg=0/0 fb=0/1 vk=0/0
2026-09-13 20:18:19 FAIL fb golos-banka-2026-09-13 :: PUBLISH golos-banka-2026-09-13 ...
FAIL golos-banka-2026-09-13 -> PAGE=319271621473482
FB_FAIL {"error":{"message":"(#100) 0 does not resolve to a valid user ID","type":"OAuthException","code":100,"fbtrace_id":"AtCfr-eKPqYSpN8L75w6fup"}}
DONE ok=0 skip=0 fail=1
2026-09-13 20:18:21 PENDING ig (no IG token - run ig/ig-ensure-token.ps1)
2026-09-13 20:18:21 CYCLE 2026-09-13 20:18:21 :: tg=0/0 fb=0/1 vk=0/0
2026-09-13 20:23:24 FAIL fb golos-banka-2026-09-13 :: PUBLISH golos-banka-2026-09-13 ...
FAIL golos-banka-2026-09-13 -> PAGE=319271621473482
FB_FAIL {"error":{"message":"(#100) 0 does not resolve to a valid user ID","type":"OAuthException","code":100,"fbtrace_id":"AjoQx7sdF6MqhW6YfFUh13K"}}
DONE ok=0 skip=0 fail=1
2026-09-13 20:23:26 PENDING ig (no IG token - run ig/ig-ensure-token.ps1)
2026-09-13 20:23:26 CYCLE 2026-09-13 20:23:26 :: tg=0/0 fb=0/1 vk=0/0
2026-09-13 20:28:29 FAIL fb golos-banka-2026-09-13 :: PUBLISH golos-banka-2026-09-13 ...
FAIL golos-banka-2026-09-13 -> PAGE=319271621473482
FB_FAIL {"error":{"message":"(#100) 0 does not resolve to a valid user ID","type":"OAuthException","code":100,"fbtrace_id":"AU5XLOU0s9lb9zC9bV7_1Ke"}}
DONE ok=0 skip=0 fail=1
2026-09-13 20:28:31 PENDING ig (no IG token - run ig/ig-ensure-token.ps1)
2026-09-13 20:28:31 CYCLE 2026-09-13 20:28:31 :: tg=0/0 fb=0/1 vk=0/0
2026-09-13 20:33:34 FAIL fb golos-banka-2026-09-13 :: PUBLISH golos-banka-2026-09-13 ...
FAIL golos-banka-2026-09-13 -> PAGE=319271621473482
FB_FAIL {"error":{"message":"(#100) 0 does not resolve to a valid user ID","type":"OAuthException","code":100,"fbtrace_id":"AP6X4AurhMXmVqf1SxOSKdp"}}
DONE ok=0 skip=0 fail=1
2026-09-13 20:33:36 PENDING ig (no IG token - run ig/ig-ensure-token.ps1)
2026-09-13 20:33:36 CYCLE 2026-09-13 20:33:36 :: tg=0/0 fb=0/1 vk=0/0
2026-09-13 20:38:39 FAIL fb golos-banka-2026-09-13 :: PUBLISH golos-banka-2026-09-13 ...
FAIL golos-banka-2026-09-13 -> PAGE=319271621473482
FB_FAIL {"error":{"message":"(#100) 0 does not resolve to a valid user ID","type":"OAuthException","code":100,"fbtrace_id":"Af82k07Ap2v28AIGu3zNIFf"}}
DONE ok=0 skip=0 fail=1
2026-09-13 20:38:41 PENDING ig (no IG token - run ig/ig-ensure-token.ps1)
2026-09-13 20:38:41 CYCLE 2026-09-13 20:38:41 :: tg=0/0 fb=0/1 vk=0/0
2026-09-13 20:43:44 FAIL fb golos-banka-2026-09-13 :: PUBLISH golos-banka-2026-09-13 ...
FAIL golos-banka-2026-09-13 -> PAGE=319271621473482
FB_FAIL {"error":{"message":"(#100) 0 does not resolve to a valid user ID","type":"OAuthException","code":100,"fbtrace_id":"AysSJenet-E5i4l-ykxaAFI"}}
DONE ok=0 skip=0 fail=1
2026-09-13 20:43:46 PENDING ig (no IG token - run ig/ig-ensure-token.ps1)
2026-09-13 20:43:46 CYCLE 2026-09-13 20:43:46 :: tg=0/0 fb=0/1 vk=0/0
2026-09-13 20:48:48 FAIL fb golos-banka-2026-09-13 :: PUBLISH golos-banka-2026-09-13 ...
FAIL golos-banka-2026-09-13 -> PAGE=319271621473482
FB_FAIL {"error":{"message":"(#100) 0 does not resolve to a valid user ID","type":"OAuthException","code":100,"fbtrace_id":"AhbwYHMPVY1vkJiPk5SL0IQ"}}
DONE ok=0 skip=0 fail=1
2026-09-13 20:48:50 PENDING ig (no IG token - run ig/ig-ensure-token.ps1)
2026-09-13 20:48:50 CYCLE 2026-09-13 20:48:50 :: tg=0/0 fb=0/1 vk=0/0
2026-09-13 20:53:53 FAIL fb golos-banka-2026-09-13 :: PUBLISH golos-banka-2026-09-13 ...
FAIL golos-banka-2026-09-13 -> PAGE=319271621473482
FB_FAIL {"error":{"message":"(#100) 0 does not resolve to a valid user ID","type":"OAuthException","code":100,"fbtrace_id":"AZn8HQmxmP7oH9wOaimvn5P"}}
DONE ok=0 skip=0 fail=1
2026-09-13 20:53:55 PENDING ig (no IG token - run ig/ig-ensure-token.ps1)
2026-09-13 20:53:55 CYCLE 2026-09-13 20:53:55 :: tg=0/0 fb=0/1 vk=0/0
2026-09-13 20:58:58 FAIL fb golos-banka-2026-09-13 :: PUBLISH golos-banka-2026-09-13 ...
FAIL golos-banka-2026-09-13 -> PAGE=319271621473482
FB_FAIL {"error":{"message":"(#100) 0 does not resolve to a valid user ID","type":"OAuthException","code":100,"fbtrace_id":"AHFih1EjPNFwUpTuL-bbOB-"}}
DONE ok=0 skip=0 fail=1
2026-09-13 20:59:00 PENDING ig (no IG token - run ig/ig-ensure-token.ps1)
2026-09-13 20:59:00 CYCLE 2026-09-13 20:59:00 :: tg=0/0 fb=0/1 vk=0/0
2026-09-13 21:04:02 FAIL fb golos-banka-2026-09-13 :: PUBLISH golos-banka-2026-09-13 ...
FAIL golos-banka-2026-09-13 -> PAGE=319271621473482
FB_FAIL {"error":{"message":"(#100) 0 does not resolve to a valid user ID","type":"OAuthException","code":100,"fbtrace_id":"Aq-MFWq1RYiG1QSqOx2Pm0I"}}
DONE ok=0 skip=0 fail=1
2026-09-13 21:04:04 PENDING ig (no IG token - run ig/ig-ensure-token.ps1)
2026-09-13 21:04:04 CYCLE 2026-09-13 21:04:04 :: tg=0/0 fb=0/1 vk=0/0
2026-09-13 21:09:07 FAIL fb golos-banka-2026-09-13 :: PUBLISH golos-banka-2026-09-13 ...
FAIL golos-banka-2026-09-13 -> PAGE=319271621473482
FB_FAIL {"error":{"message":"(#100) 0 does not resolve to a valid user ID","type":"OAuthException","code":100,"fbtrace_id":"A3GkESepdhwU5FrO35EFybX"}}
DONE ok=0 skip=0 fail=1
2026-09-13 21:09:09 PENDING ig (no IG token - run ig/ig-ensure-token.ps1)
2026-09-13 21:09:09 CYCLE 2026-09-13 21:09:09 :: tg=0/0 fb=0/1 vk=0/0
2026-09-13 21:14:12 FAIL fb golos-banka-2026-09-13 :: PUBLISH golos-banka-2026-09-13 ...
FAIL golos-banka-2026-09-13 -> PAGE=319271621473482
FB_FAIL {"error":{"message":"(#100) 0 does not resolve to a valid user ID","type":"OAuthException","code":100,"fbtrace_id":"A2mfTY9Tsxgy1_n7rzFbP7E"}}
DONE ok=0 skip=0 fail=1
2026-09-13 21:14:14 PENDING ig (no IG token - run ig/ig-ensure-token.ps1)
2026-09-13 21:14:14 CYCLE 2026-09-13 21:14:14 :: tg=0/0 fb=0/1 vk=0/0
2026-09-13 21:19:17 FAIL fb golos-banka-2026-09-13 :: PUBLISH golos-banka-2026-09-13 ...
FAIL golos-banka-2026-09-13 -> PAGE=319271621473482
FB_FAIL {"error":{"message":"(#100) 0 does not resolve to a valid user ID","type":"OAuthException","code":100,"fbtrace_id":"AIvQK4aicZZdU9rRfxO3Vj-"}}
DONE ok=0 skip=0 fail=1
2026-09-13 21:19:19 PENDING ig (no IG token - run ig/ig-ensure-token.ps1)
2026-09-13 21:19:19 CYCLE 2026-09-13 21:19:19 :: tg=0/0 fb=0/1 vk=0/0
2026-09-13 21:24:21 FAIL fb golos-banka-2026-09-13 :: PUBLISH golos-banka-2026-09-13 ...
FAIL golos-banka-2026-09-13 -> PAGE=319271621473482
FB_FAIL {"error":{"message":"(#100) 0 does not resolve to a valid user ID","type":"OAuthException","code":100,"fbtrace_id":"A6SCOUpGZLynV1ifsn1BuLB"}}
DONE ok=0 skip=0 fail=1
2026-09-13 21:24:23 PENDING ig (no IG token - run ig/ig-ensure-token.ps1)
2026-09-13 21:24:23 CYCLE 2026-09-13 21:24:23 :: tg=0/0 fb=0/1 vk=0/0
2026-09-13 21:29:26 FAIL fb golos-banka-2026-09-13 :: PUBLISH golos-banka-2026-09-13 ...
FAIL golos-banka-2026-09-13 -> PAGE=319271621473482
FB_FAIL {"error":{"message":"(#100) 0 does not resolve to a valid user ID","type":"OAuthException","code":100,"fbtrace_id":"AH-pMr3n9n-H8gu11HuTEIl"}}
DONE ok=0 skip=0 fail=1
2026-09-13 21:29:28 PENDING ig (no IG token - run ig/ig-ensure-token.ps1)
2026-09-13 21:29:28 CYCLE 2026-09-13 21:29:28 :: tg=0/0 fb=0/1 vk=0/0
2026-09-13 21:34:31 FAIL fb golos-banka-2026-09-13 :: PUBLISH golos-banka-2026-09-13 ...
FAIL golos-banka-2026-09-13 -> PAGE=319271621473482
FB_FAIL {"error":{"message":"(#100) 0 does not resolve to a valid user ID","type":"OAuthException","code":100,"fbtrace_id":"ASu12dtyh6s-H2jHrq1HVXd"}}
DONE ok=0 skip=0 fail=1
2026-09-13 21:34:33 PENDING ig (no IG token - run ig/ig-ensure-token.ps1)
2026-09-13 21:34:33 CYCLE 2026-09-13 21:34:33 :: tg=0/0 fb=0/1 vk=0/0
2026-09-13 21:39:35 FAIL fb golos-banka-2026-09-13 :: PUBLISH golos-banka-2026-09-13 ...
FAIL golos-banka-2026-09-13 -> PAGE=319271621473482
FB_FAIL {"error":{"message":"(#100) 0 does not resolve to a valid user ID","type":"OAuthException","code":100,"fbtrace_id":"A1H2ltK-die7izxpgkmJ_0G"}}
DONE ok=0 skip=0 fail=1
2026-09-13 21:39:37 PENDING ig (no IG token - run ig/ig-ensure-token.ps1)
2026-09-13 21:39:37 CYCLE 2026-09-13 21:39:37 :: tg=0/0 fb=0/1 vk=0/0
2026-09-13 21:44:40 FAIL fb golos-banka-2026-09-13 :: PUBLISH golos-banka-2026-09-13 ...
FAIL golos-banka-2026-09-13 -> PAGE=319271621473482
FB_FAIL {"error":{"message":"(#100) 0 does not resolve to a valid user ID","type":"OAuthException","code":100,"fbtrace_id":"ATNMRjm8NAqX6nsjpuBM4YX"}}
DONE ok=0 skip=0 fail=1
2026-09-13 21:44:42 PENDING ig (no IG token - run ig/ig-ensure-token.ps1)
2026-09-13 21:44:42 CYCLE 2026-09-13 21:44:42 :: tg=0/0 fb=0/1 vk=0/0
2026-09-13 21:49:45 FAIL fb golos-banka-2026-09-13 :: PUBLISH golos-banka-2026-09-13 ...
FAIL golos-banka-2026-09-13 -> PAGE=319271621473482
FB_FAIL {"error":{"message":"(#100) 0 does not resolve to a valid user ID","type":"OAuthException","code":100,"fbtrace_id":"AX_CEi46ekLqkH_Ovo21gJp"}}
DONE ok=0 skip=0 fail=1
2026-09-13 21:49:47 PENDING ig (no IG token - run ig/ig-ensure-token.ps1)
2026-09-13 21:49:47 CYCLE 2026-09-13 21:49:47 :: tg=0/0 fb=0/1 vk=0/0
2026-09-13 21:54:49 FAIL fb golos-banka-2026-09-13 :: PUBLISH golos-banka-2026-09-13 ...
FAIL golos-banka-2026-09-13 -> PAGE=319271621473482
FB_FAIL {"error":{"message":"(#100) 0 does not resolve to a valid user ID","type":"OAuthException","code":100,"fbtrace_id":"Aa6bVnrduKZJVhZV4FtbLX9"}}
DONE ok=0 skip=0 fail=1
2026-09-13 21:54:51 PENDING ig (no IG token - run ig/ig-ensure-token.ps1)
2026-09-13 21:54:51 CYCLE 2026-09-13 21:54:51 :: tg=0/0 fb=0/1 vk=0/0
2026-09-13 21:59:54 FAIL fb golos-banka-2026-09-13 :: PUBLISH golos-banka-2026-09-13 ...
FAIL golos-banka-2026-09-13 -> PAGE=319271621473482
FB_FAIL {"error":{"message":"(#100) 0 does not resolve to a valid user ID","type":"OAuthException","code":100,"fbtrace_id":"ASvxxt31VLjtzps0l2G7JNZ"}}
DONE ok=0 skip=0 fail=1
2026-09-13 21:59:56 PENDING ig (no IG token - run ig/ig-ensure-token.ps1)
2026-09-13 21:59:56 CYCLE 2026-09-13 21:59:56 :: tg=0/0 fb=0/1 vk=0/0
2026-09-13 22:04:59 FAIL fb golos-banka-2026-09-13 :: PUBLISH golos-banka-2026-09-13 ...
FAIL golos-banka-2026-09-13 -> PAGE=319271621473482
FB_FAIL {"error":{"message":"(#100) 0 does not resolve to a valid user ID","type":"OAuthException","code":100,"fbtrace_id":"Ax4KXUkNFT20qzEb714neFe"}}
DONE ok=0 skip=0 fail=1
2026-09-13 22:05:01 PENDING ig (no IG token - run ig/ig-ensure-token.ps1)
2026-09-13 22:05:01 CYCLE 2026-09-13 22:05:01 :: tg=0/0 fb=0/1 vk=0/0
2026-09-13 22:10:03 FAIL fb golos-banka-2026-09-13 :: PUBLISH golos-banka-2026-09-13 ...
FAIL golos-banka-2026-09-13 -> PAGE=319271621473482
FB_FAIL {"error":{"message":"(#100) 0 does not resolve to a valid user ID","type":"OAuthException","code":100,"fbtrace_id":"AIwSFKl_IFvaMr4ej9JfAUo"}}
DONE ok=0 skip=0 fail=1
2026-09-13 22:10:05 PENDING ig (no IG token - run ig/ig-ensure-token.ps1)
2026-09-13 22:10:05 CYCLE 2026-09-13 22:10:05 :: tg=0/0 fb=0/1 vk=0/0
2026-09-13 22:15:08 FAIL fb golos-banka-2026-09-13 :: PUBLISH golos-banka-2026-09-13 ...
FAIL golos-banka-2026-09-13 -> PAGE=319271621473482
FB_FAIL {"error":{"message":"(#100) 0 does not resolve to a valid user ID","type":"OAuthException","code":100,"fbtrace_id":"A96VIjNC5uvzGCUoIagzbaq"}}
DONE ok=0 skip=0 fail=1
2026-09-13 22:15:10 PENDING ig (no IG token - run ig/ig-ensure-token.ps1)
2026-09-13 22:15:10 CYCLE 2026-09-13 22:15:10 :: tg=0/0 fb=0/1 vk=0/0
2026-09-13 22:20:12 FAIL fb golos-banka-2026-09-13 :: PUBLISH golos-banka-2026-09-13 ...
FAIL golos-banka-2026-09-13 -> PAGE=319271621473482
FB_FAIL {"error":{"message":"(#100) 0 does not resolve to a valid user ID","type":"OAuthException","code":100,"fbtrace_id":"A5IiTnSG9MqcKq6owhBWD7T"}}
DONE ok=0 skip=0 fail=1
2026-09-13 22:20:14 PENDING ig (no IG token - run ig/ig-ensure-token.ps1)
2026-09-13 22:20:14 CYCLE 2026-09-13 22:20:14 :: tg=0/0 fb=0/1 vk=0/0
2026-09-13 22:25:17 FAIL fb golos-banka-2026-09-13 :: PUBLISH golos-banka-2026-09-13 ...
FAIL golos-banka-2026-09-13 -> PAGE=319271621473482
FB_FAIL {"error":{"message":"(#100) 0 does not resolve to a valid user ID","type":"OAuthException","code":100,"fbtrace_id":"ALOrcfMBJXfst8GDG6tAATj"}}
DONE ok=0 skip=0 fail=1
2026-09-13 22:25:19 PENDING ig (no IG token - run ig/ig-ensure-token.ps1)
2026-09-13 22:25:19 CYCLE 2026-09-13 22:25:19 :: tg=0/0 fb=0/1 vk=0/0
2026-09-13 22:30:21 FAIL fb golos-banka-2026-09-13 :: PUBLISH golos-banka-2026-09-13 ...
FAIL golos-banka-2026-09-13 -> PAGE=319271621473482
FB_FAIL {"error":{"message":"(#100) 0 does not resolve to a valid user ID","type":"OAuthException","code":100,"fbtrace_id":"AtxSmI7ahiQzvmdD5pdd57q"}}
DONE ok=0 skip=0 fail=1
2026-09-13 22:30:23 PENDING ig (no IG token - run ig/ig-ensure-token.ps1)
2026-09-13 22:30:23 CYCLE 2026-09-13 22:30:23 :: tg=0/0 fb=0/1 vk=0/0
2026-09-13 22:35:26 FAIL fb golos-banka-2026-09-13 :: PUBLISH golos-banka-2026-09-13 ...
FAIL golos-banka-2026-09-13 -> PAGE=319271621473482
FB_FAIL {"error":{"message":"(#100) 0 does not resolve to a valid user ID","type":"OAuthException","code":100,"fbtrace_id":"A3SmtAc4w_X3CMopjA1yntz"}}
DONE ok=0 skip=0 fail=1
2026-09-13 22:35:28 PENDING ig (no IG token - run ig/ig-ensure-token.ps1)
2026-09-13 22:35:28 CYCLE 2026-09-13 22:35:28 :: tg=0/0 fb=0/1 vk=0/0
2026-09-13 22:40:30 FAIL fb golos-banka-2026-09-13 :: PUBLISH golos-banka-2026-09-13 ...
FAIL golos-banka-2026-09-13 -> PAGE=319271621473482
FB_FAIL {"error":{"message":"(#100) 0 does not resolve to a valid user ID","type":"OAuthException","code":100,"fbtrace_id":"Av2YZ7PkZQEntzAc_iRnMgq"}}
DONE ok=0 skip=0 fail=1
2026-09-13 22:40:32 PENDING ig (no IG token - run ig/ig-ensure-token.ps1)
2026-09-13 22:40:32 CYCLE 2026-09-13 22:40:32 :: tg=0/0 fb=0/1 vk=0/0
2026-09-13 22:45:35 FAIL fb golos-banka-2026-09-13 :: PUBLISH golos-banka-2026-09-13 ...
FAIL golos-banka-2026-09-13 -> PAGE=319271621473482
FB_FAIL {"error":{"message":"(#100) 0 does not resolve to a valid user ID","type":"OAuthException","code":100,"fbtrace_id":"AhIufYPpbufvn09lwfNX0gU"}}
DONE ok=0 skip=0 fail=1
2026-09-13 22:45:37 PENDING ig (no IG token - run ig/ig-ensure-token.ps1)
2026-09-13 22:45:37 CYCLE 2026-09-13 22:45:37 :: tg=0/0 fb=0/1 vk=0/0
2026-09-13 22:50:39 FAIL fb golos-banka-2026-09-13 :: PUBLISH golos-banka-2026-09-13 ...
FAIL golos-banka-2026-09-13 -> PAGE=319271621473482
FB_FAIL {"error":{"message":"(#100) 0 does not resolve to a valid user ID","type":"OAuthException","code":100,"fbtrace_id":"AJhuJGlf2c1SF6_V9kLNEsA"}}
DONE ok=0 skip=0 fail=1
2026-09-13 22:50:41 PENDING ig (no IG token - run ig/ig-ensure-token.ps1)
2026-09-13 22:50:41 CYCLE 2026-09-13 22:50:41 :: tg=0/0 fb=0/1 vk=0/0
2026-09-13 22:55:44 FAIL fb golos-banka-2026-09-13 :: PUBLISH golos-banka-2026-09-13 ...
FAIL golos-banka-2026-09-13 -> PAGE=319271621473482
FB_FAIL {"error":{"message":"(#100) 0 does not resolve to a valid user ID","type":"OAuthException","code":100,"fbtrace_id":"AaaeKC5HX_Rv0qz3ji85x58"}}
DONE ok=0 skip=0 fail=1
2026-09-13 22:55:46 PENDING ig (no IG token - run ig/ig-ensure-token.ps1)
2026-09-13 22:55:46 CYCLE 2026-09-13 22:55:46 :: tg=0/0 fb=0/1 vk=0/0
2026-09-13 23:00:48 FAIL fb golos-banka-2026-09-13 :: PUBLISH golos-banka-2026-09-13 ...
FAIL golos-banka-2026-09-13 -> PAGE=319271621473482
FB_FAIL {"error":{"message":"(#100) 0 does not resolve to a valid user ID","type":"OAuthException","code":100,"fbtrace_id":"AhgyorZuz81AQRaIqu7PsV3"}}
DONE ok=0 skip=0 fail=1
2026-09-13 23:00:50 PENDING ig (no IG token - run ig/ig-ensure-token.ps1)
2026-09-13 23:00:50 CYCLE 2026-09-13 23:00:50 :: tg=0/0 fb=0/1 vk=0/0
2026-09-13 23:05:53 FAIL fb golos-banka-2026-09-13 :: PUBLISH golos-banka-2026-09-13 ...
FAIL golos-banka-2026-09-13 -> PAGE=319271621473482
FB_FAIL {"error":{"message":"(#100) 0 does not resolve to a valid user ID","type":"OAuthException","code":100,"fbtrace_id":"AiI5qP6hyEpG-ehvG8BSgpn"}}
DONE ok=0 skip=0 fail=1
2026-09-13 23:05:55 PENDING ig (no IG token - run ig/ig-ensure-token.ps1)
2026-09-13 23:05:55 CYCLE 2026-09-13 23:05:55 :: tg=0/0 fb=0/1 vk=0/0
2026-09-13 23:10:57 FAIL fb golos-banka-2026-09-13 :: PUBLISH golos-banka-2026-09-13 ...
FAIL golos-banka-2026-09-13 -> PAGE=319271621473482
FB_FAIL {"error":{"message":"(#100) 0 does not resolve to a valid user ID","type":"OAuthException","code":100,"fbtrace_id":"APPRqmAi-MsRXEWT68WsOt2"}}
DONE ok=0 skip=0 fail=1
2026-09-13 23:10:59 PENDING ig (no IG token - run ig/ig-ensure-token.ps1)
2026-09-13 23:10:59 CYCLE 2026-09-13 23:10:59 :: tg=0/0 fb=0/1 vk=0/0
2026-09-13 23:16:02 FAIL fb golos-banka-2026-09-13 :: PUBLISH golos-banka-2026-09-13 ...
FAIL golos-banka-2026-09-13 -> PAGE=319271621473482
FB_FAIL {"error":{"message":"(#100) 0 does not resolve to a valid user ID","type":"OAuthException","code":100,"fbtrace_id":"A5vGWet3bQe-lwxgbaRzPk_"}}
DONE ok=0 skip=0 fail=1
2026-09-13 23:16:04 PENDING ig (no IG token - run ig/ig-ensure-token.ps1)
2026-09-13 23:16:04 CYCLE 2026-09-13 23:16:04 :: tg=0/0 fb=0/1 vk=0/0
2026-09-13 23:21:06 FAIL fb golos-banka-2026-09-13 :: PUBLISH golos-banka-2026-09-13 ...
FAIL golos-banka-2026-09-13 -> PAGE=319271621473482
FB_FAIL {"error":{"message":"(#100) 0 does not resolve to a valid user ID","type":"OAuthException","code":100,"fbtrace_id":"Ap79K82acoAkHDFqt0gMEl2"}}
DONE ok=0 skip=0 fail=1
2026-09-13 23:21:08 PENDING ig (no IG token - run ig/ig-ensure-token.ps1)
2026-09-13 23:21:08 CYCLE 2026-09-13 23:21:08 :: tg=0/0 fb=0/1 vk=0/0
2026-09-13 23:26:11 FAIL fb golos-banka-2026-09-13 :: PUBLISH golos-banka-2026-09-13 ...
FAIL golos-banka-2026-09-13 -> PAGE=319271621473482
FB_FAIL {"error":{"message":"(#100) 0 does not resolve to a valid user ID","type":"OAuthException","code":100,"fbtrace_id":"AiyuTcGWjd-25Sme8I2Ubix"}}
DONE ok=0 skip=0 fail=1
2026-09-13 23:26:13 PENDING ig (no IG token - run ig/ig-ensure-token.ps1)
2026-09-13 23:26:13 CYCLE 2026-09-13 23:26:13 :: tg=0/0 fb=0/1 vk=0/0
2026-09-13 23:31:15 FAIL fb golos-banka-2026-09-13 :: PUBLISH golos-banka-2026-09-13 ...
FAIL golos-banka-2026-09-13 -> PAGE=319271621473482
FB_FAIL {"error":{"message":"(#100) 0 does not resolve to a valid user ID","type":"OAuthException","code":100,"fbtrace_id":"AsEjbrc6yFZZjuByARuDudP"}}
DONE ok=0 skip=0 fail=1
2026-09-13 23:31:17 PENDING ig (no IG token - run ig/ig-ensure-token.ps1)
2026-09-13 23:31:17 CYCLE 2026-09-13 23:31:17 :: tg=0/0 fb=0/1 vk=0/0
2026-09-13 23:36:20 FAIL fb golos-banka-2026-09-13 :: PUBLISH golos-banka-2026-09-13 ...
FAIL golos-banka-2026-09-13 -> PAGE=319271621473482
FB_FAIL {"error":{"message":"(#100) 0 does not resolve to a valid user ID","type":"OAuthException","code":100,"fbtrace_id":"AD7TZdi135gbmWv_9jT2oit"}}
DONE ok=0 skip=0 fail=1
2026-09-13 23:36:22 PENDING ig (no IG token - run ig/ig-ensure-token.ps1)
2026-09-13 23:36:22 CYCLE 2026-09-13 23:36:22 :: tg=0/0 fb=0/1 vk=0/0
2026-09-13 23:41:24 FAIL fb golos-banka-2026-09-13 :: PUBLISH golos-banka-2026-09-13 ...
FAIL golos-banka-2026-09-13 -> PAGE=319271621473482
FB_FAIL {"error":{"message":"(#100) 0 does not resolve to a valid user ID","type":"OAuthException","code":100,"fbtrace_id":"AAYSp0X2MO-8c3rWb0iW1Qx"}}
DONE ok=0 skip=0 fail=1
2026-09-13 23:41:26 PENDING ig (no IG token - run ig/ig-ensure-token.ps1)
2026-09-13 23:41:26 CYCLE 2026-09-13 23:41:26 :: tg=0/0 fb=0/1 vk=0/0
2026-09-13 23:46:28 FAIL fb golos-banka-2026-09-13 :: PUBLISH golos-banka-2026-09-13 ...
FAIL golos-banka-2026-09-13 -> PAGE=319271621473482
FB_FAIL {"error":{"message":"(#100) 0 does not resolve to a valid user ID","type":"OAuthException","code":100,"fbtrace_id":"ATZZjiffV-VHEwgTE8HiXKr"}}
DONE ok=0 skip=0 fail=1
2026-09-13 23:46:30 PENDING ig (no IG token - run ig/ig-ensure-token.ps1)
2026-09-13 23:46:30 CYCLE 2026-09-13 23:46:30 :: tg=0/0 fb=0/1 vk=0/0
2026-09-13 23:51:33 FAIL fb golos-banka-2026-09-13 :: PUBLISH golos-banka-2026-09-13 ...
FAIL golos-banka-2026-09-13 -> PAGE=319271621473482
FB_FAIL {"error":{"message":"(#100) 0 does not resolve to a valid user ID","type":"OAuthException","code":100,"fbtrace_id":"AD1IDda4kextA4-6dQ4fHqS"}}
DONE ok=0 skip=0 fail=1
2026-09-13 23:51:35 PENDING ig (no IG token - run ig/ig-ensure-token.ps1)
2026-09-13 23:51:35 CYCLE 2026-09-13 23:51:35 :: tg=0/0 fb=0/1 vk=0/0
2026-09-13 23:56:37 FAIL fb golos-banka-2026-09-13 :: PUBLISH golos-banka-2026-09-13 ...
FAIL golos-banka-2026-09-13 -> PAGE=319271621473482
FB_FAIL {"error":{"message":"(#100) 0 does not resolve to a valid user ID","type":"OAuthException","code":100,"fbtrace_id":"AA5Ioh0zCl9F7siMPlPXdSf"}}
DONE ok=0 skip=0 fail=1
2026-09-13 23:56:39 PENDING ig (no IG token - run ig/ig-ensure-token.ps1)
2026-09-13 23:56:39 CYCLE 2026-09-13 23:56:39 :: tg=0/0 fb=0/1 vk=0/0
2026-09-14 00:01:42 FAIL fb golos-banka-2026-09-13 :: PUBLISH golos-banka-2026-09-13 ...
FAIL golos-banka-2026-09-13 -> PAGE=319271621473482
FB_FAIL {"error":{"message":"(#100) 0 does not resolve to a valid user ID","type":"OAuthException","code":100,"fbtrace_id":"A_zqOH98s0Sj2WjFXjSg_jY"}}
DONE ok=0 skip=0 fail=1
2026-09-14 00:01:44 PENDING ig (no IG token - run ig/ig-ensure-token.ps1)
2026-09-14 00:01:44 CYCLE 2026-09-14 00:01:44 :: tg=0/0 fb=0/1 vk=0/0
2026-09-14 00:06:46 FAIL fb golos-banka-2026-09-13 :: PUBLISH golos-banka-2026-09-13 ...
FAIL golos-banka-2026-09-13 -> PAGE=319271621473482
FB_FAIL {"error":{"message":"(#100) 0 does not resolve to a valid user ID","type":"OAuthException","code":100,"fbtrace_id":"AE2gEKcKIYTd8WxrUFqsQ7R"}}
DONE ok=0 skip=0 fail=1
2026-09-14 00:06:48 PENDING ig (no IG token - run ig/ig-ensure-token.ps1)
2026-09-14 00:06:48 CYCLE 2026-09-14 00:06:48 :: tg=0/0 fb=0/1 vk=0/0
2026-09-14 00:11:51 FAIL fb golos-banka-2026-09-13 :: PUBLISH golos-banka-2026-09-13 ...
FAIL golos-banka-2026-09-13 -> PAGE=319271621473482
FB_FAIL {"error":{"message":"(#100) 0 does not resolve to a valid user ID","type":"OAuthException","code":100,"fbtrace_id":"AxIVoXgrWio0GksWs-QuhU3"}}
DONE ok=0 skip=0 fail=1
2026-09-14 00:11:53 PENDING ig (no IG token - run ig/ig-ensure-token.ps1)
2026-09-14 00:11:53 CYCLE 2026-09-14 00:11:53 :: tg=0/0 fb=0/1 vk=0/0
2026-09-14 00:16:56 FAIL fb golos-banka-2026-09-13 :: PUBLISH golos-banka-2026-09-13 ...
FAIL golos-banka-2026-09-13 -> PAGE=319271621473482
FB_FAIL {"error":{"message":"(#100) 0 does not resolve to a valid user ID","type":"OAuthException","code":100,"fbtrace_id":"ATVT2KX06p0HRoh9jE7FRIz"}}
DONE ok=0 skip=0 fail=1
2026-09-14 00:16:58 PENDING ig (no IG token - run ig/ig-ensure-token.ps1)
2026-09-14 00:16:58 CYCLE 2026-09-14 00:16:58 :: tg=0/0 fb=0/1 vk=0/0
2026-09-14 00:22:00 FAIL fb golos-banka-2026-09-13 :: PUBLISH golos-banka-2026-09-13 ...
FAIL golos-banka-2026-09-13 -> PAGE=319271621473482
FB_FAIL {"error":{"message":"(#100) 0 does not resolve to a valid user ID","type":"OAuthException","code":100,"fbtrace_id":"A5un3v1cRGdW8FPpKW1rOpA"}}
DONE ok=0 skip=0 fail=1
2026-09-14 00:22:02 PENDING ig (no IG token - run ig/ig-ensure-token.ps1)
2026-09-14 00:22:02 CYCLE 2026-09-14 00:22:02 :: tg=0/0 fb=0/1 vk=0/0
2026-09-14 00:27:05 FAIL fb golos-banka-2026-09-13 :: PUBLISH golos-banka-2026-09-13 ...
FAIL golos-banka-2026-09-13 -> PAGE=319271621473482
FB_FAIL {"error":{"message":"(#100) 0 does not resolve to a valid user ID","type":"OAuthException","code":100,"fbtrace_id":"AQl5djlRK_GVv-QToy4QZHc"}}
DONE ok=0 skip=0 fail=1
2026-09-14 00:27:07 PENDING ig (no IG token - run ig/ig-ensure-token.ps1)
2026-09-14 00:27:07 CYCLE 2026-09-14 00:27:07 :: tg=0/0 fb=0/1 vk=0/0
2026-09-14 00:32:09 FAIL fb golos-banka-2026-09-13 :: PUBLISH golos-banka-2026-09-13 ...
FAIL golos-banka-2026-09-13 -> PAGE=319271621473482
FB_FAIL {"error":{"message":"(#100) 0 does not resolve to a valid user ID","type":"OAuthException","code":100,"fbtrace_id":"AGT5UwjqO5PsS1NxoLdJqg7"}}
DONE ok=0 skip=0 fail=1
2026-09-14 00:32:11 PENDING ig (no IG token - run ig/ig-ensure-token.ps1)
2026-09-14 00:32:11 CYCLE 2026-09-14 00:32:11 :: tg=0/0 fb=0/1 vk=0/0
2026-09-14 00:37:14 FAIL fb golos-banka-2026-09-13 :: PUBLISH golos-banka-2026-09-13 ...
FAIL golos-banka-2026-09-13 -> PAGE=319271621473482
FB_FAIL {"error":{"message":"(#100) 0 does not resolve to a valid user ID","type":"OAuthException","code":100,"fbtrace_id":"AROxIxvY2Eqz3htlxY53SMq"}}
DONE ok=0 skip=0 fail=1
2026-09-14 00:37:16 PENDING ig (no IG token - run ig/ig-ensure-token.ps1)
2026-09-14 00:37:16 CYCLE 2026-09-14 00:37:16 :: tg=0/0 fb=0/1 vk=0/0
2026-09-14 00:42:19 FAIL fb golos-banka-2026-09-13 :: PUBLISH golos-banka-2026-09-13 ...
FAIL golos-banka-2026-09-13 -> PAGE=319271621473482
FB_FAIL {"error":{"message":"(#100) 0 does not resolve to a valid user ID","type":"OAuthException","code":100,"fbtrace_id":"AhE-OCeij5wK_dgYFPo5esN"}}
DONE ok=0 skip=0 fail=1
2026-09-14 00:42:21 PENDING ig (no IG token - run ig/ig-ensure-token.ps1)
2026-09-14 00:42:21 CYCLE 2026-09-14 00:42:21 :: tg=0/0 fb=0/1 vk=0/0
2026-09-14 00:47:24 FAIL fb golos-banka-2026-09-13 :: PUBLISH golos-banka-2026-09-13 ...
FAIL golos-banka-2026-09-13 -> PAGE=319271621473482
FB_FAIL {"error":{"message":"(#100) 0 does not resolve to a valid user ID","type":"OAuthException","code":100,"fbtrace_id":"AyZt7rjQOClOPs96eTRDJuU"}}
DONE ok=0 skip=0 fail=1
2026-09-14 00:47:26 PENDING ig (no IG token - run ig/ig-ensure-token.ps1)
2026-09-14 00:47:26 CYCLE 2026-09-14 00:47:26 :: tg=0/0 fb=0/1 vk=0/0
2026-09-14 00:52:28 FAIL fb golos-banka-2026-09-13 :: PUBLISH golos-banka-2026-09-13 ...
FAIL golos-banka-2026-09-13 -> PAGE=319271621473482
FB_FAIL {"error":{"message":"(#100) 0 does not resolve to a valid user ID","type":"OAuthException","code":100,"fbtrace_id":"Ao-NNmwuR4XL8d25YMO9Ice"}}
DONE ok=0 skip=0 fail=1
2026-09-14 00:52:30 PENDING ig (no IG token - run ig/ig-ensure-token.ps1)
2026-09-14 00:52:30 CYCLE 2026-09-14 00:52:30 :: tg=0/0 fb=0/1 vk=0/0
2026-09-14 00:57:33 FAIL fb golos-banka-2026-09-13 :: PUBLISH golos-banka-2026-09-13 ...
FAIL golos-banka-2026-09-13 -> PAGE=319271621473482
FB_FAIL {"error":{"message":"(#100) 0 does not resolve to a valid user ID","type":"OAuthException","code":100,"fbtrace_id":"AWbrTqU9CR02OFPZfMANgIV"}}
DONE ok=0 skip=0 fail=1
2026-09-14 00:57:35 PENDING ig (no IG token - run ig/ig-ensure-token.ps1)
2026-09-14 00:57:35 CYCLE 2026-09-14 00:57:35 :: tg=0/0 fb=0/1 vk=0/0
2026-09-14 01:02:38 FAIL fb golos-banka-2026-09-13 :: PUBLISH golos-banka-2026-09-13 ...
FAIL golos-banka-2026-09-13 -> PAGE=319271621473482
FB_FAIL {"error":{"message":"(#100) 0 does not resolve to a valid user ID","type":"OAuthException","code":100,"fbtrace_id":"AQsRFMeO12-j2Db-Ioh6s_y"}}
DONE ok=0 skip=0 fail=1
2026-09-14 01:02:40 PENDING ig (no IG token - run ig/ig-ensure-token.ps1)
2026-09-14 01:02:40 CYCLE 2026-09-14 01:02:40 :: tg=0/0 fb=0/1 vk=0/0
2026-09-14 01:07:42 FAIL fb golos-banka-2026-09-13 :: PUBLISH golos-banka-2026-09-13 ...
FAIL golos-banka-2026-09-13 -> PAGE=319271621473482
FB_FAIL {"error":{"message":"(#100) 0 does not resolve to a valid user ID","type":"OAuthException","code":100,"fbtrace_id":"AB6ddvZTa0QLp_idbK_gyzu"}}
DONE ok=0 skip=0 fail=1
2026-09-14 01:07:44 PENDING ig (no IG token - run ig/ig-ensure-token.ps1)
2026-09-14 01:07:44 CYCLE 2026-09-14 01:07:44 :: tg=0/0 fb=0/1 vk=0/0
2026-09-14 01:12:47 FAIL fb golos-banka-2026-09-13 :: PUBLISH golos-banka-2026-09-13 ...
FAIL golos-banka-2026-09-13 -> PAGE=319271621473482
FB_FAIL {"error":{"message":"(#100) 0 does not resolve to a valid user ID","type":"OAuthException","code":100,"fbtrace_id":"AQxPXnOvDc_zgGLiTpe65rq"}}
DONE ok=0 skip=0 fail=1
2026-09-14 01:12:49 PENDING ig (no IG token - run ig/ig-ensure-token.ps1)
2026-09-14 01:12:49 CYCLE 2026-09-14 01:12:49 :: tg=0/0 fb=0/1 vk=0/0
2026-09-14 01:17:52 FAIL fb golos-banka-2026-09-13 :: PUBLISH golos-banka-2026-09-13 ...
FAIL golos-banka-2026-09-13 -> PAGE=319271621473482
FB_FAIL {"error":{"message":"(#100) 0 does not resolve to a valid user ID","type":"OAuthException","code":100,"fbtrace_id":"Ad55aUUXCJCbeEhqV1QnNcC"}}
DONE ok=0 skip=0 fail=1
2026-09-14 01:17:54 PENDING ig (no IG token - run ig/ig-ensure-token.ps1)
2026-09-14 01:17:54 CYCLE 2026-09-14 01:17:54 :: tg=0/0 fb=0/1 vk=0/0
2026-09-14 01:22:56 FAIL fb golos-banka-2026-09-13 :: PUBLISH golos-banka-2026-09-13 ...
FAIL golos-banka-2026-09-13 -> PAGE=319271621473482
FB_FAIL {"error":{"message":"(#100) 0 does not resolve to a valid user ID","type":"OAuthException","code":100,"fbtrace_id":"A-irxnqpRKt7gFmIIJBaGpf"}}
DONE ok=0 skip=0 fail=1
2026-09-14 01:22:58 PENDING ig (no IG token - run ig/ig-ensure-token.ps1)
2026-09-14 01:22:58 CYCLE 2026-09-14 01:22:58 :: tg=0/0 fb=0/1 vk=0/0
2026-09-14 01:28:01 FAIL fb golos-banka-2026-09-13 :: PUBLISH golos-banka-2026-09-13 ...
FAIL golos-banka-2026-09-13 -> PAGE=319271621473482
FB_FAIL {"error":{"message":"(#100) 0 does not resolve to a valid user ID","type":"OAuthException","code":100,"fbtrace_id":"Aysb611vkgbtx5Hng3fpDiY"}}
DONE ok=0 skip=0 fail=1
2026-09-14 01:28:03 PENDING ig (no IG token - run ig/ig-ensure-token.ps1)
2026-09-14 01:28:03 CYCLE 2026-09-14 01:28:03 :: tg=0/0 fb=0/1 vk=0/0
2026-09-14 01:33:06 FAIL fb golos-banka-2026-09-13 :: PUBLISH golos-banka-2026-09-13 ...
FAIL golos-banka-2026-09-13 -> PAGE=319271621473482
FB_FAIL {"error":{"message":"(#100) 0 does not resolve to a valid user ID","type":"OAuthException","code":100,"fbtrace_id":"AgyDUzvXW0XsWVwcqIGF7ar"}}
DONE ok=0 skip=0 fail=1
2026-09-14 01:33:08 PENDING ig (no IG token - run ig/ig-ensure-token.ps1)
2026-09-14 01:33:08 CYCLE 2026-09-14 01:33:08 :: tg=0/0 fb=0/1 vk=0/0
2026-09-14 01:38:10 FAIL fb golos-banka-2026-09-13 :: PUBLISH golos-banka-2026-09-13 ...
FAIL golos-banka-2026-09-13 -> PAGE=319271621473482
FB_FAIL {"error":{"message":"(#100) 0 does not resolve to a valid user ID","type":"OAuthException","code":100,"fbtrace_id":"A-1XZflA5T0QrcLS9hA7tSP"}}
DONE ok=0 skip=0 fail=1
2026-09-14 01:38:12 PENDING ig (no IG token - run ig/ig-ensure-token.ps1)
2026-09-14 01:38:12 CYCLE 2026-09-14 01:38:12 :: tg=0/0 fb=0/1 vk=0/0
2026-09-14 01:43:15 FAIL fb golos-banka-2026-09-13 :: PUBLISH golos-banka-2026-09-13 ...
FAIL golos-banka-2026-09-13 -> PAGE=319271621473482
FB_FAIL {"error":{"message":"(#100) 0 does not resolve to a valid user ID","type":"OAuthException","code":100,"fbtrace_id":"AsGdjRR2x8R0zvSXat8nWO0"}}
DONE ok=0 skip=0 fail=1
2026-09-14 01:43:17 PENDING ig (no IG token - run ig/ig-ensure-token.ps1)
2026-09-14 01:43:17 CYCLE 2026-09-14 01:43:17 :: tg=0/0 fb=0/1 vk=0/0
2026-09-14 01:48:21 FAIL fb golos-banka-2026-09-13 :: PUBLISH golos-banka-2026-09-13 ...
FAIL golos-banka-2026-09-13 -> PAGE=319271621473482
FB_FAIL {"error":{"message":"(#100) 0 does not resolve to a valid user ID","type":"OAuthException","code":100,"fbtrace_id":"AeSTfi6XDAOaGe-kg4PoUXe"}}
DONE ok=0 skip=0 fail=1
2026-09-14 01:48:23 PENDING ig (no IG token - run ig/ig-ensure-token.ps1)
2026-09-14 01:48:23 CYCLE 2026-09-14 01:48:23 :: tg=0/0 fb=0/1 vk=0/0
2026-09-14 01:53:27 FAIL fb golos-banka-2026-09-13 :: PUBLISH golos-banka-2026-09-13 ...
FAIL golos-banka-2026-09-13 -> PAGE=319271621473482
FB_FAIL {"error":{"message":"(#100) 0 does not resolve to a valid user ID","type":"OAuthException","code":100,"fbtrace_id":"A8QEms0AvarSrmQJnsT2nZY"}}
DONE ok=0 skip=0 fail=1
2026-09-14 01:53:29 PENDING ig (no IG token - run ig/ig-ensure-token.ps1)
2026-09-14 01:53:29 CYCLE 2026-09-14 01:53:29 :: tg=0/0 fb=0/1 vk=0/0
2026-09-14 01:58:31 FAIL fb golos-banka-2026-09-13 :: PUBLISH golos-banka-2026-09-13 ...
FAIL golos-banka-2026-09-13 -> PAGE=319271621473482
FB_FAIL {"error":{"message":"(#100) 0 does not resolve to a valid user ID","type":"OAuthException","code":100,"fbtrace_id":"A4zSPH8WorjwlcPj8-aDAUL"}}
DONE ok=0 skip=0 fail=1
2026-09-14 01:58:33 PENDING ig (no IG token - run ig/ig-ensure-token.ps1)
2026-09-14 01:58:33 CYCLE 2026-09-14 01:58:33 :: tg=0/0 fb=0/1 vk=0/0
2026-09-14 02:03:36 FAIL fb golos-banka-2026-09-13 :: PUBLISH golos-banka-2026-09-13 ...
FAIL golos-banka-2026-09-13 -> PAGE=319271621473482
FB_FAIL {"error":{"message":"(#100) 0 does not resolve to a valid user ID","type":"OAuthException","code":100,"fbtrace_id":"AClt0GEZZ9YU5nvTr7QKUb-"}}
DONE ok=0 skip=0 fail=1
2026-09-14 02:03:38 PENDING ig (no IG token - run ig/ig-ensure-token.ps1)
2026-09-14 02:03:38 CYCLE 2026-09-14 02:03:38 :: tg=0/0 fb=0/1 vk=0/0
2026-09-14 02:08:40 FAIL fb golos-banka-2026-09-13 :: PUBLISH golos-banka-2026-09-13 ...
FAIL golos-banka-2026-09-13 -> PAGE=319271621473482
FB_FAIL {"error":{"message":"(#100) 0 does not resolve to a valid user ID","type":"OAuthException","code":100,"fbtrace_id":"A3sQfjQsS4IdBixyk_vdVxM"}}
DONE ok=0 skip=0 fail=1
2026-09-14 02:08:42 PENDING ig (no IG token - run ig/ig-ensure-token.ps1)
2026-09-14 02:08:42 CYCLE 2026-09-14 02:08:42 :: tg=0/0 fb=0/1 vk=0/0
2026-09-14 02:13:45 FAIL fb golos-banka-2026-09-13 :: PUBLISH golos-banka-2026-09-13 ...
FAIL golos-banka-2026-09-13 -> PAGE=319271621473482
FB_FAIL {"error":{"message":"(#100) 0 does not resolve to a valid user ID","type":"OAuthException","code":100,"fbtrace_id":"AiGQIUtvJSlODE85y1FQk8W"}}
DONE ok=0 skip=0 fail=1
2026-09-14 02:13:47 PENDING ig (no IG token - run ig/ig-ensure-token.ps1)
2026-09-14 02:13:47 CYCLE 2026-09-14 02:13:47 :: tg=0/0 fb=0/1 vk=0/0
2026-09-14 02:18:49 FAIL fb golos-banka-2026-09-13 :: PUBLISH golos-banka-2026-09-13 ...
FAIL golos-banka-2026-09-13 -> PAGE=319271621473482
FB_FAIL {"error":{"message":"(#100) 0 does not resolve to a valid user ID","type":"OAuthException","code":100,"fbtrace_id":"Acwrf0zfrie1b8U3LWveSv0"}}
DONE ok=0 skip=0 fail=1
2026-09-14 02:18:51 PENDING ig (no IG token - run ig/ig-ensure-token.ps1)
2026-09-14 02:18:51 CYCLE 2026-09-14 02:18:51 :: tg=0/0 fb=0/1 vk=0/0
2026-09-14 02:23:54 FAIL fb golos-banka-2026-09-13 :: PUBLISH golos-banka-2026-09-13 ...
FAIL golos-banka-2026-09-13 -> PAGE=319271621473482
FB_FAIL {"error":{"message":"(#100) 0 does not resolve to a valid user ID","type":"OAuthException","code":100,"fbtrace_id":"AeidiAVZfO3hm5oxBfAhF4_"}}
DONE ok=0 skip=0 fail=1
2026-09-14 02:23:56 PENDING ig (no IG token - run ig/ig-ensure-token.ps1)
2026-09-14 02:23:56 CYCLE 2026-09-14 02:23:56 :: tg=0/0 fb=0/1 vk=0/0
2026-09-14 02:28:58 FAIL fb golos-banka-2026-09-13 :: PUBLISH golos-banka-2026-09-13 ...
FAIL golos-banka-2026-09-13 -> PAGE=319271621473482
FB_FAIL {"error":{"message":"(#100) 0 does not resolve to a valid user ID","type":"OAuthException","code":100,"fbtrace_id":"AJTEihrTVYqYkpbT2rPq9Oi"}}
DONE ok=0 skip=0 fail=1
2026-09-14 02:29:00 PENDING ig (no IG token - run ig/ig-ensure-token.ps1)
2026-09-14 02:29:00 CYCLE 2026-09-14 02:29:00 :: tg=0/0 fb=0/1 vk=0/0
2026-09-14 02:34:02 FAIL fb golos-banka-2026-09-13 :: PUBLISH golos-banka-2026-09-13 ...
FAIL golos-banka-2026-09-13 -> PAGE=319271621473482
FB_FAIL {"error":{"message":"(#100) 0 does not resolve to a valid user ID","type":"OAuthException","code":100,"fbtrace_id":"A7lgkiDExcX4pM5V2CbZM_z"}}
DONE ok=0 skip=0 fail=1
2026-09-14 02:34:04 PENDING ig (no IG token - run ig/ig-ensure-token.ps1)
2026-09-14 02:34:04 CYCLE 2026-09-14 02:34:04 :: tg=0/0 fb=0/1 vk=0/0
2026-09-14 02:39:07 FAIL fb golos-banka-2026-09-13 :: PUBLISH golos-banka-2026-09-13 ...
FAIL golos-banka-2026-09-13 -> PAGE=319271621473482
FB_FAIL {"error":{"message":"(#100) 0 does not resolve to a valid user ID","type":"OAuthException","code":100,"fbtrace_id":"AivAlPYuIaHUgcXg-XDdvEO"}}
DONE ok=0 skip=0 fail=1
2026-09-14 02:39:09 PENDING ig (no IG token - run ig/ig-ensure-token.ps1)
2026-09-14 02:39:09 CYCLE 2026-09-14 02:39:09 :: tg=0/0 fb=0/1 vk=0/0
2026-09-14 02:44:12 FAIL fb golos-banka-2026-09-13 :: PUBLISH golos-banka-2026-09-13 ...
FAIL golos-banka-2026-09-13 -> PAGE=319271621473482
FB_FAIL {"error":{"message":"(#100) 0 does not resolve to a valid user ID","type":"OAuthException","code":100,"fbtrace_id":"AKe3k-9LoF2mK0dAqvalbNr"}}
DONE ok=0 skip=0 fail=1
2026-09-14 02:44:14 PENDING ig (no IG token - run ig/ig-ensure-token.ps1)
2026-09-14 02:44:14 CYCLE 2026-09-14 02:44:14 :: tg=0/0 fb=0/1 vk=0/0
2026-09-14 02:49:16 FAIL fb golos-banka-2026-09-13 :: PUBLISH golos-banka-2026-09-13 ...
FAIL golos-banka-2026-09-13 -> PAGE=319271621473482
FB_FAIL {"error":{"message":"(#100) 0 does not resolve to a valid user ID","type":"OAuthException","code":100,"fbtrace_id":"AgSszT4IvZIzwCwrvcg4jed"}}
DONE ok=0 skip=0 fail=1
2026-09-14 02:49:18 PENDING ig (no IG token - run ig/ig-ensure-token.ps1)
2026-09-14 02:49:18 CYCLE 2026-09-14 02:49:18 :: tg=0/0 fb=0/1 vk=0/0
2026-09-14 02:54:21 FAIL fb golos-banka-2026-09-13 :: PUBLISH golos-banka-2026-09-13 ...
FAIL golos-banka-2026-09-13 -> PAGE=319271621473482
FB_FAIL {"error":{"message":"(#100) 0 does not resolve to a valid user ID","type":"OAuthException","code":100,"fbtrace_id":"A5dAUAKKkL8XBk8CD2wx9CR"}}
DONE ok=0 skip=0 fail=1
2026-09-14 02:54:23 PENDING ig (no IG token - run ig/ig-ensure-token.ps1)
2026-09-14 02:54:23 CYCLE 2026-09-14 02:54:23 :: tg=0/0 fb=0/1 vk=0/0
2026-09-14 02:59:25 FAIL fb golos-banka-2026-09-13 :: PUBLISH golos-banka-2026-09-13 ...
FAIL golos-banka-2026-09-13 -> PAGE=319271621473482
FB_FAIL {"error":{"message":"(#100) 0 does not resolve to a valid user ID","type":"OAuthException","code":100,"fbtrace_id":"Acgh5_vT87f_C2fx4wbdbwb"}}
DONE ok=0 skip=0 fail=1
2026-09-14 02:59:27 PENDING ig (no IG token - run ig/ig-ensure-token.ps1)
2026-09-14 02:59:27 CYCLE 2026-09-14 02:59:27 :: tg=0/0 fb=0/1 vk=0/0
2026-09-14 03:04:30 FAIL fb golos-banka-2026-09-13 :: PUBLISH golos-banka-2026-09-13 ...
FAIL golos-banka-2026-09-13 -> PAGE=319271621473482
FB_FAIL {"error":{"message":"(#100) 0 does not resolve to a valid user ID","type":"OAuthException","code":100,"fbtrace_id":"ABDt7CwpmPGbOiyM_DhxJTx"}}
DONE ok=0 skip=0 fail=1
2026-09-14 03:04:32 PENDING ig (no IG token - run ig/ig-ensure-token.ps1)
2026-09-14 03:04:32 CYCLE 2026-09-14 03:04:32 :: tg=0/0 fb=0/1 vk=0/0
2026-09-14 03:09:34 FAIL fb golos-banka-2026-09-13 :: PUBLISH golos-banka-2026-09-13 ...
FAIL golos-banka-2026-09-13 -> PAGE=319271621473482
FB_FAIL {"error":{"message":"(#100) 0 does not resolve to a valid user ID","type":"OAuthException","code":100,"fbtrace_id":"Ah346IdKoV9UBj3CqhymEbA"}}
DONE ok=0 skip=0 fail=1
2026-09-14 03:09:36 PENDING ig (no IG token - run ig/ig-ensure-token.ps1)
2026-09-14 03:09:36 CYCLE 2026-09-14 03:09:36 :: tg=0/0 fb=0/1 vk=0/0
2026-09-14 03:14:39 FAIL fb golos-banka-2026-09-13 :: PUBLISH golos-banka-2026-09-13 ...
FAIL golos-banka-2026-09-13 -> PAGE=319271621473482
FB_FAIL {"error":{"message":"(#100) 0 does not resolve to a valid user ID","type":"OAuthException","code":100,"fbtrace_id":"Ai6WsJB4dHEB7wJvn2k9zVF"}}
DONE ok=0 skip=0 fail=1
2026-09-14 03:14:41 PENDING ig (no IG token - run ig/ig-ensure-token.ps1)
2026-09-14 03:14:41 CYCLE 2026-09-14 03:14:41 :: tg=0/0 fb=0/1 vk=0/0
2026-09-14 03:19:43 FAIL fb golos-banka-2026-09-13 :: PUBLISH golos-banka-2026-09-13 ...
FAIL golos-banka-2026-09-13 -> PAGE=319271621473482
FB_FAIL {"error":{"message":"(#100) 0 does not resolve to a valid user ID","type":"OAuthException","code":100,"fbtrace_id":"AIL9MLgQ_j0iq2FmivFaCuA"}}
DONE ok=0 skip=0 fail=1
2026-09-14 03:19:45 PENDING ig (no IG token - run ig/ig-ensure-token.ps1)
2026-09-14 03:19:45 CYCLE 2026-09-14 03:19:45 :: tg=0/0 fb=0/1 vk=0/0
2026-09-14 03:24:47 FAIL fb golos-banka-2026-09-13 :: PUBLISH golos-banka-2026-09-13 ...
FAIL golos-banka-2026-09-13 -> PAGE=319271621473482
FB_FAIL {"error":{"message":"(#100) 0 does not resolve to a valid user ID","type":"OAuthException","code":100,"fbtrace_id":"AidWkMrHkjUT1Kdy97NHQOB"}}
DONE ok=0 skip=0 fail=1
2026-09-14 03:24:49 PENDING ig (no IG token - run ig/ig-ensure-token.ps1)
2026-09-14 03:24:49 CYCLE 2026-09-14 03:24:49 :: tg=0/0 fb=0/1 vk=0/0
2026-09-14 03:29:52 FAIL fb golos-banka-2026-09-13 :: PUBLISH golos-banka-2026-09-13 ...
FAIL golos-banka-2026-09-13 -> PAGE=319271621473482
FB_FAIL {"error":{"message":"(#100) 0 does not resolve to a valid user ID","type":"OAuthException","code":100,"fbtrace_id":"A0sRR9E5BmwnJ10D-CZN_uN"}}
DONE ok=0 skip=0 fail=1
2026-09-14 03:29:54 PENDING ig (no IG token - run ig/ig-ensure-token.ps1)
2026-09-14 03:29:54 CYCLE 2026-09-14 03:29:54 :: tg=0/0 fb=0/1 vk=0/0
2026-09-14 03:34:56 FAIL fb golos-banka-2026-09-13 :: PUBLISH golos-banka-2026-09-13 ...
FAIL golos-banka-2026-09-13 -> PAGE=319271621473482
FB_FAIL {"error":{"message":"(#100) 0 does not resolve to a valid user ID","type":"OAuthException","code":100,"fbtrace_id":"AiYEtKXg7nFu13JaD6yzlFx"}}
DONE ok=0 skip=0 fail=1
2026-09-14 03:34:58 PENDING ig (no IG token - run ig/ig-ensure-token.ps1)
2026-09-14 03:34:58 CYCLE 2026-09-14 03:34:58 :: tg=0/0 fb=0/1 vk=0/0
2026-09-14 03:40:00 FAIL fb golos-banka-2026-09-13 :: PUBLISH golos-banka-2026-09-13 ...
FAIL golos-banka-2026-09-13 -> PAGE=319271621473482
FB_FAIL {"error":{"message":"(#100) 0 does not resolve to a valid user ID","type":"OAuthException","code":100,"fbtrace_id":"AbetF8JgTcro0OUuFmLPGxN"}}
DONE ok=0 skip=0 fail=1
2026-09-14 03:40:02 PENDING ig (no IG token - run ig/ig-ensure-token.ps1)
2026-09-14 03:40:02 CYCLE 2026-09-14 03:40:02 :: tg=0/0 fb=0/1 vk=0/0
2026-09-14 03:45:05 FAIL fb golos-banka-2026-09-13 :: PUBLISH golos-banka-2026-09-13 ...
FAIL golos-banka-2026-09-13 -> PAGE=319271621473482
FB_FAIL {"error":{"message":"(#100) 0 does not resolve to a valid user ID","type":"OAuthException","code":100,"fbtrace_id":"Awe8f8yvGnB5Zuj_uZn7opn"}}
DONE ok=0 skip=0 fail=1
2026-09-14 03:45:07 PENDING ig (no IG token - run ig/ig-ensure-token.ps1)
2026-09-14 03:45:07 CYCLE 2026-09-14 03:45:07 :: tg=0/0 fb=0/1 vk=0/0
2026-09-14 03:50:09 FAIL fb golos-banka-2026-09-13 :: PUBLISH golos-banka-2026-09-13 ...
FAIL golos-banka-2026-09-13 -> PAGE=319271621473482
FB_FAIL {"error":{"message":"(#100) 0 does not resolve to a valid user ID","type":"OAuthException","code":100,"fbtrace_id":"A3lnIoN60ZZCDhFPKn7Qfgt"}}
DONE ok=0 skip=0 fail=1
2026-09-14 03:50:11 PENDING ig (no IG token - run ig/ig-ensure-token.ps1)
2026-09-14 03:50:11 CYCLE 2026-09-14 03:50:11 :: tg=0/0 fb=0/1 vk=0/0
2026-09-14 03:55:14 FAIL fb golos-banka-2026-09-13 :: PUBLISH golos-banka-2026-09-13 ...
FAIL golos-banka-2026-09-13 -> PAGE=319271621473482
FB_FAIL {"error":{"message":"(#100) 0 does not resolve to a valid user ID","type":"OAuthException","code":100,"fbtrace_id":"AfNlKPtWy_0cJ9t8nutc6rV"}}
DONE ok=0 skip=0 fail=1
2026-09-14 03:55:16 PENDING ig (no IG token - run ig/ig-ensure-token.ps1)
2026-09-14 03:55:16 CYCLE 2026-09-14 03:55:16 :: tg=0/0 fb=0/1 vk=0/0
2026-09-14 04:00:18 FAIL fb golos-banka-2026-09-13 :: PUBLISH golos-banka-2026-09-13 ...
FAIL golos-banka-2026-09-13 -> PAGE=319271621473482
FB_FAIL {"error":{"message":"(#100) 0 does not resolve to a valid user ID","type":"OAuthException","code":100,"fbtrace_id":"A42g9Hkhwn9i-vXETzjw8y8"}}
DONE ok=0 skip=0 fail=1
2026-09-14 04:00:20 PENDING ig (no IG token - run ig/ig-ensure-token.ps1)
2026-09-14 04:00:20 CYCLE 2026-09-14 04:00:20 :: tg=0/0 fb=0/1 vk=0/0
2026-09-14 04:05:23 FAIL fb golos-banka-2026-09-13 :: PUBLISH golos-banka-2026-09-13 ...
FAIL golos-banka-2026-09-13 -> PAGE=319271621473482
FB_FAIL {"error":{"message":"(#100) 0 does not resolve to a valid user ID","type":"OAuthException","code":100,"fbtrace_id":"ACXqYY-S8SoZSqzNcoZL6Eh"}}
DONE ok=0 skip=0 fail=1
2026-09-14 04:05:25 PENDING ig (no IG token - run ig/ig-ensure-token.ps1)
2026-09-14 04:05:25 CYCLE 2026-09-14 04:05:25 :: tg=0/0 fb=0/1 vk=0/0
2026-09-14 04:10:27 FAIL fb golos-banka-2026-09-13 :: PUBLISH golos-banka-2026-09-13 ...
FAIL golos-banka-2026-09-13 -> PAGE=319271621473482
FB_FAIL {"error":{"message":"(#100) 0 does not resolve to a valid user ID","type":"OAuthException","code":100,"fbtrace_id":"AfrLC-T-hECgqKaCHJk83cc"}}
DONE ok=0 skip=0 fail=1
2026-09-14 04:10:29 PENDING ig (no IG token - run ig/ig-ensure-token.ps1)
2026-09-14 04:10:29 CYCLE 2026-09-14 04:10:29 :: tg=0/0 fb=0/1 vk=0/0
2026-09-14 04:15:32 FAIL fb golos-banka-2026-09-13 :: PUBLISH golos-banka-2026-09-13 ...
FAIL golos-banka-2026-09-13 -> PAGE=319271621473482
FB_FAIL {"error":{"message":"(#100) 0 does not resolve to a valid user ID","type":"OAuthException","code":100,"fbtrace_id":"A2uzw_g3JbldCmqZsGIocmD"}}
DONE ok=0 skip=0 fail=1
2026-09-14 04:15:34 PENDING ig (no IG token - run ig/ig-ensure-token.ps1)
2026-09-14 04:15:34 CYCLE 2026-09-14 04:15:34 :: tg=0/0 fb=0/1 vk=0/0
2026-09-14 04:20:36 FAIL fb golos-banka-2026-09-13 :: PUBLISH golos-banka-2026-09-13 ...
FAIL golos-banka-2026-09-13 -> PAGE=319271621473482
FB_FAIL {"error":{"message":"(#100) 0 does not resolve to a valid user ID","type":"OAuthException","code":100,"fbtrace_id":"AMKSkDd1N0eBHkzhA9JoWX6"}}
DONE ok=0 skip=0 fail=1
2026-09-14 04:20:38 PENDING ig (no IG token - run ig/ig-ensure-token.ps1)
2026-09-14 04:20:38 CYCLE 2026-09-14 04:20:38 :: tg=0/0 fb=0/1 vk=0/0
2026-09-14 04:25:40 FAIL fb golos-banka-2026-09-13 :: PUBLISH golos-banka-2026-09-13 ...
FAIL golos-banka-2026-09-13 -> PAGE=319271621473482
FB_FAIL {"error":{"message":"(#100) 0 does not resolve to a valid user ID","type":"OAuthException","code":100,"fbtrace_id":"Ali7auX0EhKrZSSzlNsP6dF"}}
DONE ok=0 skip=0 fail=1
2026-09-14 04:25:42 PENDING ig (no IG token - run ig/ig-ensure-token.ps1)
2026-09-14 04:25:42 CYCLE 2026-09-14 04:25:42 :: tg=0/0 fb=0/1 vk=0/0
2026-09-14 04:30:46 FAIL fb golos-banka-2026-09-13 :: PUBLISH golos-banka-2026-09-13 ...
FAIL golos-banka-2026-09-13 -> PAGE=319271621473482
FB_FAIL {"error":{"message":"(#100) 0 does not resolve to a valid user ID","type":"OAuthException","code":100,"fbtrace_id":"ASPaeqB-oiB0oNQyAuBjQyJ"}}
DONE ok=0 skip=0 fail=1
2026-09-14 04:30:48 PENDING ig (no IG token - run ig/ig-ensure-token.ps1)
2026-09-14 04:30:48 CYCLE 2026-09-14 04:30:48 :: tg=0/0 fb=0/1 vk=0/0
2026-09-14 04:35:50 FAIL fb golos-banka-2026-09-13 :: PUBLISH golos-banka-2026-09-13 ...
FAIL golos-banka-2026-09-13 -> PAGE=319271621473482
FB_FAIL {"error":{"message":"(#100) 0 does not resolve to a valid user ID","type":"OAuthException","code":100,"fbtrace_id":"AcNHRmn_YDpbxx8cAuG6t25"}}
DONE ok=0 skip=0 fail=1
2026-09-14 04:35:52 PENDING ig (no IG token - run ig/ig-ensure-token.ps1)
2026-09-14 04:35:52 CYCLE 2026-09-14 04:35:52 :: tg=0/0 fb=0/1 vk=0/0
2026-09-14 04:40:55 FAIL fb golos-banka-2026-09-13 :: PUBLISH golos-banka-2026-09-13 ...
FAIL golos-banka-2026-09-13 -> PAGE=319271621473482
FB_FAIL {"error":{"message":"(#100) 0 does not resolve to a valid user ID","type":"OAuthException","code":100,"fbtrace_id":"Ac-Pflm8WY7d23yGS2yNHoq"}}
DONE ok=0 skip=0 fail=1
2026-09-14 04:40:57 PENDING ig (no IG token - run ig/ig-ensure-token.ps1)
2026-09-14 04:40:57 CYCLE 2026-09-14 04:40:57 :: tg=0/0 fb=0/1 vk=0/0
2026-09-14 04:46:00 FAIL fb golos-banka-2026-09-13 :: PUBLISH golos-banka-2026-09-13 ...
FAIL golos-banka-2026-09-13 -> PAGE=319271621473482
FB_FAIL {"error":{"message":"(#100) 0 does not resolve to a valid user ID","type":"OAuthException","code":100,"fbtrace_id":"AVwg_sBiuIXf_qL6EAofKvX"}}
DONE ok=0 skip=0 fail=1
2026-09-14 04:46:02 PENDING ig (no IG token - run ig/ig-ensure-token.ps1)
2026-09-14 04:46:02 CYCLE 2026-09-14 04:46:02 :: tg=0/0 fb=0/1 vk=0/0
2026-09-14 04:51:04 FAIL fb golos-banka-2026-09-13 :: PUBLISH golos-banka-2026-09-13 ...
FAIL golos-banka-2026-09-13 -> PAGE=319271621473482
FB_FAIL {"error":{"message":"(#100) 0 does not resolve to a valid user ID","type":"OAuthException","code":100,"fbtrace_id":"AuZJET3MF2Tt0suM2wxN3wd"}}
DONE ok=0 skip=0 fail=1
2026-09-14 04:51:06 PENDING ig (no IG token - run ig/ig-ensure-token.ps1)
2026-09-14 04:51:06 CYCLE 2026-09-14 04:51:06 :: tg=0/0 fb=0/1 vk=0/0
2026-09-14 04:56:08 FAIL fb golos-banka-2026-09-13 :: PUBLISH golos-banka-2026-09-13 ...
FAIL golos-banka-2026-09-13 -> PAGE=319271621473482
FB_FAIL {"error":{"message":"(#100) 0 does not resolve to a valid user ID","type":"OAuthException","code":100,"fbtrace_id":"AigOMdohQWPQjMmrzTPj-kq"}}
DONE ok=0 skip=0 fail=1
2026-09-14 04:56:10 PENDING ig (no IG token - run ig/ig-ensure-token.ps1)
2026-09-14 04:56:10 CYCLE 2026-09-14 04:56:10 :: tg=0/0 fb=0/1 vk=0/0
2026-09-14 05:01:13 FAIL fb golos-banka-2026-09-13 :: PUBLISH golos-banka-2026-09-13 ...
FAIL golos-banka-2026-09-13 -> PAGE=319271621473482
FB_FAIL {"error":{"message":"(#100) 0 does not resolve to a valid user ID","type":"OAuthException","code":100,"fbtrace_id":"Am2jSfyyTSLm2z-r4IfnSoz"}}
DONE ok=0 skip=0 fail=1
2026-09-14 05:01:15 PENDING ig (no IG token - run ig/ig-ensure-token.ps1)
2026-09-14 05:01:15 CYCLE 2026-09-14 05:01:15 :: tg=0/0 fb=0/1 vk=0/0
2026-09-14 05:06:17 FAIL fb golos-banka-2026-09-13 :: PUBLISH golos-banka-2026-09-13 ...
FAIL golos-banka-2026-09-13 -> PAGE=319271621473482
FB_FAIL {"error":{"message":"(#100) 0 does not resolve to a valid user ID","type":"OAuthException","code":100,"fbtrace_id":"Al67HxKP4qUyYF39hh45J4c"}}
DONE ok=0 skip=0 fail=1
2026-09-14 05:06:19 PENDING ig (no IG token - run ig/ig-ensure-token.ps1)
2026-09-14 05:06:19 CYCLE 2026-09-14 05:06:19 :: tg=0/0 fb=0/1 vk=0/0
2026-09-14 05:11:22 FAIL fb golos-banka-2026-09-13 :: PUBLISH golos-banka-2026-09-13 ...
FAIL golos-banka-2026-09-13 -> PAGE=319271621473482
FB_FAIL {"error":{"message":"(#100) 0 does not resolve to a valid user ID","type":"OAuthException","code":100,"fbtrace_id":"AqVQZeLui1mCrykmsOWV1Vl"}}
DONE ok=0 skip=0 fail=1
2026-09-14 05:11:24 PENDING ig (no IG token - run ig/ig-ensure-token.ps1)
2026-09-14 05:11:24 CYCLE 2026-09-14 05:11:24 :: tg=0/0 fb=0/1 vk=0/0
2026-09-14 05:16:26 FAIL fb golos-banka-2026-09-13 :: PUBLISH golos-banka-2026-09-13 ...
FAIL golos-banka-2026-09-13 -> PAGE=319271621473482
FB_FAIL {"error":{"message":"(#100) 0 does not resolve to a valid user ID","type":"OAuthException","code":100,"fbtrace_id":"ABkIvXBv3h0H4aKA9b0msnA"}}
DONE ok=0 skip=0 fail=1
2026-09-14 05:16:28 PENDING ig (no IG token - run ig/ig-ensure-token.ps1)
2026-09-14 05:16:28 CYCLE 2026-09-14 05:16:28 :: tg=0/0 fb=0/1 vk=0/0
2026-09-14 05:21:30 FAIL fb golos-banka-2026-09-13 :: PUBLISH golos-banka-2026-09-13 ...
FAIL golos-banka-2026-09-13 -> PAGE=319271621473482
FB_FAIL {"error":{"message":"(#100) 0 does not resolve to a valid user ID","type":"OAuthException","code":100,"fbtrace_id":"ATOdHAoNyRrQf3UvseGx4HA"}}
DONE ok=0 skip=0 fail=1
2026-09-14 05:21:32 PENDING ig (no IG token - run ig/ig-ensure-token.ps1)
2026-09-14 05:21:32 CYCLE 2026-09-14 05:21:32 :: tg=0/0 fb=0/1 vk=0/0
2026-09-14 05:26:34 FAIL fb golos-banka-2026-09-13 :: PUBLISH golos-banka-2026-09-13 ...
FAIL golos-banka-2026-09-13 -> PAGE=319271621473482
FB_FAIL {"error":{"message":"(#100) 0 does not resolve to a valid user ID","type":"OAuthException","code":100,"fbtrace_id":"As4nPYvtymRy_xBIhKfOVNa"}}
DONE ok=0 skip=0 fail=1
2026-09-14 05:26:36 PENDING ig (no IG token - run ig/ig-ensure-token.ps1)
2026-09-14 05:26:36 CYCLE 2026-09-14 05:26:36 :: tg=0/0 fb=0/1 vk=0/0
2026-09-14 05:31:39 FAIL fb golos-banka-2026-09-13 :: PUBLISH golos-banka-2026-09-13 ...
FAIL golos-banka-2026-09-13 -> PAGE=319271621473482
FB_FAIL {"error":{"message":"(#100) 0 does not resolve to a valid user ID","type":"OAuthException","code":100,"fbtrace_id":"Aj8h2NUg7foLshPMKf5OTKe"}}
DONE ok=0 skip=0 fail=1
2026-09-14 05:31:41 PENDING ig (no IG token - run ig/ig-ensure-token.ps1)
2026-09-14 05:31:41 CYCLE 2026-09-14 05:31:41 :: tg=0/0 fb=0/1 vk=0/0
2026-09-14 05:36:43 FAIL fb golos-banka-2026-09-13 :: PUBLISH golos-banka-2026-09-13 ...
FAIL golos-banka-2026-09-13 -> PAGE=319271621473482
FB_FAIL {"error":{"message":"(#100) 0 does not resolve to a valid user ID","type":"OAuthException","code":100,"fbtrace_id":"APhNJpijVp11Ay4t3f8A5Om"}}
DONE ok=0 skip=0 fail=1
2026-09-14 05:36:45 PENDING ig (no IG token - run ig/ig-ensure-token.ps1)
2026-09-14 05:36:45 CYCLE 2026-09-14 05:36:45 :: tg=0/0 fb=0/1 vk=0/0
2026-09-14 05:41:47 FAIL fb golos-banka-2026-09-13 :: PUBLISH golos-banka-2026-09-13 ...
FAIL golos-banka-2026-09-13 -> PAGE=319271621473482
FB_FAIL {"error":{"message":"(#100) 0 does not resolve to a valid user ID","type":"OAuthException","code":100,"fbtrace_id":"AOkd07J_hwAqDyX5wAPp267"}}
DONE ok=0 skip=0 fail=1
2026-09-14 05:41:49 PENDING ig (no IG token - run ig/ig-ensure-token.ps1)
2026-09-14 05:41:49 CYCLE 2026-09-14 05:41:49 :: tg=0/0 fb=0/1 vk=0/0
2026-09-14 05:46:52 FAIL fb golos-banka-2026-09-13 :: PUBLISH golos-banka-2026-09-13 ...
FAIL golos-banka-2026-09-13 -> PAGE=319271621473482
FB_FAIL {"error":{"message":"(#100) 0 does not resolve to a valid user ID","type":"OAuthException","code":100,"fbtrace_id":"A8W7xPgR0bQJLHKy3NsueM_"}}
DONE ok=0 skip=0 fail=1
2026-09-14 05:46:54 PENDING ig (no IG token - run ig/ig-ensure-token.ps1)
2026-09-14 05:46:54 CYCLE 2026-09-14 05:46:54 :: tg=0/0 fb=0/1 vk=0/0
2026-09-14 05:51:56 FAIL fb golos-banka-2026-09-13 :: PUBLISH golos-banka-2026-09-13 ...
FAIL golos-banka-2026-09-13 -> PAGE=319271621473482
FB_FAIL {"error":{"message":"(#100) 0 does not resolve to a valid user ID","type":"OAuthException","code":100,"fbtrace_id":"AjdQwBBxQ_MpXnoibv0u08e"}}
DONE ok=0 skip=0 fail=1
2026-09-14 05:51:58 PENDING ig (no IG token - run ig/ig-ensure-token.ps1)
2026-09-14 05:51:58 CYCLE 2026-09-14 05:51:58 :: tg=0/0 fb=0/1 vk=0/0
2026-09-14 05:57:01 FAIL fb golos-banka-2026-09-13 :: PUBLISH golos-banka-2026-09-13 ...
FAIL golos-banka-2026-09-13 -> PAGE=319271621473482
FB_FAIL {"error":{"message":"(#100) 0 does not resolve to a valid user ID","type":"OAuthException","code":100,"fbtrace_id":"AaTQchGQl-99eOXF9dVLHZG"}}
DONE ok=0 skip=0 fail=1
2026-09-14 05:57:03 PENDING ig (no IG token - run ig/ig-ensure-token.ps1)
2026-09-14 05:57:03 CYCLE 2026-09-14 05:57:03 :: tg=0/0 fb=0/1 vk=0/0
2026-09-14 06:02:06 FAIL fb golos-banka-2026-09-13 :: PUBLISH golos-banka-2026-09-13 ...
FAIL golos-banka-2026-09-13 -> PAGE=319271621473482
FB_FAIL {"error":{"message":"(#100) 0 does not resolve to a valid user ID","type":"OAuthException","code":100,"fbtrace_id":"AkROUa5dr9XY5j5N0RLHFb5"}}
DONE ok=0 skip=0 fail=1
2026-09-14 06:02:08 PENDING ig (no IG token - run ig/ig-ensure-token.ps1)
2026-09-14 06:02:08 CYCLE 2026-09-14 06:02:08 :: tg=0/0 fb=0/1 vk=0/0
2026-09-14 06:07:10 FAIL fb golos-banka-2026-09-13 :: PUBLISH golos-banka-2026-09-13 ...
FAIL golos-banka-2026-09-13 -> PAGE=319271621473482
FB_FAIL {"error":{"message":"(#100) 0 does not resolve to a valid user ID","type":"OAuthException","code":100,"fbtrace_id":"Ads7duTXYHqVhP_V-IstYqO"}}
DONE ok=0 skip=0 fail=1
2026-09-14 06:07:12 PENDING ig (no IG token - run ig/ig-ensure-token.ps1)
2026-09-14 06:07:12 CYCLE 2026-09-14 06:07:12 :: tg=0/0 fb=0/1 vk=0/0
2026-09-14 06:12:14 FAIL fb golos-banka-2026-09-13 :: PUBLISH golos-banka-2026-09-13 ...
FAIL golos-banka-2026-09-13 -> PAGE=319271621473482
FB_FAIL {"error":{"message":"(#100) 0 does not resolve to a valid user ID","type":"OAuthException","code":100,"fbtrace_id":"A5uF-nYnmgCBZxDSZlB0jud"}}
DONE ok=0 skip=0 fail=1
2026-09-14 06:12:16 PENDING ig (no IG token - run ig/ig-ensure-token.ps1)
2026-09-14 06:12:16 CYCLE 2026-09-14 06:12:16 :: tg=0/0 fb=0/1 vk=0/0
2026-09-14 06:17:18 FAIL fb golos-banka-2026-09-13 :: PUBLISH golos-banka-2026-09-13 ...
FAIL golos-banka-2026-09-13 -> PAGE=319271621473482
FB_FAIL {"error":{"message":"(#100) 0 does not resolve to a valid user ID","type":"OAuthException","code":100,"fbtrace_id":"AGus2hREa08fb2As-tndHc1"}}
DONE ok=0 skip=0 fail=1
2026-09-14 06:17:20 PENDING ig (no IG token - run ig/ig-ensure-token.ps1)
2026-09-14 06:17:20 CYCLE 2026-09-14 06:17:20 :: tg=0/0 fb=0/1 vk=0/0
2026-09-14 06:22:23 FAIL fb golos-banka-2026-09-13 :: PUBLISH golos-banka-2026-09-13 ...
FAIL golos-banka-2026-09-13 -> PAGE=319271621473482
FB_FAIL {"error":{"message":"(#100) 0 does not resolve to a valid user ID","type":"OAuthException","code":100,"fbtrace_id":"At0MMyPIKrk9yq-yIPi44is"}}
DONE ok=0 skip=0 fail=1
2026-09-14 06:22:25 PENDING ig (no IG token - run ig/ig-ensure-token.ps1)
2026-09-14 06:22:25 CYCLE 2026-09-14 06:22:25 :: tg=0/0 fb=0/1 vk=0/0
2026-09-14 06:27:27 FAIL fb golos-banka-2026-09-13 :: PUBLISH golos-banka-2026-09-13 ...
FAIL golos-banka-2026-09-13 -> PAGE=319271621473482
FB_FAIL {"error":{"message":"(#100) 0 does not resolve to a valid user ID","type":"OAuthException","code":100,"fbtrace_id":"A502ocHsLHY9dw8wwlkhSu2"}}
DONE ok=0 skip=0 fail=1
2026-09-14 06:27:29 PENDING ig (no IG token - run ig/ig-ensure-token.ps1)
2026-09-14 06:27:29 CYCLE 2026-09-14 06:27:29 :: tg=0/0 fb=0/1 vk=0/0
2026-09-14 06:32:31 FAIL fb golos-banka-2026-09-13 :: PUBLISH golos-banka-2026-09-13 ...
FAIL golos-banka-2026-09-13 -> PAGE=319271621473482
FB_FAIL {"error":{"message":"(#100) 0 does not resolve to a valid user ID","type":"OAuthException","code":100,"fbtrace_id":"AsO02LPWK_vsDug6938TrMJ"}}
DONE ok=0 skip=0 fail=1
2026-09-14 06:32:33 PENDING ig (no IG token - run ig/ig-ensure-token.ps1)
2026-09-14 06:32:33 CYCLE 2026-09-14 06:32:33 :: tg=0/0 fb=0/1 vk=0/0
2026-09-14 06:37:36 FAIL fb golos-banka-2026-09-13 :: PUBLISH golos-banka-2026-09-13 ...
FAIL golos-banka-2026-09-13 -> PAGE=319271621473482
FB_FAIL {"error":{"message":"(#100) 0 does not resolve to a valid user ID","type":"OAuthException","code":100,"fbtrace_id":"AM4WuvEYnaudvRioUAizFQe"}}
DONE ok=0 skip=0 fail=1
2026-09-14 06:37:38 PENDING ig (no IG token - run ig/ig-ensure-token.ps1)
2026-09-14 06:37:38 CYCLE 2026-09-14 06:37:38 :: tg=0/0 fb=0/1 vk=0/0
2026-09-14 06:42:40 FAIL fb golos-banka-2026-09-13 :: PUBLISH golos-banka-2026-09-13 ...
FAIL golos-banka-2026-09-13 -> PAGE=319271621473482
FB_FAIL {"error":{"message":"(#100) 0 does not resolve to a valid user ID","type":"OAuthException","code":100,"fbtrace_id":"AqCd6SAOqH9lxMTMgQrYAbE"}}
DONE ok=0 skip=0 fail=1
2026-09-14 06:42:42 PENDING ig (no IG token - run ig/ig-ensure-token.ps1)
2026-09-14 06:42:42 CYCLE 2026-09-14 06:42:42 :: tg=0/0 fb=0/1 vk=0/0
2026-09-14 06:47:44 FAIL fb golos-banka-2026-09-13 :: PUBLISH golos-banka-2026-09-13 ...
FAIL golos-banka-2026-09-13 -> PAGE=319271621473482
FB_FAIL {"error":{"message":"(#100) 0 does not resolve to a valid user ID","type":"OAuthException","code":100,"fbtrace_id":"AEOweMNWhawHLSsnksqWIKS"}}
DONE ok=0 skip=0 fail=1
2026-09-14 06:47:46 PENDING ig (no IG token - run ig/ig-ensure-token.ps1)
2026-09-14 06:47:46 CYCLE 2026-09-14 06:47:46 :: tg=0/0 fb=0/1 vk=0/0
2026-09-14 06:52:49 FAIL fb golos-banka-2026-09-13 :: PUBLISH golos-banka-2026-09-13 ...
FAIL golos-banka-2026-09-13 -> PAGE=319271621473482
FB_FAIL {"error":{"message":"(#100) 0 does not resolve to a valid user ID","type":"OAuthException","code":100,"fbtrace_id":"AwKFAf-ctSfHHoPiLGMsV7z"}}
DONE ok=0 skip=0 fail=1
2026-09-14 06:52:51 PENDING ig (no IG token - run ig/ig-ensure-token.ps1)
2026-09-14 06:52:51 CYCLE 2026-09-14 06:52:51 :: tg=0/0 fb=0/1 vk=0/0
2026-09-14 06:57:53 FAIL fb golos-banka-2026-09-13 :: PUBLISH golos-banka-2026-09-13 ...
FAIL golos-banka-2026-09-13 -> PAGE=319271621473482
FB_FAIL {"error":{"message":"(#100) 0 does not resolve to a valid user ID","type":"OAuthException","code":100,"fbtrace_id":"Abtb1khiThCLp2Zm-qnlnjK"}}
DONE ok=0 skip=0 fail=1
2026-09-14 06:57:55 PENDING ig (no IG token - run ig/ig-ensure-token.ps1)
2026-09-14 06:57:55 CYCLE 2026-09-14 06:57:55 :: tg=0/0 fb=0/1 vk=0/0
2026-09-14 07:02:57 FAIL fb golos-banka-2026-09-13 :: PUBLISH golos-banka-2026-09-13 ...
FAIL golos-banka-2026-09-13 -> PAGE=319271621473482
FB_FAIL {"error":{"message":"(#100) 0 does not resolve to a valid user ID","type":"OAuthException","code":100,"fbtrace_id":"AhgNfcNlJIa8iu1IEhEUSLD"}}
DONE ok=0 skip=0 fail=1
2026-09-14 07:02:59 PENDING ig (no IG token - run ig/ig-ensure-token.ps1)
2026-09-14 07:02:59 CYCLE 2026-09-14 07:02:59 :: tg=0/0 fb=0/1 vk=0/0
2026-09-14 07:08:02 FAIL fb golos-banka-2026-09-13 :: PUBLISH golos-banka-2026-09-13 ...
FAIL golos-banka-2026-09-13 -> PAGE=319271621473482
FB_FAIL {"error":{"message":"(#100) 0 does not resolve to a valid user ID","type":"OAuthException","code":100,"fbtrace_id":"AHMZ-weKlQ4SABT8EF2a997"}}
DONE ok=0 skip=0 fail=1
2026-09-14 07:08:04 PENDING ig (no IG token - run ig/ig-ensure-token.ps1)
2026-09-14 07:08:04 CYCLE 2026-09-14 07:08:04 :: tg=0/0 fb=0/1 vk=0/0
2026-09-14 07:13:06 FAIL fb golos-banka-2026-09-13 :: PUBLISH golos-banka-2026-09-13 ...
FAIL golos-banka-2026-09-13 -> PAGE=319271621473482
FB_FAIL {"error":{"message":"(#100) 0 does not resolve to a valid user ID","type":"OAuthException","code":100,"fbtrace_id":"AbyZi41P-sxv_CBkrcLumW3"}}
DONE ok=0 skip=0 fail=1
2026-09-14 07:13:08 PENDING ig (no IG token - run ig/ig-ensure-token.ps1)
2026-09-14 07:13:08 CYCLE 2026-09-14 07:13:08 :: tg=0/0 fb=0/1 vk=0/0
2026-09-14 07:18:10 FAIL fb golos-banka-2026-09-13 :: PUBLISH golos-banka-2026-09-13 ...
FAIL golos-banka-2026-09-13 -> PAGE=319271621473482
FB_FAIL {"error":{"message":"(#100) 0 does not resolve to a valid user ID","type":"OAuthException","code":100,"fbtrace_id":"ACav_wWToOGqqCEl1UpOxLT"}}
DONE ok=0 skip=0 fail=1
2026-09-14 07:18:12 PENDING ig (no IG token - run ig/ig-ensure-token.ps1)
2026-09-14 07:18:12 CYCLE 2026-09-14 07:18:12 :: tg=0/0 fb=0/1 vk=0/0
2026-09-14 07:23:15 FAIL fb golos-banka-2026-09-13 :: PUBLISH golos-banka-2026-09-13 ...
FAIL golos-banka-2026-09-13 -> PAGE=319271621473482
FB_FAIL {"error":{"message":"(#100) 0 does not resolve to a valid user ID","type":"OAuthException","code":100,"fbtrace_id":"AA0MWSB6sk1YyJ9YJVmIiSw"}}
DONE ok=0 skip=0 fail=1
2026-09-14 07:23:17 PENDING ig (no IG token - run ig/ig-ensure-token.ps1)
2026-09-14 07:23:17 CYCLE 2026-09-14 07:23:17 :: tg=0/0 fb=0/1 vk=0/0
2026-09-14 07:28:19 FAIL fb golos-banka-2026-09-13 :: PUBLISH golos-banka-2026-09-13 ...
FAIL golos-banka-2026-09-13 -> PAGE=319271621473482
FB_FAIL {"error":{"message":"(#100) 0 does not resolve to a valid user ID","type":"OAuthException","code":100,"fbtrace_id":"ABT3HrSab0zJWX_PviNSP2N"}}
DONE ok=0 skip=0 fail=1
2026-09-14 07:28:21 PENDING ig (no IG token - run ig/ig-ensure-token.ps1)
2026-09-14 07:28:21 CYCLE 2026-09-14 07:28:21 :: tg=0/0 fb=0/1 vk=0/0
2026-09-14 07:33:24 FAIL fb golos-banka-2026-09-13 :: PUBLISH golos-banka-2026-09-13 ...
FAIL golos-banka-2026-09-13 -> PAGE=319271621473482
FB_FAIL {"error":{"message":"(#100) 0 does not resolve to a valid user ID","type":"OAuthException","code":100,"fbtrace_id":"ALet7XEC63d8dm2TRx14V5c"}}
DONE ok=0 skip=0 fail=1
2026-09-14 07:33:26 PENDING ig (no IG token - run ig/ig-ensure-token.ps1)
2026-09-14 07:33:26 CYCLE 2026-09-14 07:33:26 :: tg=0/0 fb=0/1 vk=0/0
2026-09-14 07:38:28 FAIL fb golos-banka-2026-09-13 :: PUBLISH golos-banka-2026-09-13 ...
FAIL golos-banka-2026-09-13 -> PAGE=319271621473482
FB_FAIL {"error":{"message":"(#100) 0 does not resolve to a valid user ID","type":"OAuthException","code":100,"fbtrace_id":"AtjdWIrPjoGg1W8AsvBMpkS"}}
DONE ok=0 skip=0 fail=1
2026-09-14 07:38:30 PENDING ig (no IG token - run ig/ig-ensure-token.ps1)
2026-09-14 07:38:30 CYCLE 2026-09-14 07:38:30 :: tg=0/0 fb=0/1 vk=0/0
2026-09-14 07:43:33 FAIL fb golos-banka-2026-09-13 :: PUBLISH golos-banka-2026-09-13 ...
FAIL golos-banka-2026-09-13 -> PAGE=319271621473482
FB_FAIL {"error":{"message":"(#100) 0 does not resolve to a valid user ID","type":"OAuthException","code":100,"fbtrace_id":"AhKfqq6XXcsFl-RRQo5GTtv"}}
DONE ok=0 skip=0 fail=1
2026-09-14 07:43:35 PENDING ig (no IG token - run ig/ig-ensure-token.ps1)
2026-09-14 07:43:35 CYCLE 2026-09-14 07:43:35 :: tg=0/0 fb=0/1 vk=0/0
2026-09-14 07:48:38 FAIL fb golos-banka-2026-09-13 :: PUBLISH golos-banka-2026-09-13 ...
FAIL golos-banka-2026-09-13 -> PAGE=319271621473482
FB_FAIL {"error":{"message":"(#100) 0 does not resolve to a valid user ID","type":"OAuthException","code":100,"fbtrace_id":"AE8UMxWCjYM4N6MuR1XKRzB"}}
DONE ok=0 skip=0 fail=1
2026-09-14 07:48:40 PENDING ig (no IG token - run ig/ig-ensure-token.ps1)
2026-09-14 07:48:40 CYCLE 2026-09-14 07:48:40 :: tg=0/0 fb=0/1 vk=0/0
2026-09-14 07:53:43 FAIL fb golos-banka-2026-09-13 :: PUBLISH golos-banka-2026-09-13 ...
FAIL golos-banka-2026-09-13 -> PAGE=319271621473482
FB_FAIL {"error":{"message":"(#100) 0 does not resolve to a valid user ID","type":"OAuthException","code":100,"fbtrace_id":"A59NqtAozc4S8Ydgj236z4R"}}
DONE ok=0 skip=0 fail=1
2026-09-14 07:53:45 PENDING ig (no IG token - run ig/ig-ensure-token.ps1)
2026-09-14 07:53:45 CYCLE 2026-09-14 07:53:45 :: tg=0/0 fb=0/1 vk=0/0
2026-09-14 07:58:47 FAIL fb golos-banka-2026-09-13 :: PUBLISH golos-banka-2026-09-13 ...
FAIL golos-banka-2026-09-13 -> PAGE=319271621473482
FB_FAIL {"error":{"message":"(#100) 0 does not resolve to a valid user ID","type":"OAuthException","code":100,"fbtrace_id":"APLvowDFDZIh0Vb4pmSAwn4"}}
DONE ok=0 skip=0 fail=1
2026-09-14 07:58:49 PENDING ig (no IG token - run ig/ig-ensure-token.ps1)
2026-09-14 07:58:49 CYCLE 2026-09-14 07:58:49 :: tg=0/0 fb=0/1 vk=0/0
2026-09-14 08:03:51 FAIL fb golos-banka-2026-09-13 :: PUBLISH golos-banka-2026-09-13 ...
FAIL golos-banka-2026-09-13 -> PAGE=319271621473482
FB_FAIL {"error":{"message":"(#100) 0 does not resolve to a valid user ID","type":"OAuthException","code":100,"fbtrace_id":"AZ2xdAS7YyjxSrcQgE4LlsL"}}
DONE ok=0 skip=0 fail=1
2026-09-14 08:03:53 PENDING ig (no IG token - run ig/ig-ensure-token.ps1)
2026-09-14 08:03:53 CYCLE 2026-09-14 08:03:53 :: tg=0/0 fb=0/1 vk=0/0
2026-09-14 08:08:56 FAIL fb golos-banka-2026-09-13 :: PUBLISH golos-banka-2026-09-13 ...
FAIL golos-banka-2026-09-13 -> PAGE=319271621473482
FB_FAIL {"error":{"message":"(#100) 0 does not resolve to a valid user ID","type":"OAuthException","code":100,"fbtrace_id":"AOJLknFutvW8KnDji8KYOJh"}}
DONE ok=0 skip=0 fail=1
2026-09-14 08:08:58 PENDING ig (no IG token - run ig/ig-ensure-token.ps1)
2026-09-14 08:08:58 CYCLE 2026-09-14 08:08:58 :: tg=0/0 fb=0/1 vk=0/0
2026-09-14 08:14:00 FAIL fb golos-banka-2026-09-13 :: PUBLISH golos-banka-2026-09-13 ...
FAIL golos-banka-2026-09-13 -> PAGE=319271621473482
FB_FAIL {"error":{"message":"(#100) 0 does not resolve to a valid user ID","type":"OAuthException","code":100,"fbtrace_id":"A3jLjLFNfLECNcX4kK8JbVF"}}
DONE ok=0 skip=0 fail=1
2026-09-14 08:14:02 PENDING ig (no IG token - run ig/ig-ensure-token.ps1)
2026-09-14 08:14:02 CYCLE 2026-09-14 08:14:02 :: tg=0/0 fb=0/1 vk=0/0
2026-09-14 08:19:05 FAIL fb golos-banka-2026-09-13 :: PUBLISH golos-banka-2026-09-13 ...
FAIL golos-banka-2026-09-13 -> PAGE=319271621473482
FB_FAIL {"error":{"message":"(#100) 0 does not resolve to a valid user ID","type":"OAuthException","code":100,"fbtrace_id":"AcKbWU8M9uPcJkSLi4VIJ2Q"}}
DONE ok=0 skip=0 fail=1
2026-09-14 08:19:07 PENDING ig (no IG token - run ig/ig-ensure-token.ps1)
2026-09-14 08:19:07 CYCLE 2026-09-14 08:19:07 :: tg=0/0 fb=0/1 vk=0/0
2026-09-14 08:24:10 FAIL fb golos-banka-2026-09-13 :: PUBLISH golos-banka-2026-09-13 ...
FAIL golos-banka-2026-09-13 -> PAGE=319271621473482
FB_FAIL {"error":{"message":"(#100) 0 does not resolve to a valid user ID","type":"OAuthException","code":100,"fbtrace_id":"AD4rlsHFfc7MxXvD1BL1Fo3"}}
DONE ok=0 skip=0 fail=1
2026-09-14 08:24:12 PENDING ig (no IG token - run ig/ig-ensure-token.ps1)
2026-09-14 08:24:12 CYCLE 2026-09-14 08:24:12 :: tg=0/0 fb=0/1 vk=0/0
2026-09-14 08:29:14 FAIL fb golos-banka-2026-09-13 :: PUBLISH golos-banka-2026-09-13 ...
FAIL golos-banka-2026-09-13 -> PAGE=319271621473482
FB_FAIL {"error":{"message":"(#100) 0 does not resolve to a valid user ID","type":"OAuthException","code":100,"fbtrace_id":"A3d4QONioIHlIAWXZyy6nJK"}}
DONE ok=0 skip=0 fail=1
2026-09-14 08:29:16 PENDING ig (no IG token - run ig/ig-ensure-token.ps1)
2026-09-14 08:29:16 CYCLE 2026-09-14 08:29:16 :: tg=0/0 fb=0/1 vk=0/0
2026-09-14 08:34:19 FAIL fb golos-banka-2026-09-13 :: PUBLISH golos-banka-2026-09-13 ...
FAIL golos-banka-2026-09-13 -> PAGE=319271621473482
FB_FAIL {"error":{"message":"(#100) 0 does not resolve to a valid user ID","type":"OAuthException","code":100,"fbtrace_id":"ANjSki8dlwPBl1FCBz2H0Ud"}}
DONE ok=0 skip=0 fail=1
2026-09-14 08:34:21 PENDING ig (no IG token - run ig/ig-ensure-token.ps1)
2026-09-14 08:34:21 CYCLE 2026-09-14 08:34:21 :: tg=0/0 fb=0/1 vk=0/0
2026-09-14 08:39:23 FAIL fb golos-banka-2026-09-13 :: PUBLISH golos-banka-2026-09-13 ...
FAIL golos-banka-2026-09-13 -> PAGE=319271621473482
FB_FAIL {"error":{"message":"(#100) 0 does not resolve to a valid user ID","type":"OAuthException","code":100,"fbtrace_id":"As2zGP4YB2eOIN1-6KEyovG"}}
DONE ok=0 skip=0 fail=1
2026-09-14 08:39:25 PENDING ig (no IG token - run ig/ig-ensure-token.ps1)
2026-09-14 08:39:25 CYCLE 2026-09-14 08:39:25 :: tg=0/0 fb=0/1 vk=0/0
2026-09-14 08:44:28 FAIL fb golos-banka-2026-09-13 :: PUBLISH golos-banka-2026-09-13 ...
FAIL golos-banka-2026-09-13 -> PAGE=319271621473482
FB_FAIL {"error":{"message":"(#100) 0 does not resolve to a valid user ID","type":"OAuthException","code":100,"fbtrace_id":"AAdphOJaKKnaSbtnAN5J9w5"}}
DONE ok=0 skip=0 fail=1
2026-09-14 08:44:30 PENDING ig (no IG token - run ig/ig-ensure-token.ps1)
2026-09-14 08:44:30 CYCLE 2026-09-14 08:44:30 :: tg=0/0 fb=0/1 vk=0/0
2026-09-14 08:49:33 FAIL fb golos-banka-2026-09-13 :: PUBLISH golos-banka-2026-09-13 ...
FAIL golos-banka-2026-09-13 -> PAGE=319271621473482
FB_FAIL {"error":{"message":"(#100) 0 does not resolve to a valid user ID","type":"OAuthException","code":100,"fbtrace_id":"ABt_rqIYvmcv8NmHNQgQHYV"}}
DONE ok=0 skip=0 fail=1
2026-09-14 08:49:35 PENDING ig (no IG token - run ig/ig-ensure-token.ps1)
2026-09-14 08:49:35 CYCLE 2026-09-14 08:49:35 :: tg=0/0 fb=0/1 vk=0/0
2026-09-14 08:54:37 FAIL fb golos-banka-2026-09-13 :: PUBLISH golos-banka-2026-09-13 ...
FAIL golos-banka-2026-09-13 -> PAGE=319271621473482
FB_FAIL {"error":{"message":"(#100) 0 does not resolve to a valid user ID","type":"OAuthException","code":100,"fbtrace_id":"ASWDtJ3tFL7GHNoYbc1BO36"}}
DONE ok=0 skip=0 fail=1
2026-09-14 08:54:39 PENDING ig (no IG token - run ig/ig-ensure-token.ps1)
2026-09-14 08:54:39 CYCLE 2026-09-14 08:54:39 :: tg=0/0 fb=0/1 vk=0/0
2026-09-14 08:59:42 FAIL fb golos-banka-2026-09-13 :: PUBLISH golos-banka-2026-09-13 ...
FAIL golos-banka-2026-09-13 -> PAGE=319271621473482
FB_FAIL {"error":{"message":"(#100) 0 does not resolve to a valid user ID","type":"OAuthException","code":100,"fbtrace_id":"Af0CzCi0cQILAlQ1Mpn4XSi"}}
DONE ok=0 skip=0 fail=1
2026-09-14 08:59:44 PENDING ig (no IG token - run ig/ig-ensure-token.ps1)
2026-09-14 08:59:44 CYCLE 2026-09-14 08:59:44 :: tg=0/0 fb=0/1 vk=0/0
2026-09-14 09:04:47 FAIL fb golos-banka-2026-09-13 :: PUBLISH golos-banka-2026-09-13 ...
FAIL golos-banka-2026-09-13 -> PAGE=319271621473482
FB_FAIL {"error":{"message":"(#100) 0 does not resolve to a valid user ID","type":"OAuthException","code":100,"fbtrace_id":"AV_lW_x_1eUXGFJO3GAFRex"}}
DONE ok=0 skip=0 fail=1
2026-09-14 09:04:49 PENDING ig (no IG token - run ig/ig-ensure-token.ps1)
2026-09-14 09:04:49 CYCLE 2026-09-14 09:04:49 :: tg=0/0 fb=0/1 vk=0/0
2026-09-14 09:09:51 FAIL fb golos-banka-2026-09-13 :: PUBLISH golos-banka-2026-09-13 ...
FAIL golos-banka-2026-09-13 -> PAGE=319271621473482
FB_FAIL {"error":{"message":"(#100) 0 does not resolve to a valid user ID","type":"OAuthException","code":100,"fbtrace_id":"AZWRsmEgVH9klAq9Fxf1JzR"}}
DONE ok=0 skip=0 fail=1
2026-09-14 09:09:53 PENDING ig (no IG token - run ig/ig-ensure-token.ps1)
2026-09-14 09:09:53 CYCLE 2026-09-14 09:09:53 :: tg=0/0 fb=0/1 vk=0/0
2026-09-14 09:14:56 FAIL fb golos-banka-2026-09-13 :: PUBLISH golos-banka-2026-09-13 ...
FAIL golos-banka-2026-09-13 -> PAGE=319271621473482
FB_FAIL {"error":{"message":"(#100) 0 does not resolve to a valid user ID","type":"OAuthException","code":100,"fbtrace_id":"ApFBPzApmyVyg5nVPVLDUaA"}}
DONE ok=0 skip=0 fail=1
2026-09-14 09:14:58 PENDING ig (no IG token - run ig/ig-ensure-token.ps1)
2026-09-14 09:14:58 CYCLE 2026-09-14 09:14:58 :: tg=0/0 fb=0/1 vk=0/0
2026-09-14 09:20:00 FAIL fb golos-banka-2026-09-13 :: PUBLISH golos-banka-2026-09-13 ...
FAIL golos-banka-2026-09-13 -> PAGE=319271621473482
FB_FAIL {"error":{"message":"(#100) 0 does not resolve to a valid user ID","type":"OAuthException","code":100,"fbtrace_id":"A4HWCYaGCS3W3efMZqEvgng"}}
DONE ok=0 skip=0 fail=1
2026-09-14 09:20:02 PENDING ig (no IG token - run ig/ig-ensure-token.ps1)
2026-09-14 09:20:02 CYCLE 2026-09-14 09:20:02 :: tg=0/0 fb=0/1 vk=0/0
2026-09-14 09:25:05 FAIL fb golos-banka-2026-09-13 :: PUBLISH golos-banka-2026-09-13 ...
FAIL golos-banka-2026-09-13 -> PAGE=319271621473482
FB_FAIL {"error":{"message":"(#100) 0 does not resolve to a valid user ID","type":"OAuthException","code":100,"fbtrace_id":"AiL5sAIwxdNIYq5nUO1oXGv"}}
DONE ok=0 skip=0 fail=1
2026-09-14 09:25:07 PENDING ig (no IG token - run ig/ig-ensure-token.ps1)
2026-09-14 09:25:07 CYCLE 2026-09-14 09:25:07 :: tg=0/0 fb=0/1 vk=0/0
2026-09-14 09:30:10 FAIL fb golos-banka-2026-09-13 :: PUBLISH golos-banka-2026-09-13 ...
FAIL golos-banka-2026-09-13 -> PAGE=319271621473482
FB_FAIL {"error":{"message":"(#100) 0 does not resolve to a valid user ID","type":"OAuthException","code":100,"fbtrace_id":"A1suBkaPaiHiwqW-fWrNQkh"}}
DONE ok=0 skip=0 fail=1
2026-09-14 09:30:12 PENDING ig (no IG token - run ig/ig-ensure-token.ps1)
2026-09-14 09:30:12 CYCLE 2026-09-14 09:30:12 :: tg=0/0 fb=0/1 vk=0/0
2026-09-14 09:35:14 FAIL fb golos-banka-2026-09-13 :: PUBLISH golos-banka-2026-09-13 ...
FAIL golos-banka-2026-09-13 -> PAGE=319271621473482
FB_FAIL {"error":{"message":"(#100) 0 does not resolve to a valid user ID","type":"OAuthException","code":100,"fbtrace_id":"A9wyH9SCIW84eOmpiRAfYzy"}}
DONE ok=0 skip=0 fail=1
2026-09-14 09:35:16 PENDING ig (no IG token - run ig/ig-ensure-token.ps1)
2026-09-14 09:35:16 CYCLE 2026-09-14 09:35:16 :: tg=0/0 fb=0/1 vk=0/0
2026-09-14 09:40:19 FAIL fb golos-banka-2026-09-13 :: PUBLISH golos-banka-2026-09-13 ...
FAIL golos-banka-2026-09-13 -> PAGE=319271621473482
FB_FAIL {"error":{"message":"(#100) 0 does not resolve to a valid user ID","type":"OAuthException","code":100,"fbtrace_id":"AfbXOmt8cwdN3pvbnmMoyfT"}}
DONE ok=0 skip=0 fail=1
2026-09-14 09:40:21 PENDING ig (no IG token - run ig/ig-ensure-token.ps1)
2026-09-14 09:40:21 CYCLE 2026-09-14 09:40:21 :: tg=0/0 fb=0/1 vk=0/0
2026-09-14 09:45:24 FAIL fb golos-banka-2026-09-13 :: PUBLISH golos-banka-2026-09-13 ...
FAIL golos-banka-2026-09-13 -> PAGE=319271621473482
FB_FAIL {"error":{"message":"(#100) 0 does not resolve to a valid user ID","type":"OAuthException","code":100,"fbtrace_id":"Ak-KVzPdExQejAn6qTU5GvC"}}
DONE ok=0 skip=0 fail=1
2026-09-14 09:45:26 PENDING ig (no IG token - run ig/ig-ensure-token.ps1)
2026-09-14 09:45:26 CYCLE 2026-09-14 09:45:26 :: tg=0/0 fb=0/1 vk=0/0
2026-09-14 09:50:28 FAIL fb golos-banka-2026-09-13 :: PUBLISH golos-banka-2026-09-13 ...
FAIL golos-banka-2026-09-13 -> PAGE=319271621473482
FB_FAIL {"error":{"message":"(#100) 0 does not resolve to a valid user ID","type":"OAuthException","code":100,"fbtrace_id":"AsxbnUJmeKd_hd58bgIt-Sh"}}
DONE ok=0 skip=0 fail=1
2026-09-14 09:50:30 PENDING ig (no IG token - run ig/ig-ensure-token.ps1)
2026-09-14 09:50:30 CYCLE 2026-09-14 09:50:30 :: tg=0/0 fb=0/1 vk=0/0
2026-09-14 09:55:33 FAIL fb golos-banka-2026-09-13 :: PUBLISH golos-banka-2026-09-13 ...
FAIL golos-banka-2026-09-13 -> PAGE=319271621473482
FB_FAIL {"error":{"message":"(#100) 0 does not resolve to a valid user ID","type":"OAuthException","code":100,"fbtrace_id":"AkjtFJx4sjlsTmTfV58-LVN"}}
DONE ok=0 skip=0 fail=1
2026-09-14 09:55:35 PENDING ig (no IG token - run ig/ig-ensure-token.ps1)
2026-09-14 09:55:35 CYCLE 2026-09-14 09:55:35 :: tg=0/0 fb=0/1 vk=0/0
2026-09-14 10:00:38 FAIL fb golos-banka-2026-09-13 :: PUBLISH golos-banka-2026-09-13 ...
FAIL golos-banka-2026-09-13 -> PAGE=319271621473482
FB_FAIL {"error":{"message":"(#100) 0 does not resolve to a valid user ID","type":"OAuthException","code":100,"fbtrace_id":"AlCpzdG_1VtlGXu0P6631Gl"}}
DONE ok=0 skip=0 fail=1
2026-09-14 10:00:40 PENDING ig (no IG token - run ig/ig-ensure-token.ps1)
2026-09-14 10:00:40 CYCLE 2026-09-14 10:00:40 :: tg=0/0 fb=0/1 vk=0/0
2026-09-14 10:05:42 FAIL fb golos-banka-2026-09-13 :: PUBLISH golos-banka-2026-09-13 ...
FAIL golos-banka-2026-09-13 -> PAGE=319271621473482
FB_FAIL {"error":{"message":"(#100) 0 does not resolve to a valid user ID","type":"OAuthException","code":100,"fbtrace_id":"ANY_HX7yY8HcQu0pudk_J2E"}}
DONE ok=0 skip=0 fail=1
2026-09-14 10:05:44 PENDING ig (no IG token - run ig/ig-ensure-token.ps1)
2026-09-14 10:05:44 CYCLE 2026-09-14 10:05:44 :: tg=0/0 fb=0/1 vk=0/0
2026-09-14 10:10:47 FAIL fb golos-banka-2026-09-13 :: PUBLISH golos-banka-2026-09-13 ...
FAIL golos-banka-2026-09-13 -> PAGE=319271621473482
FB_FAIL {"error":{"message":"(#100) 0 does not resolve to a valid user ID","type":"OAuthException","code":100,"fbtrace_id":"A1yu20BWoC438ez9DWq_Sy5"}}
DONE ok=0 skip=0 fail=1
2026-09-14 10:10:49 PENDING ig (no IG token - run ig/ig-ensure-token.ps1)
2026-09-14 10:10:49 CYCLE 2026-09-14 10:10:49 :: tg=0/0 fb=0/1 vk=0/0
2026-09-14 10:15:51 FAIL fb golos-banka-2026-09-13 :: PUBLISH golos-banka-2026-09-13 ...
FAIL golos-banka-2026-09-13 -> PAGE=319271621473482
FB_FAIL {"error":{"message":"(#100) 0 does not resolve to a valid user ID","type":"OAuthException","code":100,"fbtrace_id":"Aa-qLSq7pV9wxJPUbadRJF1"}}
DONE ok=0 skip=0 fail=1
2026-09-14 10:15:53 PENDING ig (no IG token - run ig/ig-ensure-token.ps1)
2026-09-14 10:15:53 CYCLE 2026-09-14 10:15:53 :: tg=0/0 fb=0/1 vk=0/0
2026-09-14 10:20:56 FAIL fb golos-banka-2026-09-13 :: PUBLISH golos-banka-2026-09-13 ...
FAIL golos-banka-2026-09-13 -> PAGE=319271621473482
FB_FAIL {"error":{"message":"(#100) 0 does not resolve to a valid user ID","type":"OAuthException","code":100,"fbtrace_id":"A5D8Ky9eNa4Qda9gDCN_HbN"}}
DONE ok=0 skip=0 fail=1
2026-09-14 10:20:58 PENDING ig (no IG token - run ig/ig-ensure-token.ps1)
2026-09-14 10:20:58 CYCLE 2026-09-14 10:20:58 :: tg=0/0 fb=0/1 vk=0/0
2026-09-14 10:26:00 FAIL fb golos-banka-2026-09-13 :: PUBLISH golos-banka-2026-09-13 ...
FAIL golos-banka-2026-09-13 -> PAGE=319271621473482
FB_FAIL {"error":{"message":"(#100) 0 does not resolve to a valid user ID","type":"OAuthException","code":100,"fbtrace_id":"A2IjGNrCPvUQtshwIoC8dO6"}}
DONE ok=0 skip=0 fail=1
2026-09-14 10:26:02 PENDING ig (no IG token - run ig/ig-ensure-token.ps1)
2026-09-14 10:26:02 CYCLE 2026-09-14 10:26:02 :: tg=0/0 fb=0/1 vk=0/0
2026-09-14 10:31:05 FAIL fb golos-banka-2026-09-13 :: PUBLISH golos-banka-2026-09-13 ...
FAIL golos-banka-2026-09-13 -> PAGE=319271621473482
FB_FAIL {"error":{"message":"(#100) 0 does not resolve to a valid user ID","type":"OAuthException","code":100,"fbtrace_id":"AN9yXgA3N7WbH-4rUADwiPY"}}
DONE ok=0 skip=0 fail=1
2026-09-14 10:31:07 PENDING ig (no IG token - run ig/ig-ensure-token.ps1)
2026-09-14 10:31:07 CYCLE 2026-09-14 10:31:07 :: tg=0/0 fb=0/1 vk=0/0
2026-09-14 10:36:09 FAIL fb golos-banka-2026-09-13 :: PUBLISH golos-banka-2026-09-13 ...
FAIL golos-banka-2026-09-13 -> PAGE=319271621473482
FB_FAIL {"error":{"message":"(#100) 0 does not resolve to a valid user ID","type":"OAuthException","code":100,"fbtrace_id":"AsLQVyPpF62nNLJTd8TIQUG"}}
DONE ok=0 skip=0 fail=1
2026-09-14 10:36:11 PENDING ig (no IG token - run ig/ig-ensure-token.ps1)
2026-09-14 10:36:11 CYCLE 2026-09-14 10:36:11 :: tg=0/0 fb=0/1 vk=0/0
2026-09-14 10:41:14 FAIL fb golos-banka-2026-09-13 :: PUBLISH golos-banka-2026-09-13 ...
FAIL golos-banka-2026-09-13 -> PAGE=319271621473482
FB_FAIL {"error":{"message":"(#100) 0 does not resolve to a valid user ID","type":"OAuthException","code":100,"fbtrace_id":"AyhZfgYV4uvhs24XL4rcfSA"}}
DONE ok=0 skip=0 fail=1
2026-09-14 10:41:16 PENDING ig (no IG token - run ig/ig-ensure-token.ps1)
2026-09-14 10:41:16 CYCLE 2026-09-14 10:41:16 :: tg=0/0 fb=0/1 vk=0/0
2026-09-14 10:46:19 FAIL fb golos-banka-2026-09-13 :: PUBLISH golos-banka-2026-09-13 ...
FAIL golos-banka-2026-09-13 -> PAGE=319271621473482
FB_FAIL {"error":{"message":"(#100) 0 does not resolve to a valid user ID","type":"OAuthException","code":100,"fbtrace_id":"ARzGPCkX6cQ4mKxFeuIHk13"}}
DONE ok=0 skip=0 fail=1
2026-09-14 10:46:21 PENDING ig (no IG token - run ig/ig-ensure-token.ps1)
2026-09-14 10:46:21 CYCLE 2026-09-14 10:46:21 :: tg=0/0 fb=0/1 vk=0/0
2026-09-14 10:51:24 FAIL fb golos-banka-2026-09-13 :: PUBLISH golos-banka-2026-09-13 ...
FAIL golos-banka-2026-09-13 -> PAGE=319271621473482
FB_FAIL {"error":{"message":"(#100) 0 does not resolve to a valid user ID","type":"OAuthException","code":100,"fbtrace_id":"Aks0yYSsQWHtzxUAfCs5GDi"}}
DONE ok=0 skip=0 fail=1
2026-09-14 10:51:26 PENDING ig (no IG token - run ig/ig-ensure-token.ps1)
2026-09-14 10:51:26 CYCLE 2026-09-14 10:51:26 :: tg=0/0 fb=0/1 vk=0/0
2026-09-14 10:56:29 FAIL fb golos-banka-2026-09-13 :: PUBLISH golos-banka-2026-09-13 ...
FAIL golos-banka-2026-09-13 -> PAGE=319271621473482
FB_FAIL {"error":{"message":"(#100) 0 does not resolve to a valid user ID","type":"OAuthException","code":100,"fbtrace_id":"A02c_Lmdbxg5ZPhW96MR4wH"}}
DONE ok=0 skip=0 fail=1
2026-09-14 10:56:31 PENDING ig (no IG token - run ig/ig-ensure-token.ps1)
2026-09-14 10:56:31 CYCLE 2026-09-14 10:56:31 :: tg=0/0 fb=0/1 vk=0/0
2026-09-14 11:01:34 FAIL fb golos-banka-2026-09-13 :: PUBLISH golos-banka-2026-09-13 ...
FAIL golos-banka-2026-09-13 -> PAGE=319271621473482
FB_FAIL {"error":{"message":"(#100) 0 does not resolve to a valid user ID","type":"OAuthException","code":100,"fbtrace_id":"ALSddbop7pV0CXEQJF1-y3y"}}
DONE ok=0 skip=0 fail=1
2026-09-14 11:01:36 PENDING ig (no IG token - run ig/ig-ensure-token.ps1)
2026-09-14 11:01:36 CYCLE 2026-09-14 11:01:36 :: tg=0/0 fb=0/1 vk=0/0
2026-09-14 11:06:39 FAIL fb golos-banka-2026-09-13 :: PUBLISH golos-banka-2026-09-13 ...
FAIL golos-banka-2026-09-13 -> PAGE=319271621473482
FB_FAIL {"error":{"message":"(#100) 0 does not resolve to a valid user ID","type":"OAuthException","code":100,"fbtrace_id":"AbvInKD07IHSvqxj3zriOKy"}}
DONE ok=0 skip=0 fail=1
2026-09-14 11:06:41 PENDING ig (no IG token - run ig/ig-ensure-token.ps1)
2026-09-14 11:06:41 CYCLE 2026-09-14 11:06:41 :: tg=0/0 fb=0/1 vk=0/0
2026-09-14 11:11:44 FAIL fb golos-banka-2026-09-13 :: PUBLISH golos-banka-2026-09-13 ...
FAIL golos-banka-2026-09-13 -> PAGE=319271621473482
FB_FAIL {"error":{"message":"(#100) 0 does not resolve to a valid user ID","type":"OAuthException","code":100,"fbtrace_id":"Attz7g72_H6CAlv2q2zuaa0"}}
DONE ok=0 skip=0 fail=1
2026-09-14 11:11:46 PENDING ig (no IG token - run ig/ig-ensure-token.ps1)
2026-09-14 11:11:46 CYCLE 2026-09-14 11:11:46 :: tg=0/0 fb=0/1 vk=0/0
2026-09-14 11:16:49 FAIL fb golos-banka-2026-09-13 :: PUBLISH golos-banka-2026-09-13 ...
FAIL golos-banka-2026-09-13 -> PAGE=319271621473482
FB_FAIL {"error":{"message":"(#100) 0 does not resolve to a valid user ID","type":"OAuthException","code":100,"fbtrace_id":"A1zF-6WsXPMRI2iBCIa9k-5"}}
DONE ok=0 skip=0 fail=1
2026-09-14 11:16:51 PENDING ig (no IG token - run ig/ig-ensure-token.ps1)
2026-09-14 11:16:51 CYCLE 2026-09-14 11:16:51 :: tg=0/0 fb=0/1 vk=0/0
2026-09-14 11:21:53 FAIL fb golos-banka-2026-09-13 :: PUBLISH golos-banka-2026-09-13 ...
FAIL golos-banka-2026-09-13 -> PAGE=319271621473482
FB_FAIL {"error":{"message":"(#100) 0 does not resolve to a valid user ID","type":"OAuthException","code":100,"fbtrace_id":"AdZXPU2ajE6L71rMnBT8q_6"}}
DONE ok=0 skip=0 fail=1
2026-09-14 11:21:55 PENDING ig (no IG token - run ig/ig-ensure-token.ps1)
2026-09-14 11:21:55 CYCLE 2026-09-14 11:21:55 :: tg=0/0 fb=0/1 vk=0/0
2026-09-14 11:26:58 FAIL fb golos-banka-2026-09-13 :: PUBLISH golos-banka-2026-09-13 ...
FAIL golos-banka-2026-09-13 -> PAGE=319271621473482
FB_FAIL {"error":{"message":"(#100) 0 does not resolve to a valid user ID","type":"OAuthException","code":100,"fbtrace_id":"AxMDl9nzF8uB53N5CkVtjhB"}}
DONE ok=0 skip=0 fail=1
2026-09-14 11:27:00 PENDING ig (no IG token - run ig/ig-ensure-token.ps1)
2026-09-14 11:27:00 CYCLE 2026-09-14 11:27:00 :: tg=0/0 fb=0/1 vk=0/0
2026-09-14 11:32:03 FAIL fb golos-banka-2026-09-13 :: PUBLISH golos-banka-2026-09-13 ...
FAIL golos-banka-2026-09-13 -> PAGE=319271621473482
FB_FAIL {"error":{"message":"(#100) 0 does not resolve to a valid user ID","type":"OAuthException","code":100,"fbtrace_id":"AwP91JG1GeEbI9-mem-Fj_v"}}
DONE ok=0 skip=0 fail=1
2026-09-14 11:32:05 PENDING ig (no IG token - run ig/ig-ensure-token.ps1)
2026-09-14 11:32:05 CYCLE 2026-09-14 11:32:05 :: tg=0/0 fb=0/1 vk=0/0
2026-09-14 11:37:07 FAIL fb golos-banka-2026-09-13 :: PUBLISH golos-banka-2026-09-13 ...
FAIL golos-banka-2026-09-13 -> PAGE=319271621473482
FB_FAIL {"error":{"message":"(#100) 0 does not resolve to a valid user ID","type":"OAuthException","code":100,"fbtrace_id":"AEGX2BhfoQN1ME-LGzLrSy1"}}
DONE ok=0 skip=0 fail=1
2026-09-14 11:37:09 PENDING ig (no IG token - run ig/ig-ensure-token.ps1)
2026-09-14 11:37:09 CYCLE 2026-09-14 11:37:09 :: tg=0/0 fb=0/1 vk=0/0
2026-09-14 11:42:12 FAIL fb golos-banka-2026-09-13 :: PUBLISH golos-banka-2026-09-13 ...
FAIL golos-banka-2026-09-13 -> PAGE=319271621473482
FB_FAIL {"error":{"message":"(#100) 0 does not resolve to a valid user ID","type":"OAuthException","code":100,"fbtrace_id":"Av5DdLq7bVVvVYHkdfs6r2S"}}
DONE ok=0 skip=0 fail=1
2026-09-14 11:42:14 PENDING ig (no IG token - run ig/ig-ensure-token.ps1)
2026-09-14 11:42:14 CYCLE 2026-09-14 11:42:14 :: tg=0/0 fb=0/1 vk=0/0
2026-09-14 11:47:16 FAIL fb golos-banka-2026-09-13 :: PUBLISH golos-banka-2026-09-13 ...
FAIL golos-banka-2026-09-13 -> PAGE=319271621473482
FB_FAIL {"error":{"message":"(#100) 0 does not resolve to a valid user ID","type":"OAuthException","code":100,"fbtrace_id":"A7WSA13OFgHZgXeUrQZ8CFE"}}
DONE ok=0 skip=0 fail=1
2026-09-14 11:47:18 PENDING ig (no IG token - run ig/ig-ensure-token.ps1)
2026-09-14 11:47:18 CYCLE 2026-09-14 11:47:18 :: tg=0/0 fb=0/1 vk=0/0
2026-09-14 11:52:21 FAIL fb golos-banka-2026-09-13 :: PUBLISH golos-banka-2026-09-13 ...
FAIL golos-banka-2026-09-13 -> PAGE=319271621473482
FB_FAIL {"error":{"message":"(#100) 0 does not resolve to a valid user ID","type":"OAuthException","code":100,"fbtrace_id":"AcZ9uSchDiTdTyp6nYHciOy"}}
DONE ok=0 skip=0 fail=1
2026-09-14 11:52:23 PENDING ig (no IG token - run ig/ig-ensure-token.ps1)
2026-09-14 11:52:23 CYCLE 2026-09-14 11:52:23 :: tg=0/0 fb=0/1 vk=0/0
2026-09-14 11:57:25 FAIL fb golos-banka-2026-09-13 :: PUBLISH golos-banka-2026-09-13 ...
FAIL golos-banka-2026-09-13 -> PAGE=319271621473482
FB_FAIL {"error":{"message":"(#100) 0 does not resolve to a valid user ID","type":"OAuthException","code":100,"fbtrace_id":"AX5piTqQHhjFuZ6KdEmgMTI"}}
DONE ok=0 skip=0 fail=1
2026-09-14 11:57:27 PENDING ig (no IG token - run ig/ig-ensure-token.ps1)
2026-09-14 11:57:27 CYCLE 2026-09-14 11:57:27 :: tg=0/0 fb=0/1 vk=0/0
2026-09-14 12:02:29 FAIL tg vybor-diktora-2026-09-14 :: SENT guid=vybor-diktora-2026-09-14 msg=10 chat=Аудио-Рекламаru - флагман деловой звукозаписи
DONE ok=1 fail=0
2026-09-14 12:02:33 FAIL fb golos-banka-2026-09-13 :: PUBLISH golos-banka-2026-09-13 ...
FAIL golos-banka-2026-09-13 -> PAGE=319271621473482
FB_FAIL {"error":{"message":"(#100) 0 does not resolve to a valid user ID","type":"OAuthException","code":100,"fbtrace_id":"Ay-KQEn3zpBIRbgH6CbouGC"}}
DONE ok=0 skip=0 fail=1
2026-09-14 12:02:37 FAIL fb vybor-diktora-2026-09-14 :: PUBLISH vybor-diktora-2026-09-14 ...
FAIL vybor-diktora-2026-09-14 -> PAGE=319271621473482
FB_FAIL {"error":{"message":"(#100) 0 does not resolve to a valid user ID","type":"OAuthException","code":100,"fbtrace_id":"AqcbMd51qsCZB_d19mYpmv_"}}
DONE ok=0 skip=0 fail=1
2026-09-14 12:02:39 PENDING ig (no IG token - run ig/ig-ensure-token.ps1)
2026-09-14 12:02:39 CYCLE 2026-09-14 12:02:39 :: tg=0/1 fb=0/2 vk=0/0
2026-09-14 12:07:42 FAIL fb golos-banka-2026-09-13 :: PUBLISH golos-banka-2026-09-13 ...
FAIL golos-banka-2026-09-13 -> PAGE=319271621473482
FB_FAIL {"error":{"message":"(#100) 0 does not resolve to a valid user ID","type":"OAuthException","code":100,"fbtrace_id":"A9kKGsI3UVqDcjfq8GuNz6Q"}}
DONE ok=0 skip=0 fail=1
2026-09-14 12:07:48 FAIL fb vybor-diktora-2026-09-14 :: PUBLISH vybor-diktora-2026-09-14 ...
FAIL vybor-diktora-2026-09-14 -> PAGE=319271621473482
FB_FAIL {"error":{"message":"(#100) 0 does not resolve to a valid user ID","type":"OAuthException","code":100,"fbtrace_id":"An8A-qcxqqefttN3bSM-4bC"}}
DONE ok=0 skip=0 fail=1
2026-09-14 12:07:50 PENDING ig (no IG token - run ig/ig-ensure-token.ps1)
2026-09-14 12:07:50 CYCLE 2026-09-14 12:07:50 :: tg=0/0 fb=0/2 vk=0/0
2026-09-14 12:12:53 FAIL fb golos-banka-2026-09-13 :: PUBLISH golos-banka-2026-09-13 ...
FAIL golos-banka-2026-09-13 -> PAGE=319271621473482
FB_FAIL {"error":{"message":"(#100) 0 does not resolve to a valid user ID","type":"OAuthException","code":100,"fbtrace_id":"A9XhsaG-v5Sm5RL7eKxKQJJ"}}
DONE ok=0 skip=0 fail=1
2026-09-14 12:12:57 FAIL fb vybor-diktora-2026-09-14 :: PUBLISH vybor-diktora-2026-09-14 ...
FAIL vybor-diktora-2026-09-14 -> PAGE=319271621473482
FB_FAIL {"error":{"message":"(#100) 0 does not resolve to a valid user ID","type":"OAuthException","code":100,"fbtrace_id":"AQsYx8eCPlZW3sa6UIXjcTO"}}
DONE ok=0 skip=0 fail=1
2026-09-14 12:12:59 PENDING ig (no IG token - run ig/ig-ensure-token.ps1)
2026-09-14 12:12:59 CYCLE 2026-09-14 12:12:59 :: tg=0/0 fb=0/2 vk=0/0
2026-09-14 12:18:02 FAIL fb golos-banka-2026-09-13 :: PUBLISH golos-banka-2026-09-13 ...
FAIL golos-banka-2026-09-13 -> PAGE=319271621473482
FB_FAIL {"error":{"message":"(#100) 0 does not resolve to a valid user ID","type":"OAuthException","code":100,"fbtrace_id":"AYE-urUEpo8LPJFmdDyv6KK"}}
DONE ok=0 skip=0 fail=1
2026-09-14 12:18:06 FAIL fb vybor-diktora-2026-09-14 :: PUBLISH vybor-diktora-2026-09-14 ...
FAIL vybor-diktora-2026-09-14 -> PAGE=319271621473482
FB_FAIL {"error":{"message":"(#100) 0 does not resolve to a valid user ID","type":"OAuthException","code":100,"fbtrace_id":"ALNAWcYCzacikOkkPhCkJEs"}}
DONE ok=0 skip=0 fail=1
2026-09-14 12:18:08 PENDING ig (no IG token - run ig/ig-ensure-token.ps1)
2026-09-14 12:18:08 CYCLE 2026-09-14 12:18:08 :: tg=0/0 fb=0/2 vk=0/0
2026-09-14 12:23:11 FAIL fb golos-banka-2026-09-13 :: PUBLISH golos-banka-2026-09-13 ...
FAIL golos-banka-2026-09-13 -> PAGE=319271621473482
FB_FAIL {"error":{"message":"(#100) 0 does not resolve to a valid user ID","type":"OAuthException","code":100,"fbtrace_id":"AglBhivA5L63S4Wr0RkI7L0"}}
DONE ok=0 skip=0 fail=1
2026-09-14 12:23:16 FAIL fb vybor-diktora-2026-09-14 :: PUBLISH vybor-diktora-2026-09-14 ...
FAIL vybor-diktora-2026-09-14 -> PAGE=319271621473482
FB_FAIL {"error":{"message":"(#100) 0 does not resolve to a valid user ID","type":"OAuthException","code":100,"fbtrace_id":"AV407EFs3F_lhzPbkpD3RBV"}}
DONE ok=0 skip=0 fail=1
2026-09-14 12:23:18 PENDING ig (no IG token - run ig/ig-ensure-token.ps1)
2026-09-14 12:23:18 CYCLE 2026-09-14 12:23:18 :: tg=0/0 fb=0/2 vk=0/0
2026-09-14 12:28:20 FAIL fb golos-banka-2026-09-13 :: PUBLISH golos-banka-2026-09-13 ...
FAIL golos-banka-2026-09-13 -> PAGE=319271621473482
FB_FAIL {"error":{"message":"(#100) 0 does not resolve to a valid user ID","type":"OAuthException","code":100,"fbtrace_id":"AgxF0U5ZJfXRhwvBr9qGkcA"}}
DONE ok=0 skip=0 fail=1
2026-09-14 12:28:25 FAIL fb vybor-diktora-2026-09-14 :: PUBLISH vybor-diktora-2026-09-14 ...
FAIL vybor-diktora-2026-09-14 -> PAGE=319271621473482
FB_FAIL {"error":{"message":"(#100) 0 does not resolve to a valid user ID","type":"OAuthException","code":100,"fbtrace_id":"AhMt2nhFhCrCoDR_g24m-2m"}}
DONE ok=0 skip=0 fail=1
2026-09-14 12:28:27 PENDING ig (no IG token - run ig/ig-ensure-token.ps1)
2026-09-14 12:28:27 CYCLE 2026-09-14 12:28:27 :: tg=0/0 fb=0/2 vk=0/0
2026-09-14 12:33:29 FAIL fb golos-banka-2026-09-13 :: PUBLISH golos-banka-2026-09-13 ...
FAIL golos-banka-2026-09-13 -> PAGE=319271621473482
FB_FAIL {"error":{"message":"(#100) 0 does not resolve to a valid user ID","type":"OAuthException","code":100,"fbtrace_id":"A8NLVVqmythieu-_d3Vt8Qd"}}
DONE ok=0 skip=0 fail=1
2026-09-14 12:33:34 FAIL fb vybor-diktora-2026-09-14 :: PUBLISH vybor-diktora-2026-09-14 ...
FAIL vybor-diktora-2026-09-14 -> PAGE=319271621473482
FB_FAIL {"error":{"message":"(#100) 0 does not resolve to a valid user ID","type":"OAuthException","code":100,"fbtrace_id":"AGGw2Fo28LPk78kibKNyxeY"}}
DONE ok=0 skip=0 fail=1
2026-09-14 12:33:36 PENDING ig (no IG token - run ig/ig-ensure-token.ps1)
2026-09-14 12:33:36 CYCLE 2026-09-14 12:33:36 :: tg=0/0 fb=0/2 vk=0/0
2026-09-14 12:38:38 FAIL fb golos-banka-2026-09-13 :: PUBLISH golos-banka-2026-09-13 ...
FAIL golos-banka-2026-09-13 -> PAGE=319271621473482
FB_FAIL {"error":{"message":"(#100) 0 does not resolve to a valid user ID","type":"OAuthException","code":100,"fbtrace_id":"AERaekaVS5vfwJ2fSujo_jz"}}
DONE ok=0 skip=0 fail=1
2026-09-14 12:38:43 FAIL fb vybor-diktora-2026-09-14 :: PUBLISH vybor-diktora-2026-09-14 ...
FAIL vybor-diktora-2026-09-14 -> PAGE=319271621473482
FB_FAIL {"error":{"message":"(#100) 0 does not resolve to a valid user ID","type":"OAuthException","code":100,"fbtrace_id":"AZXDLYBrgnD2V53Yr-Y2dhv"}}
DONE ok=0 skip=0 fail=1
2026-09-14 12:38:45 PENDING ig (no IG token - run ig/ig-ensure-token.ps1)
2026-09-14 12:38:45 CYCLE 2026-09-14 12:38:45 :: tg=0/0 fb=0/2 vk=0/0
2026-09-14 12:43:48 FAIL fb golos-banka-2026-09-13 :: PUBLISH golos-banka-2026-09-13 ...
FAIL golos-banka-2026-09-13 -> PAGE=319271621473482
FB_FAIL {"error":{"message":"(#100) 0 does not resolve to a valid user ID","type":"OAuthException","code":100,"fbtrace_id":"AZlQlBJM9B-PuKr4vFlCb9-"}}
DONE ok=0 skip=0 fail=1
2026-09-14 12:43:53 FAIL fb vybor-diktora-2026-09-14 :: PUBLISH vybor-diktora-2026-09-14 ...
FAIL vybor-diktora-2026-09-14 -> PAGE=319271621473482
FB_FAIL {"error":{"message":"(#100) 0 does not resolve to a valid user ID","type":"OAuthException","code":100,"fbtrace_id":"ASicEaeuXb-jZJJEfBaRLl0"}}
DONE ok=0 skip=0 fail=1
2026-09-14 12:43:55 PENDING ig (no IG token - run ig/ig-ensure-token.ps1)
2026-09-14 12:43:55 CYCLE 2026-09-14 12:43:55 :: tg=0/0 fb=0/2 vk=0/0
2026-09-14 12:48:58 FAIL fb golos-banka-2026-09-13 :: PUBLISH golos-banka-2026-09-13 ...
FAIL golos-banka-2026-09-13 -> PAGE=319271621473482
FB_FAIL {"error":{"message":"(#100) 0 does not resolve to a valid user ID","type":"OAuthException","code":100,"fbtrace_id":"A7I-l4zM7Kv1toVSKFyLXnE"}}
DONE ok=0 skip=0 fail=1
2026-09-14 12:49:02 FAIL fb vybor-diktora-2026-09-14 :: PUBLISH vybor-diktora-2026-09-14 ...
FAIL vybor-diktora-2026-09-14 -> PAGE=319271621473482
FB_FAIL {"error":{"message":"(#100) 0 does not resolve to a valid user ID","type":"OAuthException","code":100,"fbtrace_id":"Ad9B45tyiot4QctsX1gRiL5"}}
DONE ok=0 skip=0 fail=1
2026-09-14 12:49:04 PENDING ig (no IG token - run ig/ig-ensure-token.ps1)
2026-09-14 12:49:04 CYCLE 2026-09-14 12:49:04 :: tg=0/0 fb=0/2 vk=0/0
2026-09-14 12:54:07 FAIL fb golos-banka-2026-09-13 :: PUBLISH golos-banka-2026-09-13 ...
FAIL golos-banka-2026-09-13 -> PAGE=319271621473482
FB_FAIL {"error":{"message":"(#100) 0 does not resolve to a valid user ID","type":"OAuthException","code":100,"fbtrace_id":"AT52o2rxTMCn8eHy2Osx4WN"}}
DONE ok=0 skip=0 fail=1
2026-09-14 12:54:12 FAIL fb vybor-diktora-2026-09-14 :: PUBLISH vybor-diktora-2026-09-14 ...
FAIL vybor-diktora-2026-09-14 -> PAGE=319271621473482
FB_FAIL {"error":{"message":"(#100) 0 does not resolve to a valid user ID","type":"OAuthException","code":100,"fbtrace_id":"AWTOovzCx1vpbBsjq4NkogV"}}
DONE ok=0 skip=0 fail=1
2026-09-14 12:54:14 PENDING ig (no IG token - run ig/ig-ensure-token.ps1)
2026-09-14 12:54:14 CYCLE 2026-09-14 12:54:14 :: tg=0/0 fb=0/2 vk=0/0
2026-09-14 12:59:17 FAIL fb golos-banka-2026-09-13 :: PUBLISH golos-banka-2026-09-13 ...
FAIL golos-banka-2026-09-13 -> PAGE=319271621473482
FB_FAIL {"error":{"message":"(#100) 0 does not resolve to a valid user ID","type":"OAuthException","code":100,"fbtrace_id":"ALKXw-dOs18diKNKT8W1lta"}}
DONE ok=0 skip=0 fail=1
2026-09-14 12:59:21 FAIL fb vybor-diktora-2026-09-14 :: PUBLISH vybor-diktora-2026-09-14 ...
FAIL vybor-diktora-2026-09-14 -> PAGE=319271621473482
FB_FAIL {"error":{"message":"(#100) 0 does not resolve to a valid user ID","type":"OAuthException","code":100,"fbtrace_id":"Ailn9x7k8-v4KDFhWgC8XKN"}}
DONE ok=0 skip=0 fail=1
2026-09-14 12:59:23 PENDING ig (no IG token - run ig/ig-ensure-token.ps1)
2026-09-14 12:59:23 CYCLE 2026-09-14 12:59:23 :: tg=0/0 fb=0/2 vk=0/0
2026-09-14 13:04:26 FAIL fb golos-banka-2026-09-13 :: PUBLISH golos-banka-2026-09-13 ...
FAIL golos-banka-2026-09-13 -> PAGE=319271621473482
FB_FAIL {"error":{"message":"(#100) 0 does not resolve to a valid user ID","type":"OAuthException","code":100,"fbtrace_id":"Au1dZbHQw9U1yexnqDA5IxO"}}
DONE ok=0 skip=0 fail=1
2026-09-14 13:04:31 FAIL fb vybor-diktora-2026-09-14 :: PUBLISH vybor-diktora-2026-09-14 ...
FAIL vybor-diktora-2026-09-14 -> PAGE=319271621473482
FB_FAIL {"error":{"message":"(#100) 0 does not resolve to a valid user ID","type":"OAuthException","code":100,"fbtrace_id":"AxXGBwONTbaxxW431OFScAV"}}
DONE ok=0 skip=0 fail=1
2026-09-14 13:04:33 PENDING ig (no IG token - run ig/ig-ensure-token.ps1)
2026-09-14 13:04:33 CYCLE 2026-09-14 13:04:33 :: tg=0/0 fb=0/2 vk=0/0
2026-09-14 13:09:36 FAIL fb golos-banka-2026-09-13 :: PUBLISH golos-banka-2026-09-13 ...
FAIL golos-banka-2026-09-13 -> PAGE=319271621473482
FB_FAIL {"error":{"message":"(#100) 0 does not resolve to a valid user ID","type":"OAuthException","code":100,"fbtrace_id":"AysgaOodli_g6NFMt2_wvrR"}}
DONE ok=0 skip=0 fail=1
2026-09-14 13:09:40 FAIL fb vybor-diktora-2026-09-14 :: PUBLISH vybor-diktora-2026-09-14 ...
FAIL vybor-diktora-2026-09-14 -> PAGE=319271621473482
FB_FAIL {"error":{"message":"(#100) 0 does not resolve to a valid user ID","type":"OAuthException","code":100,"fbtrace_id":"Ab4rAGh-ByvKYZAd5mgq4Sc"}}
DONE ok=0 skip=0 fail=1
2026-09-14 13:09:42 PENDING ig (no IG token - run ig/ig-ensure-token.ps1)
2026-09-14 13:09:42 CYCLE 2026-09-14 13:09:42 :: tg=0/0 fb=0/2 vk=0/0
2026-09-14 13:14:45 FAIL fb golos-banka-2026-09-13 :: PUBLISH golos-banka-2026-09-13 ...
FAIL golos-banka-2026-09-13 -> PAGE=319271621473482
FB_FAIL {"error":{"message":"(#100) 0 does not resolve to a valid user ID","type":"OAuthException","code":100,"fbtrace_id":"AEuhAi0bsLifD8y1JiwZSS_"}}
DONE ok=0 skip=0 fail=1
2026-09-14 13:14:50 FAIL fb vybor-diktora-2026-09-14 :: PUBLISH vybor-diktora-2026-09-14 ...
FAIL vybor-diktora-2026-09-14 -> PAGE=319271621473482
FB_FAIL {"error":{"message":"(#100) 0 does not resolve to a valid user ID","type":"OAuthException","code":100,"fbtrace_id":"Aa3CuK9b793GgJKVWihAjqe"}}
DONE ok=0 skip=0 fail=1
2026-09-14 13:14:52 PENDING ig (no IG token - run ig/ig-ensure-token.ps1)
2026-09-14 13:14:52 CYCLE 2026-09-14 13:14:52 :: tg=0/0 fb=0/2 vk=0/0
2026-09-14 13:19:55 FAIL fb golos-banka-2026-09-13 :: PUBLISH golos-banka-2026-09-13 ...
FAIL golos-banka-2026-09-13 -> PAGE=319271621473482
FB_FAIL {"error":{"message":"(#100) 0 does not resolve to a valid user ID","type":"OAuthException","code":100,"fbtrace_id":"AMzS1dvpuCfG-bmMUT9KT-9"}}
DONE ok=0 skip=0 fail=1
2026-09-14 13:19:59 FAIL fb vybor-diktora-2026-09-14 :: PUBLISH vybor-diktora-2026-09-14 ...
FAIL vybor-diktora-2026-09-14 -> PAGE=319271621473482
FB_FAIL {"error":{"message":"(#100) 0 does not resolve to a valid user ID","type":"OAuthException","code":100,"fbtrace_id":"AoYnnYISeqWP2QuIyq_ocRZ"}}
DONE ok=0 skip=0 fail=1
2026-09-14 13:20:01 PENDING ig (no IG token - run ig/ig-ensure-token.ps1)
2026-09-14 13:20:01 CYCLE 2026-09-14 13:20:01 :: tg=0/0 fb=0/2 vk=0/0
2026-09-14 13:25:04 FAIL fb golos-banka-2026-09-13 :: PUBLISH golos-banka-2026-09-13 ...
FAIL golos-banka-2026-09-13 -> PAGE=319271621473482
FB_FAIL {"error":{"message":"(#100) 0 does not resolve to a valid user ID","type":"OAuthException","code":100,"fbtrace_id":"A9ynUVHN6kPJOKKlTk26eCF"}}
DONE ok=0 skip=0 fail=1
2026-09-14 13:25:09 FAIL fb vybor-diktora-2026-09-14 :: PUBLISH vybor-diktora-2026-09-14 ...
FAIL vybor-diktora-2026-09-14 -> PAGE=319271621473482
FB_FAIL {"error":{"message":"(#100) 0 does not resolve to a valid user ID","type":"OAuthException","code":100,"fbtrace_id":"AzBtuBniOsoN_g9DOfFWEaa"}}
DONE ok=0 skip=0 fail=1
2026-09-14 13:25:11 PENDING ig (no IG token - run ig/ig-ensure-token.ps1)
2026-09-14 13:25:11 CYCLE 2026-09-14 13:25:11 :: tg=0/0 fb=0/2 vk=0/0
2026-09-14 13:30:13 FAIL fb golos-banka-2026-09-13 :: PUBLISH golos-banka-2026-09-13 ...
FAIL golos-banka-2026-09-13 -> PAGE=319271621473482
FB_FAIL {"error":{"message":"(#100) 0 does not resolve to a valid user ID","type":"OAuthException","code":100,"fbtrace_id":"ARaL-TZs1SV139hTutmODWB"}}
DONE ok=0 skip=0 fail=1
2026-09-14 13:30:18 FAIL fb vybor-diktora-2026-09-14 :: PUBLISH vybor-diktora-2026-09-14 ...
FAIL vybor-diktora-2026-09-14 -> PAGE=319271621473482
FB_FAIL {"error":{"message":"(#100) 0 does not resolve to a valid user ID","type":"OAuthException","code":100,"fbtrace_id":"AEjJopqoJWcylZ9xIGCYCkO"}}
DONE ok=0 skip=0 fail=1
2026-09-14 13:30:20 PENDING ig (no IG token - run ig/ig-ensure-token.ps1)
2026-09-14 13:30:20 CYCLE 2026-09-14 13:30:20 :: tg=0/0 fb=0/2 vk=0/0
2026-09-14 13:35:22 FAIL fb golos-banka-2026-09-13 :: PUBLISH golos-banka-2026-09-13 ...
FAIL golos-banka-2026-09-13 -> PAGE=319271621473482
FB_FAIL {"error":{"message":"(#100) 0 does not resolve to a valid user ID","type":"OAuthException","code":100,"fbtrace_id":"AraIqw-RANp4wYStNJ2V3Hy"}}
DONE ok=0 skip=0 fail=1
2026-09-14 13:35:26 FAIL fb vybor-diktora-2026-09-14 :: PUBLISH vybor-diktora-2026-09-14 ...
FAIL vybor-diktora-2026-09-14 -> PAGE=319271621473482
FB_FAIL {"error":{"message":"(#100) 0 does not resolve to a valid user ID","type":"OAuthException","code":100,"fbtrace_id":"ABE76k2lPU1kB8wyBDlKs63"}}
DONE ok=0 skip=0 fail=1
2026-09-14 13:35:28 PENDING ig (no IG token - run ig/ig-ensure-token.ps1)
2026-09-14 13:35:28 CYCLE 2026-09-14 13:35:28 :: tg=0/0 fb=0/2 vk=0/0
2026-09-14 13:40:31 FAIL fb golos-banka-2026-09-13 :: PUBLISH golos-banka-2026-09-13 ...
FAIL golos-banka-2026-09-13 -> PAGE=319271621473482
FB_FAIL {"error":{"message":"(#100) 0 does not resolve to a valid user ID","type":"OAuthException","code":100,"fbtrace_id":"Axv8BL5OKmBX8MalL82IQ-3"}}
DONE ok=0 skip=0 fail=1
2026-09-14 13:40:35 FAIL fb vybor-diktora-2026-09-14 :: PUBLISH vybor-diktora-2026-09-14 ...
FAIL vybor-diktora-2026-09-14 -> PAGE=319271621473482
FB_FAIL {"error":{"message":"(#100) 0 does not resolve to a valid user ID","type":"OAuthException","code":100,"fbtrace_id":"ABE04Trez-b3YeMA1OB6zgz"}}
DONE ok=0 skip=0 fail=1
2026-09-14 13:40:37 PENDING ig (no IG token - run ig/ig-ensure-token.ps1)
2026-09-14 13:40:37 CYCLE 2026-09-14 13:40:37 :: tg=0/0 fb=0/2 vk=0/0
2026-09-14 13:45:40 FAIL fb golos-banka-2026-09-13 :: PUBLISH golos-banka-2026-09-13 ...
FAIL golos-banka-2026-09-13 -> PAGE=319271621473482
FB_FAIL {"error":{"message":"(#100) 0 does not resolve to a valid user ID","type":"OAuthException","code":100,"fbtrace_id":"Ausgxx2kqFwrUAWSrZ_-9lJ"}}
DONE ok=0 skip=0 fail=1
2026-09-14 13:45:44 FAIL fb vybor-diktora-2026-09-14 :: PUBLISH vybor-diktora-2026-09-14 ...
FAIL vybor-diktora-2026-09-14 -> PAGE=319271621473482
FB_FAIL {"error":{"message":"(#100) 0 does not resolve to a valid user ID","type":"OAuthException","code":100,"fbtrace_id":"AzmFSMa7NVJEux3rMLtDq4j"}}
DONE ok=0 skip=0 fail=1
2026-09-14 13:45:46 PENDING ig (no IG token - run ig/ig-ensure-token.ps1)
2026-09-14 13:45:46 CYCLE 2026-09-14 13:45:46 :: tg=0/0 fb=0/2 vk=0/0
2026-09-14 13:50:49 FAIL fb golos-banka-2026-09-13 :: PUBLISH golos-banka-2026-09-13 ...
FAIL golos-banka-2026-09-13 -> PAGE=319271621473482
FB_FAIL {"error":{"message":"(#100) 0 does not resolve to a valid user ID","type":"OAuthException","code":100,"fbtrace_id":"A71GJw0cYN_trIZz1VTNYmb"}}
DONE ok=0 skip=0 fail=1
2026-09-14 13:50:53 FAIL fb vybor-diktora-2026-09-14 :: PUBLISH vybor-diktora-2026-09-14 ...
FAIL vybor-diktora-2026-09-14 -> PAGE=319271621473482
FB_FAIL {"error":{"message":"(#100) 0 does not resolve to a valid user ID","type":"OAuthException","code":100,"fbtrace_id":"ATTiWbggiEf1eg1lNXV8YBj"}}
DONE ok=0 skip=0 fail=1
2026-09-14 13:50:55 PENDING ig (no IG token - run ig/ig-ensure-token.ps1)
2026-09-14 13:50:55 CYCLE 2026-09-14 13:50:55 :: tg=0/0 fb=0/2 vk=0/0
2026-09-14 13:55:58 FAIL fb golos-banka-2026-09-13 :: PUBLISH golos-banka-2026-09-13 ...
FAIL golos-banka-2026-09-13 -> PAGE=319271621473482
FB_FAIL {"error":{"message":"(#100) 0 does not resolve to a valid user ID","type":"OAuthException","code":100,"fbtrace_id":"A6bKkGALC2Ty7VM0l7IbLFd"}}
DONE ok=0 skip=0 fail=1
2026-09-14 13:56:02 FAIL fb vybor-diktora-2026-09-14 :: PUBLISH vybor-diktora-2026-09-14 ...
FAIL vybor-diktora-2026-09-14 -> PAGE=319271621473482
FB_FAIL {"error":{"message":"(#100) 0 does not resolve to a valid user ID","type":"OAuthException","code":100,"fbtrace_id":"AQsFllqks_Hxf-Y6exkqYWc"}}
DONE ok=0 skip=0 fail=1
2026-09-14 13:56:04 PENDING ig (no IG token - run ig/ig-ensure-token.ps1)
2026-09-14 13:56:04 CYCLE 2026-09-14 13:56:04 :: tg=0/0 fb=0/2 vk=0/0
2026-09-14 14:01:07 FAIL fb golos-banka-2026-09-13 :: PUBLISH golos-banka-2026-09-13 ...
FAIL golos-banka-2026-09-13 -> PAGE=319271621473482
FB_FAIL {"error":{"message":"(#100) 0 does not resolve to a valid user ID","type":"OAuthException","code":100,"fbtrace_id":"AWrNocLWjw4ziIPG48PO5Qi"}}
DONE ok=0 skip=0 fail=1
2026-09-14 14:01:11 FAIL fb vybor-diktora-2026-09-14 :: PUBLISH vybor-diktora-2026-09-14 ...
FAIL vybor-diktora-2026-09-14 -> PAGE=319271621473482
FB_FAIL {"error":{"message":"(#100) 0 does not resolve to a valid user ID","type":"OAuthException","code":100,"fbtrace_id":"AsH4-xD8XUB26nwqBZNQFxi"}}
DONE ok=0 skip=0 fail=1
2026-09-14 14:01:13 PENDING ig (no IG token - run ig/ig-ensure-token.ps1)
2026-09-14 14:01:13 CYCLE 2026-09-14 14:01:13 :: tg=0/0 fb=0/2 vk=0/0
2026-09-14 14:06:16 FAIL fb golos-banka-2026-09-13 :: PUBLISH golos-banka-2026-09-13 ...
FAIL golos-banka-2026-09-13 -> PAGE=319271621473482
FB_FAIL {"error":{"message":"(#100) 0 does not resolve to a valid user ID","type":"OAuthException","code":100,"fbtrace_id":"AgdkhEx6a_Xl0SpGnoUIfJH"}}
DONE ok=0 skip=0 fail=1
2026-09-14 14:06:20 FAIL fb vybor-diktora-2026-09-14 :: PUBLISH vybor-diktora-2026-09-14 ...
FAIL vybor-diktora-2026-09-14 -> PAGE=319271621473482
FB_FAIL {"error":{"message":"(#100) 0 does not resolve to a valid user ID","type":"OAuthException","code":100,"fbtrace_id":"AJIO6K6bWPS1FW-U1su2B-v"}}
DONE ok=0 skip=0 fail=1
2026-09-14 14:06:22 PENDING ig (no IG token - run ig/ig-ensure-token.ps1)
2026-09-14 14:06:22 CYCLE 2026-09-14 14:06:22 :: tg=0/0 fb=0/2 vk=0/0
2026-09-14 14:11:25 FAIL fb golos-banka-2026-09-13 :: PUBLISH golos-banka-2026-09-13 ...
FAIL golos-banka-2026-09-13 -> PAGE=319271621473482
FB_FAIL {"error":{"message":"(#100) 0 does not resolve to a valid user ID","type":"OAuthException","code":100,"fbtrace_id":"ALSccFuoGGQWKOD4Iunjaik"}}
DONE ok=0 skip=0 fail=1
2026-09-14 14:11:30 FAIL fb vybor-diktora-2026-09-14 :: PUBLISH vybor-diktora-2026-09-14 ...
FAIL vybor-diktora-2026-09-14 -> PAGE=319271621473482
FB_FAIL {"error":{"message":"(#100) 0 does not resolve to a valid user ID","type":"OAuthException","code":100,"fbtrace_id":"AZbkYwAvT0YuHiSr_4C-bBw"}}
DONE ok=0 skip=0 fail=1
2026-09-14 14:11:32 PENDING ig (no IG token - run ig/ig-ensure-token.ps1)
2026-09-14 14:11:32 CYCLE 2026-09-14 14:11:32 :: tg=0/0 fb=0/2 vk=0/0
2026-09-14 14:16:35 FAIL fb golos-banka-2026-09-13 :: PUBLISH golos-banka-2026-09-13 ...
FAIL golos-banka-2026-09-13 -> PAGE=319271621473482
FB_FAIL {"error":{"message":"(#100) 0 does not resolve to a valid user ID","type":"OAuthException","code":100,"fbtrace_id":"A_UvWQRT50M3lxSGC8qPvge"}}
DONE ok=0 skip=0 fail=1
2026-09-14 14:16:39 FAIL fb vybor-diktora-2026-09-14 :: PUBLISH vybor-diktora-2026-09-14 ...
FAIL vybor-diktora-2026-09-14 -> PAGE=319271621473482
FB_FAIL {"error":{"message":"(#100) 0 does not resolve to a valid user ID","type":"OAuthException","code":100,"fbtrace_id":"AjRkAm1iaxGkIHX9Yh0DMPd"}}
DONE ok=0 skip=0 fail=1
2026-09-14 14:16:41 PENDING ig (no IG token - run ig/ig-ensure-token.ps1)
2026-09-14 14:16:41 CYCLE 2026-09-14 14:16:41 :: tg=0/0 fb=0/2 vk=0/0
2026-09-14 14:21:44 FAIL fb golos-banka-2026-09-13 :: PUBLISH golos-banka-2026-09-13 ...
FAIL golos-banka-2026-09-13 -> PAGE=319271621473482
FB_FAIL {"error":{"message":"(#100) 0 does not resolve to a valid user ID","type":"OAuthException","code":100,"fbtrace_id":"AmV_XfZuc5cDwS6ViEYR-7k"}}
DONE ok=0 skip=0 fail=1
2026-09-14 14:21:49 FAIL fb vybor-diktora-2026-09-14 :: PUBLISH vybor-diktora-2026-09-14 ...
FAIL vybor-diktora-2026-09-14 -> PAGE=319271621473482
FB_FAIL {"error":{"message":"(#100) 0 does not resolve to a valid user ID","type":"OAuthException","code":100,"fbtrace_id":"AM_cOZwPT4pFm8rAJkRsrSy"}}
DONE ok=0 skip=0 fail=1
2026-09-14 14:21:51 PENDING ig (no IG token - run ig/ig-ensure-token.ps1)
2026-09-14 14:21:51 CYCLE 2026-09-14 14:21:51 :: tg=0/0 fb=0/2 vk=0/0
2026-09-14 14:26:54 FAIL fb golos-banka-2026-09-13 :: PUBLISH golos-banka-2026-09-13 ...
FAIL golos-banka-2026-09-13 -> PAGE=319271621473482
FB_FAIL {"error":{"message":"(#100) 0 does not resolve to a valid user ID","type":"OAuthException","code":100,"fbtrace_id":"AOX9RPb-gof6J2VaA1fTvS2"}}
DONE ok=0 skip=0 fail=1
2026-09-14 14:26:59 FAIL fb vybor-diktora-2026-09-14 :: PUBLISH vybor-diktora-2026-09-14 ...
FAIL vybor-diktora-2026-09-14 -> PAGE=319271621473482
FB_FAIL {"error":{"message":"(#100) 0 does not resolve to a valid user ID","type":"OAuthException","code":100,"fbtrace_id":"Ap6kItigjudR8hbRZ12LQnl"}}
DONE ok=0 skip=0 fail=1
2026-09-14 14:27:01 PENDING ig (no IG token - run ig/ig-ensure-token.ps1)
2026-09-14 14:27:01 CYCLE 2026-09-14 14:27:01 :: tg=0/0 fb=0/2 vk=0/0
2026-09-14 14:32:03 FAIL fb golos-banka-2026-09-13 :: PUBLISH golos-banka-2026-09-13 ...
FAIL golos-banka-2026-09-13 -> PAGE=319271621473482
FB_FAIL {"error":{"message":"(#100) 0 does not resolve to a valid user ID","type":"OAuthException","code":100,"fbtrace_id":"AXLqSc-7_RdjoavznLPTkPX"}}
DONE ok=0 skip=0 fail=1
2026-09-14 14:32:08 FAIL fb vybor-diktora-2026-09-14 :: PUBLISH vybor-diktora-2026-09-14 ...
FAIL vybor-diktora-2026-09-14 -> PAGE=319271621473482
FB_FAIL {"error":{"message":"(#100) 0 does not resolve to a valid user ID","type":"OAuthException","code":100,"fbtrace_id":"Ae6FWcEc0Ybpy95dZYcU-F_"}}
DONE ok=0 skip=0 fail=1
2026-09-14 14:32:10 PENDING ig (no IG token - run ig/ig-ensure-token.ps1)
2026-09-14 14:32:10 CYCLE 2026-09-14 14:32:10 :: tg=0/0 fb=0/2 vk=0/0
2026-09-14 14:37:13 FAIL fb golos-banka-2026-09-13 :: PUBLISH golos-banka-2026-09-13 ...
FAIL golos-banka-2026-09-13 -> PAGE=319271621473482
FB_FAIL {"error":{"message":"(#100) 0 does not resolve to a valid user ID","type":"OAuthException","code":100,"fbtrace_id":"AwZ4Vxzf6lYKIzRd3GadhvQ"}}
DONE ok=0 skip=0 fail=1
2026-09-14 14:37:17 FAIL fb vybor-diktora-2026-09-14 :: PUBLISH vybor-diktora-2026-09-14 ...
FAIL vybor-diktora-2026-09-14 -> PAGE=319271621473482
FB_FAIL {"error":{"message":"(#100) 0 does not resolve to a valid user ID","type":"OAuthException","code":100,"fbtrace_id":"AcxiMGjlbQ3gDwm9WjvLCLI"}}
DONE ok=0 skip=0 fail=1
2026-09-14 14:37:19 PENDING ig (no IG token - run ig/ig-ensure-token.ps1)
2026-09-14 14:37:19 CYCLE 2026-09-14 14:37:19 :: tg=0/0 fb=0/2 vk=0/0
2026-09-14 14:42:22 FAIL fb golos-banka-2026-09-13 :: PUBLISH golos-banka-2026-09-13 ...
FAIL golos-banka-2026-09-13 -> PAGE=319271621473482
FB_FAIL {"error":{"message":"(#100) 0 does not resolve to a valid user ID","type":"OAuthException","code":100,"fbtrace_id":"ABU6-IYpq_3IBmayS37dipP"}}
DONE ok=0 skip=0 fail=1
2026-09-14 14:42:27 FAIL fb vybor-diktora-2026-09-14 :: PUBLISH vybor-diktora-2026-09-14 ...
FAIL vybor-diktora-2026-09-14 -> PAGE=319271621473482
FB_FAIL {"error":{"message":"(#100) 0 does not resolve to a valid user ID","type":"OAuthException","code":100,"fbtrace_id":"ATPQomDzJLBlmFluhpUFV9K"}}
DONE ok=0 skip=0 fail=1
2026-09-14 14:42:29 PENDING ig (no IG token - run ig/ig-ensure-token.ps1)
2026-09-14 14:42:29 CYCLE 2026-09-14 14:42:29 :: tg=0/0 fb=0/2 vk=0/0
2026-09-14 14:47:32 FAIL fb golos-banka-2026-09-13 :: PUBLISH golos-banka-2026-09-13 ...
FAIL golos-banka-2026-09-13 -> PAGE=319271621473482
FB_FAIL {"error":{"message":"(#100) 0 does not resolve to a valid user ID","type":"OAuthException","code":100,"fbtrace_id":"AEwlVEHcjY3YDtJI58Bok_0"}}
DONE ok=0 skip=0 fail=1
2026-09-14 14:47:38 FAIL fb vybor-diktora-2026-09-14 :: PUBLISH vybor-diktora-2026-09-14 ...
FAIL vybor-diktora-2026-09-14 -> PAGE=319271621473482
FB_FAIL {"error":{"message":"(#100) 0 does not resolve to a valid user ID","type":"OAuthException","code":100,"fbtrace_id":"Ame-Ba9rkJtJ4oZm79ve3lM"}}
DONE ok=0 skip=0 fail=1
2026-09-14 14:47:40 PENDING ig (no IG token - run ig/ig-ensure-token.ps1)
2026-09-14 14:47:40 CYCLE 2026-09-14 14:47:40 :: tg=0/0 fb=0/2 vk=0/0
2026-09-14 14:52:43 FAIL fb golos-banka-2026-09-13 :: PUBLISH golos-banka-2026-09-13 ...
FAIL golos-banka-2026-09-13 -> PAGE=319271621473482
FB_FAIL {"error":{"message":"(#100) 0 does not resolve to a valid user ID","type":"OAuthException","code":100,"fbtrace_id":"AfAIb09Fmf0FRT-t6723N2M"}}
DONE ok=0 skip=0 fail=1
2026-09-14 14:52:47 FAIL fb vybor-diktora-2026-09-14 :: PUBLISH vybor-diktora-2026-09-14 ...
FAIL vybor-diktora-2026-09-14 -> PAGE=319271621473482
FB_FAIL {"error":{"message":"(#100) 0 does not resolve to a valid user ID","type":"OAuthException","code":100,"fbtrace_id":"A6_HtPC2jYBxQVj3WmuL-_X"}}
DONE ok=0 skip=0 fail=1
2026-09-14 14:52:49 PENDING ig (no IG token - run ig/ig-ensure-token.ps1)
2026-09-14 14:52:49 CYCLE 2026-09-14 14:52:49 :: tg=0/0 fb=0/2 vk=0/0
2026-09-14 14:57:52 FAIL fb golos-banka-2026-09-13 :: PUBLISH golos-banka-2026-09-13 ...
FAIL golos-banka-2026-09-13 -> PAGE=319271621473482
FB_FAIL {"error":{"message":"(#100) 0 does not resolve to a valid user ID","type":"OAuthException","code":100,"fbtrace_id":"AcheHLZYSwq5mD5nHoUVetS"}}
DONE ok=0 skip=0 fail=1
2026-09-14 14:57:57 FAIL fb vybor-diktora-2026-09-14 :: PUBLISH vybor-diktora-2026-09-14 ...
FAIL vybor-diktora-2026-09-14 -> PAGE=319271621473482
FB_FAIL {"error":{"message":"(#100) 0 does not resolve to a valid user ID","type":"OAuthException","code":100,"fbtrace_id":"AFF5bWKgfltI808K-zf3cuT"}}
DONE ok=0 skip=0 fail=1
2026-09-14 14:57:59 PENDING ig (no IG token - run ig/ig-ensure-token.ps1)
2026-09-14 14:57:59 CYCLE 2026-09-14 14:57:59 :: tg=0/0 fb=0/2 vk=0/0
2026-09-14 15:03:01 FAIL fb golos-banka-2026-09-13 :: PUBLISH golos-banka-2026-09-13 ...
FAIL golos-banka-2026-09-13 -> PAGE=319271621473482
FB_FAIL {"error":{"message":"(#100) 0 does not resolve to a valid user ID","type":"OAuthException","code":100,"fbtrace_id":"AzKPBVw5Jr5u7QOq_M87TIL"}}
DONE ok=0 skip=0 fail=1
2026-09-14 15:03:06 FAIL fb vybor-diktora-2026-09-14 :: PUBLISH vybor-diktora-2026-09-14 ...
FAIL vybor-diktora-2026-09-14 -> PAGE=319271621473482
FB_FAIL {"error":{"message":"(#100) 0 does not resolve to a valid user ID","type":"OAuthException","code":100,"fbtrace_id":"A4jKxq9p_fF0g_oGYU0FhIb"}}
DONE ok=0 skip=0 fail=1
2026-09-14 15:03:08 PENDING ig (no IG token - run ig/ig-ensure-token.ps1)
2026-09-14 15:03:08 CYCLE 2026-09-14 15:03:08 :: tg=0/0 fb=0/2 vk=0/0
2026-09-14 15:08:10 FAIL fb golos-banka-2026-09-13 :: PUBLISH golos-banka-2026-09-13 ...
FAIL golos-banka-2026-09-13 -> PAGE=319271621473482
FB_FAIL {"error":{"message":"(#100) 0 does not resolve to a valid user ID","type":"OAuthException","code":100,"fbtrace_id":"ABVDszIDz5SKp_45z6sSkbO"}}
DONE ok=0 skip=0 fail=1
2026-09-14 15:08:14 FAIL fb vybor-diktora-2026-09-14 :: PUBLISH vybor-diktora-2026-09-14 ...
FAIL vybor-diktora-2026-09-14 -> PAGE=319271621473482
FB_FAIL {"error":{"message":"(#100) 0 does not resolve to a valid user ID","type":"OAuthException","code":100,"fbtrace_id":"AwW5CZQtS_-SpWDZQyXbpuN"}}
DONE ok=0 skip=0 fail=1
2026-09-14 15:08:16 PENDING ig (no IG token - run ig/ig-ensure-token.ps1)
2026-09-14 15:08:16 CYCLE 2026-09-14 15:08:16 :: tg=0/0 fb=0/2 vk=0/0
2026-09-14 15:13:19 FAIL fb golos-banka-2026-09-13 :: PUBLISH golos-banka-2026-09-13 ...
FAIL golos-banka-2026-09-13 -> PAGE=319271621473482
FB_FAIL {"error":{"message":"(#100) 0 does not resolve to a valid user ID","type":"OAuthException","code":100,"fbtrace_id":"AgWVziMhT8wbAJTjWW0ZqnW"}}
DONE ok=0 skip=0 fail=1
2026-09-14 15:13:24 FAIL fb vybor-diktora-2026-09-14 :: PUBLISH vybor-diktora-2026-09-14 ...
FAIL vybor-diktora-2026-09-14 -> PAGE=319271621473482
FB_FAIL {"error":{"message":"(#100) 0 does not resolve to a valid user ID","type":"OAuthException","code":100,"fbtrace_id":"AHUuZpe24217bVyryAwyDob"}}
DONE ok=0 skip=0 fail=1
2026-09-14 15:13:26 PENDING ig (no IG token - run ig/ig-ensure-token.ps1)
2026-09-14 15:13:26 CYCLE 2026-09-14 15:13:26 :: tg=0/0 fb=0/2 vk=0/0
2026-09-14 15:18:29 FAIL fb golos-banka-2026-09-13 :: PUBLISH golos-banka-2026-09-13 ...
FAIL golos-banka-2026-09-13 -> PAGE=319271621473482
FB_FAIL {"error":{"message":"(#100) 0 does not resolve to a valid user ID","type":"OAuthException","code":100,"fbtrace_id":"AmGc70NDXg8AKsTQYVTTWBf"}}
DONE ok=0 skip=0 fail=1
2026-09-14 15:18:33 FAIL fb vybor-diktora-2026-09-14 :: PUBLISH vybor-diktora-2026-09-14 ...
FAIL vybor-diktora-2026-09-14 -> PAGE=319271621473482
FB_FAIL {"error":{"message":"(#100) 0 does not resolve to a valid user ID","type":"OAuthException","code":100,"fbtrace_id":"AUkYB78OODs58QVDd4saDTc"}}
DONE ok=0 skip=0 fail=1
2026-09-14 15:18:35 PENDING ig (no IG token - run ig/ig-ensure-token.ps1)
2026-09-14 15:18:35 CYCLE 2026-09-14 15:18:35 :: tg=0/0 fb=0/2 vk=0/0
2026-09-14 15:23:38 FAIL fb golos-banka-2026-09-13 :: PUBLISH golos-banka-2026-09-13 ...
FAIL golos-banka-2026-09-13 -> PAGE=319271621473482
FB_FAIL {"error":{"message":"(#100) 0 does not resolve to a valid user ID","type":"OAuthException","code":100,"fbtrace_id":"A8bGtiU_Q4NWs6S43I7BkVC"}}
DONE ok=0 skip=0 fail=1
2026-09-14 15:23:43 FAIL fb vybor-diktora-2026-09-14 :: PUBLISH vybor-diktora-2026-09-14 ...
FAIL vybor-diktora-2026-09-14 -> PAGE=319271621473482
FB_FAIL {"error":{"message":"(#100) 0 does not resolve to a valid user ID","type":"OAuthException","code":100,"fbtrace_id":"AcKxozd5BopE6z_tL8yKqLG"}}
DONE ok=0 skip=0 fail=1
2026-09-14 15:23:45 PENDING ig (no IG token - run ig/ig-ensure-token.ps1)
2026-09-14 15:23:45 CYCLE 2026-09-14 15:23:45 :: tg=0/0 fb=0/2 vk=0/0
2026-09-14 15:28:48 FAIL fb golos-banka-2026-09-13 :: PUBLISH golos-banka-2026-09-13 ...
FAIL golos-banka-2026-09-13 -> PAGE=319271621473482
FB_FAIL {"error":{"message":"(#100) 0 does not resolve to a valid user ID","type":"OAuthException","code":100,"fbtrace_id":"AmE2C3npeadSqL8b7LnjaMO"}}
DONE ok=0 skip=0 fail=1
2026-09-14 15:28:53 FAIL fb vybor-diktora-2026-09-14 :: PUBLISH vybor-diktora-2026-09-14 ...
FAIL vybor-diktora-2026-09-14 -> PAGE=319271621473482
FB_FAIL {"error":{"message":"(#100) 0 does not resolve to a valid user ID","type":"OAuthException","code":100,"fbtrace_id":"AMa5VSEjvv4FfdF9ru-GI33"}}
DONE ok=0 skip=0 fail=1
2026-09-14 15:28:55 PENDING ig (no IG token - run ig/ig-ensure-token.ps1)
2026-09-14 15:28:55 CYCLE 2026-09-14 15:28:55 :: tg=0/0 fb=0/2 vk=0/0
2026-09-14 15:33:58 FAIL fb golos-banka-2026-09-13 :: PUBLISH golos-banka-2026-09-13 ...
FAIL golos-banka-2026-09-13 -> PAGE=319271621473482
FB_FAIL {"error":{"message":"(#100) 0 does not resolve to a valid user ID","type":"OAuthException","code":100,"fbtrace_id":"Azf0kirwcNQCpNiauJYT-a7"}}
DONE ok=0 skip=0 fail=1
2026-09-14 15:34:03 FAIL fb vybor-diktora-2026-09-14 :: PUBLISH vybor-diktora-2026-09-14 ...
FAIL vybor-diktora-2026-09-14 -> PAGE=319271621473482
FB_FAIL {"error":{"message":"(#100) 0 does not resolve to a valid user ID","type":"OAuthException","code":100,"fbtrace_id":"A9sJ_OnK1wfIMEoeioju5Zh"}}
DONE ok=0 skip=0 fail=1
2026-09-14 15:34:05 PENDING ig (no IG token - run ig/ig-ensure-token.ps1)
2026-09-14 15:34:05 CYCLE 2026-09-14 15:34:05 :: tg=0/0 fb=0/2 vk=0/0
2026-09-14 15:39:08 FAIL fb golos-banka-2026-09-13 :: PUBLISH golos-banka-2026-09-13 ...
FAIL golos-banka-2026-09-13 -> PAGE=319271621473482
FB_FAIL {"error":{"message":"(#100) 0 does not resolve to a valid user ID","type":"OAuthException","code":100,"fbtrace_id":"AdGdpdWrpuAZjXWZ46R8lnU"}}
DONE ok=0 skip=0 fail=1
2026-09-14 15:39:12 FAIL fb vybor-diktora-2026-09-14 :: PUBLISH vybor-diktora-2026-09-14 ...
FAIL vybor-diktora-2026-09-14 -> PAGE=319271621473482
FB_FAIL {"error":{"message":"(#100) 0 does not resolve to a valid user ID","type":"OAuthException","code":100,"fbtrace_id":"AXfy4wB17kD4XJKmjv0Thlr"}}
DONE ok=0 skip=0 fail=1
2026-09-14 15:39:14 PENDING ig (no IG token - run ig/ig-ensure-token.ps1)
2026-09-14 15:39:14 CYCLE 2026-09-14 15:39:14 :: tg=0/0 fb=0/2 vk=0/0
2026-09-14 15:44:17 FAIL fb golos-banka-2026-09-13 :: PUBLISH golos-banka-2026-09-13 ...
FAIL golos-banka-2026-09-13 -> PAGE=319271621473482
FB_FAIL {"error":{"message":"(#100) 0 does not resolve to a valid user ID","type":"OAuthException","code":100,"fbtrace_id":"AYqthxLPAkliNG9FtMxHjSm"}}
DONE ok=0 skip=0 fail=1
2026-09-14 15:44:22 FAIL fb vybor-diktora-2026-09-14 :: PUBLISH vybor-diktora-2026-09-14 ...
FAIL vybor-diktora-2026-09-14 -> PAGE=319271621473482
FB_FAIL {"error":{"message":"(#100) 0 does not resolve to a valid user ID","type":"OAuthException","code":100,"fbtrace_id":"AEQ6Mc5Bzvc2l0P9QYJpvYJ"}}
DONE ok=0 skip=0 fail=1
2026-09-14 15:44:24 PENDING ig (no IG token - run ig/ig-ensure-token.ps1)
2026-09-14 15:44:24 CYCLE 2026-09-14 15:44:24 :: tg=0/0 fb=0/2 vk=0/0
2026-09-14 15:49:27 FAIL fb golos-banka-2026-09-13 :: PUBLISH golos-banka-2026-09-13 ...
FAIL golos-banka-2026-09-13 -> PAGE=319271621473482
FB_FAIL {"error":{"message":"(#100) 0 does not resolve to a valid user ID","type":"OAuthException","code":100,"fbtrace_id":"AK4DUuoUKZCL493UsnIr6Uh"}}
DONE ok=0 skip=0 fail=1
2026-09-14 15:49:31 FAIL fb vybor-diktora-2026-09-14 :: PUBLISH vybor-diktora-2026-09-14 ...
FAIL vybor-diktora-2026-09-14 -> PAGE=319271621473482
FB_FAIL {"error":{"message":"(#100) 0 does not resolve to a valid user ID","type":"OAuthException","code":100,"fbtrace_id":"Aw06dPCQRYNwR8oXTbk2NrT"}}
DONE ok=0 skip=0 fail=1
2026-09-14 15:49:33 PENDING ig (no IG token - run ig/ig-ensure-token.ps1)
2026-09-14 15:49:33 CYCLE 2026-09-14 15:49:33 :: tg=0/0 fb=0/2 vk=0/0
2026-09-14 15:54:36 FAIL fb golos-banka-2026-09-13 :: PUBLISH golos-banka-2026-09-13 ...
FAIL golos-banka-2026-09-13 -> PAGE=319271621473482
FB_FAIL {"error":{"message":"(#100) 0 does not resolve to a valid user ID","type":"OAuthException","code":100,"fbtrace_id":"Abf2tUFORHTxlHV63aTLwcF"}}
DONE ok=0 skip=0 fail=1
2026-09-14 15:54:40 FAIL fb vybor-diktora-2026-09-14 :: PUBLISH vybor-diktora-2026-09-14 ...
FAIL vybor-diktora-2026-09-14 -> PAGE=319271621473482
FB_FAIL {"error":{"message":"(#100) 0 does not resolve to a valid user ID","type":"OAuthException","code":100,"fbtrace_id":"AdqyDufBWJi6cJAiKnvOaur"}}
DONE ok=0 skip=0 fail=1
2026-09-14 15:54:42 PENDING ig (no IG token - run ig/ig-ensure-token.ps1)
2026-09-14 15:54:42 CYCLE 2026-09-14 15:54:42 :: tg=0/0 fb=0/2 vk=0/0
2026-09-14 15:59:45 FAIL fb golos-banka-2026-09-13 :: PUBLISH golos-banka-2026-09-13 ...
FAIL golos-banka-2026-09-13 -> PAGE=319271621473482
FB_FAIL {"error":{"message":"(#100) 0 does not resolve to a valid user ID","type":"OAuthException","code":100,"fbtrace_id":"Auds-FIomoTw_pdZUn8Fmz4"}}
DONE ok=0 skip=0 fail=1
2026-09-14 15:59:50 FAIL fb vybor-diktora-2026-09-14 :: PUBLISH vybor-diktora-2026-09-14 ...
FAIL vybor-diktora-2026-09-14 -> PAGE=319271621473482
FB_FAIL {"error":{"message":"(#100) 0 does not resolve to a valid user ID","type":"OAuthException","code":100,"fbtrace_id":"Aw3r7RoO4pi4jEBFNmNay0M"}}
DONE ok=0 skip=0 fail=1
2026-09-14 15:59:52 PENDING ig (no IG token - run ig/ig-ensure-token.ps1)
2026-09-14 15:59:52 CYCLE 2026-09-14 15:59:52 :: tg=0/0 fb=0/2 vk=0/0
2026-09-14 16:04:54 FAIL fb golos-banka-2026-09-13 :: PUBLISH golos-banka-2026-09-13 ...
FAIL golos-banka-2026-09-13 -> PAGE=319271621473482
FB_FAIL {"error":{"message":"(#100) 0 does not resolve to a valid user ID","type":"OAuthException","code":100,"fbtrace_id":"AoGHfkKx4g3iawRUm5gjVR3"}}
DONE ok=0 skip=0 fail=1
2026-09-14 16:04:59 FAIL fb vybor-diktora-2026-09-14 :: PUBLISH vybor-diktora-2026-09-14 ...
FAIL vybor-diktora-2026-09-14 -> PAGE=319271621473482
FB_FAIL {"error":{"message":"(#100) 0 does not resolve to a valid user ID","type":"OAuthException","code":100,"fbtrace_id":"AXOg916dS-JuIo5hyh04SrV"}}
DONE ok=0 skip=0 fail=1
2026-09-14 16:05:01 PENDING ig (no IG token - run ig/ig-ensure-token.ps1)
2026-09-14 16:05:01 CYCLE 2026-09-14 16:05:01 :: tg=0/0 fb=0/2 vk=0/0
2026-09-14 16:10:04 FAIL fb golos-banka-2026-09-13 :: PUBLISH golos-banka-2026-09-13 ...
FAIL golos-banka-2026-09-13 -> PAGE=319271621473482
FB_FAIL {"error":{"message":"(#100) 0 does not resolve to a valid user ID","type":"OAuthException","code":100,"fbtrace_id":"A-BqWwqqM_QGb0Yq2gXoyMh"}}
DONE ok=0 skip=0 fail=1
2026-09-14 16:10:08 FAIL fb vybor-diktora-2026-09-14 :: PUBLISH vybor-diktora-2026-09-14 ...
FAIL vybor-diktora-2026-09-14 -> PAGE=319271621473482
FB_FAIL {"error":{"message":"(#100) 0 does not resolve to a valid user ID","type":"OAuthException","code":100,"fbtrace_id":"A37em23YVmKg9g0jlNdFKxP"}}
DONE ok=0 skip=0 fail=1
2026-09-14 16:10:10 PENDING ig (no IG token - run ig/ig-ensure-token.ps1)
2026-09-14 16:10:10 CYCLE 2026-09-14 16:10:10 :: tg=0/0 fb=0/2 vk=0/0
2026-09-14 16:15:13 FAIL fb golos-banka-2026-09-13 :: PUBLISH golos-banka-2026-09-13 ...
FAIL golos-banka-2026-09-13 -> PAGE=319271621473482
FB_FAIL {"error":{"message":"(#100) 0 does not resolve to a valid user ID","type":"OAuthException","code":100,"fbtrace_id":"AxkLZ1xgxPeWvJ8dqzr0uuM"}}
DONE ok=0 skip=0 fail=1
2026-09-14 16:15:18 FAIL fb vybor-diktora-2026-09-14 :: PUBLISH vybor-diktora-2026-09-14 ...
FAIL vybor-diktora-2026-09-14 -> PAGE=319271621473482
FB_FAIL {"error":{"message":"(#100) 0 does not resolve to a valid user ID","type":"OAuthException","code":100,"fbtrace_id":"A40mIxz5s_gAu7IftBpAwmi"}}
DONE ok=0 skip=0 fail=1
2026-09-14 16:15:20 PENDING ig (no IG token - run ig/ig-ensure-token.ps1)
2026-09-14 16:15:20 CYCLE 2026-09-14 16:15:20 :: tg=0/0 fb=0/2 vk=0/0
2026-09-14 16:20:22 FAIL fb golos-banka-2026-09-13 :: PUBLISH golos-banka-2026-09-13 ...
FAIL golos-banka-2026-09-13 -> PAGE=319271621473482
FB_FAIL {"error":{"message":"(#100) 0 does not resolve to a valid user ID","type":"OAuthException","code":100,"fbtrace_id":"AaNFTkbEtCygo2nHB16kwuI"}}
DONE ok=0 skip=0 fail=1
2026-09-14 16:20:27 FAIL fb vybor-diktora-2026-09-14 :: PUBLISH vybor-diktora-2026-09-14 ...
FAIL vybor-diktora-2026-09-14 -> PAGE=319271621473482
FB_FAIL {"error":{"message":"(#100) 0 does not resolve to a valid user ID","type":"OAuthException","code":100,"fbtrace_id":"AIRmQk44NqJo6sQdtwCOJNN"}}
DONE ok=0 skip=0 fail=1
2026-09-14 16:20:29 PENDING ig (no IG token - run ig/ig-ensure-token.ps1)
2026-09-14 16:20:29 CYCLE 2026-09-14 16:20:29 :: tg=0/0 fb=0/2 vk=0/0
2026-09-14 16:25:32 FAIL fb golos-banka-2026-09-13 :: PUBLISH golos-banka-2026-09-13 ...
FAIL golos-banka-2026-09-13 -> PAGE=319271621473482
FB_FAIL {"error":{"message":"(#100) 0 does not resolve to a valid user ID","type":"OAuthException","code":100,"fbtrace_id":"A-EcKuTyxbNndruvTvbQZ3e"}}
DONE ok=0 skip=0 fail=1
2026-09-14 16:25:36 FAIL fb vybor-diktora-2026-09-14 :: PUBLISH vybor-diktora-2026-09-14 ...
FAIL vybor-diktora-2026-09-14 -> PAGE=319271621473482
FB_FAIL {"error":{"message":"(#100) 0 does not resolve to a valid user ID","type":"OAuthException","code":100,"fbtrace_id":"A8bKA9xQEZMVXTZ0axXuwbK"}}
DONE ok=0 skip=0 fail=1
2026-09-14 16:25:38 PENDING ig (no IG token - run ig/ig-ensure-token.ps1)
2026-09-14 16:25:38 CYCLE 2026-09-14 16:25:38 :: tg=0/0 fb=0/2 vk=0/0
2026-09-14 16:30:41 FAIL fb golos-banka-2026-09-13 :: PUBLISH golos-banka-2026-09-13 ...
FAIL golos-banka-2026-09-13 -> PAGE=319271621473482
FB_FAIL {"error":{"message":"(#100) 0 does not resolve to a valid user ID","type":"OAuthException","code":100,"fbtrace_id":"A4q8plRLRrDgfh9UFVqfLwx"}}
DONE ok=0 skip=0 fail=1
2026-09-14 16:30:45 FAIL fb vybor-diktora-2026-09-14 :: PUBLISH vybor-diktora-2026-09-14 ...
FAIL vybor-diktora-2026-09-14 -> PAGE=319271621473482
FB_FAIL {"error":{"message":"(#100) 0 does not resolve to a valid user ID","type":"OAuthException","code":100,"fbtrace_id":"AZ-m1GHRb-mdKoSXPaUVsrg"}}
DONE ok=0 skip=0 fail=1
2026-09-14 16:30:47 PENDING ig (no IG token - run ig/ig-ensure-token.ps1)
2026-09-14 16:30:47 CYCLE 2026-09-14 16:30:47 :: tg=0/0 fb=0/2 vk=0/0
2026-09-14 16:35:50 FAIL fb golos-banka-2026-09-13 :: PUBLISH golos-banka-2026-09-13 ...
FAIL golos-banka-2026-09-13 -> PAGE=319271621473482
FB_FAIL {"error":{"message":"(#100) 0 does not resolve to a valid user ID","type":"OAuthException","code":100,"fbtrace_id":"Apqzz9GTUBWYEEBQlfIquJb"}}
DONE ok=0 skip=0 fail=1
2026-09-14 16:35:54 FAIL fb vybor-diktora-2026-09-14 :: PUBLISH vybor-diktora-2026-09-14 ...
FAIL vybor-diktora-2026-09-14 -> PAGE=319271621473482
FB_FAIL {"error":{"message":"(#100) 0 does not resolve to a valid user ID","type":"OAuthException","code":100,"fbtrace_id":"AU229Pz1Hr4kIS47C6HhgKA"}}
DONE ok=0 skip=0 fail=1
2026-09-14 16:35:56 PENDING ig (no IG token - run ig/ig-ensure-token.ps1)
2026-09-14 16:35:56 CYCLE 2026-09-14 16:35:56 :: tg=0/0 fb=0/2 vk=0/0
2026-09-14 16:40:59 FAIL fb golos-banka-2026-09-13 :: PUBLISH golos-banka-2026-09-13 ...
FAIL golos-banka-2026-09-13 -> PAGE=319271621473482
FB_FAIL {"error":{"message":"(#100) 0 does not resolve to a valid user ID","type":"OAuthException","code":100,"fbtrace_id":"A-ieBnaH0gBp7-CrxVevB0_"}}
DONE ok=0 skip=0 fail=1
2026-09-14 16:41:04 FAIL fb vybor-diktora-2026-09-14 :: PUBLISH vybor-diktora-2026-09-14 ...
FAIL vybor-diktora-2026-09-14 -> PAGE=319271621473482
FB_FAIL {"error":{"message":"(#100) 0 does not resolve to a valid user ID","type":"OAuthException","code":100,"fbtrace_id":"AK2y6AbJPq7AOYYhh0acZ2H"}}
DONE ok=0 skip=0 fail=1
2026-09-14 16:41:06 PENDING ig (no IG token - run ig/ig-ensure-token.ps1)
2026-09-14 16:41:06 CYCLE 2026-09-14 16:41:06 :: tg=0/0 fb=0/2 vk=0/0
2026-09-14 16:46:09 FAIL fb golos-banka-2026-09-13 :: PUBLISH golos-banka-2026-09-13 ...
FAIL golos-banka-2026-09-13 -> PAGE=319271621473482
FB_FAIL {"error":{"message":"(#100) 0 does not resolve to a valid user ID","type":"OAuthException","code":100,"fbtrace_id":"Azu0RS-OIeIFCHS_xWKQlm_"}}
DONE ok=0 skip=0 fail=1
2026-09-14 16:46:13 FAIL fb vybor-diktora-2026-09-14 :: PUBLISH vybor-diktora-2026-09-14 ...
FAIL vybor-diktora-2026-09-14 -> PAGE=319271621473482
FB_FAIL {"error":{"message":"(#100) 0 does not resolve to a valid user ID","type":"OAuthException","code":100,"fbtrace_id":"AkxHLBvk6ag4ASGFJ0cpB63"}}
DONE ok=0 skip=0 fail=1
2026-09-14 16:46:15 PENDING ig (no IG token - run ig/ig-ensure-token.ps1)
2026-09-14 16:46:15 CYCLE 2026-09-14 16:46:15 :: tg=0/0 fb=0/2 vk=0/0
2026-09-14 16:51:18 FAIL fb golos-banka-2026-09-13 :: PUBLISH golos-banka-2026-09-13 ...
FAIL golos-banka-2026-09-13 -> PAGE=319271621473482
FB_FAIL {"error":{"message":"(#100) 0 does not resolve to a valid user ID","type":"OAuthException","code":100,"fbtrace_id":"AYUSSEVS6POelGUkjDwSget"}}
DONE ok=0 skip=0 fail=1
2026-09-14 16:51:23 FAIL fb vybor-diktora-2026-09-14 :: PUBLISH vybor-diktora-2026-09-14 ...
FAIL vybor-diktora-2026-09-14 -> PAGE=319271621473482
FB_FAIL {"error":{"message":"(#100) 0 does not resolve to a valid user ID","type":"OAuthException","code":100,"fbtrace_id":"AOTG6AqYKM0MuvgKwLV_JK5"}}
DONE ok=0 skip=0 fail=1
2026-09-14 16:51:25 PENDING ig (no IG token - run ig/ig-ensure-token.ps1)
2026-09-14 16:51:25 CYCLE 2026-09-14 16:51:25 :: tg=0/0 fb=0/2 vk=0/0
2026-09-14 16:56:27 FAIL fb golos-banka-2026-09-13 :: PUBLISH golos-banka-2026-09-13 ...
FAIL golos-banka-2026-09-13 -> PAGE=319271621473482
FB_FAIL {"error":{"message":"(#100) 0 does not resolve to a valid user ID","type":"OAuthException","code":100,"fbtrace_id":"AFUMJU0tpR4xJfX2B-HffNz"}}
DONE ok=0 skip=0 fail=1
2026-09-14 16:56:32 FAIL fb vybor-diktora-2026-09-14 :: PUBLISH vybor-diktora-2026-09-14 ...
FAIL vybor-diktora-2026-09-14 -> PAGE=319271621473482
FB_FAIL {"error":{"message":"(#100) 0 does not resolve to a valid user ID","type":"OAuthException","code":100,"fbtrace_id":"AvFloO7adozL5yLXe5FEfgo"}}
DONE ok=0 skip=0 fail=1
2026-09-14 16:56:34 PENDING ig (no IG token - run ig/ig-ensure-token.ps1)
2026-09-14 16:56:34 CYCLE 2026-09-14 16:56:34 :: tg=0/0 fb=0/2 vk=0/0
2026-09-14 17:01:37 FAIL fb golos-banka-2026-09-13 :: PUBLISH golos-banka-2026-09-13 ...
FAIL golos-banka-2026-09-13 -> PAGE=319271621473482
FB_FAIL {"error":{"message":"(#100) 0 does not resolve to a valid user ID","type":"OAuthException","code":100,"fbtrace_id":"AWZseBVGWETx7LIiO4KbQA7"}}
DONE ok=0 skip=0 fail=1
2026-09-14 17:01:41 FAIL fb vybor-diktora-2026-09-14 :: PUBLISH vybor-diktora-2026-09-14 ...
FAIL vybor-diktora-2026-09-14 -> PAGE=319271621473482
FB_FAIL {"error":{"message":"(#100) 0 does not resolve to a valid user ID","type":"OAuthException","code":100,"fbtrace_id":"AeLSk5vLsJGVnLRRGUmySBM"}}
DONE ok=0 skip=0 fail=1
2026-09-14 17:01:43 PENDING ig (no IG token - run ig/ig-ensure-token.ps1)
2026-09-14 17:01:43 CYCLE 2026-09-14 17:01:43 :: tg=0/0 fb=0/2 vk=0/0
2026-09-14 17:06:46 FAIL fb golos-banka-2026-09-13 :: PUBLISH golos-banka-2026-09-13 ...
FAIL golos-banka-2026-09-13 -> PAGE=319271621473482
FB_FAIL {"error":{"message":"(#100) 0 does not resolve to a valid user ID","type":"OAuthException","code":100,"fbtrace_id":"AJIC8t3WYq3QdrOKTI2ESJm"}}
DONE ok=0 skip=0 fail=1
2026-09-14 17:06:50 FAIL fb vybor-diktora-2026-09-14 :: PUBLISH vybor-diktora-2026-09-14 ...
FAIL vybor-diktora-2026-09-14 -> PAGE=319271621473482
FB_FAIL {"error":{"message":"(#100) 0 does not resolve to a valid user ID","type":"OAuthException","code":100,"fbtrace_id":"Ajp-Wd2rZoKmnDkyAvq0HN2"}}
DONE ok=0 skip=0 fail=1
2026-09-14 17:06:52 PENDING ig (no IG token - run ig/ig-ensure-token.ps1)
2026-09-14 17:06:52 CYCLE 2026-09-14 17:06:52 :: tg=0/0 fb=0/2 vk=0/0
2026-09-14 17:11:55 FAIL fb golos-banka-2026-09-13 :: PUBLISH golos-banka-2026-09-13 ...
FAIL golos-banka-2026-09-13 -> PAGE=319271621473482
FB_FAIL {"error":{"message":"(#100) 0 does not resolve to a valid user ID","type":"OAuthException","code":100,"fbtrace_id":"AqQps96Hc_cNacfOoZDh4qu"}}
DONE ok=0 skip=0 fail=1
2026-09-14 17:12:00 FAIL fb vybor-diktora-2026-09-14 :: PUBLISH vybor-diktora-2026-09-14 ...
FAIL vybor-diktora-2026-09-14 -> PAGE=319271621473482
FB_FAIL {"error":{"message":"(#100) 0 does not resolve to a valid user ID","type":"OAuthException","code":100,"fbtrace_id":"AQvc057Wk5BzmmherWvmOVh"}}
DONE ok=0 skip=0 fail=1
2026-09-14 17:12:02 PENDING ig (no IG token - run ig/ig-ensure-token.ps1)
2026-09-14 17:12:02 CYCLE 2026-09-14 17:12:02 :: tg=0/0 fb=0/2 vk=0/0
2026-09-14 17:17:04 FAIL fb golos-banka-2026-09-13 :: PUBLISH golos-banka-2026-09-13 ...
FAIL golos-banka-2026-09-13 -> PAGE=319271621473482
FB_FAIL {"error":{"message":"(#100) 0 does not resolve to a valid user ID","type":"OAuthException","code":100,"fbtrace_id":"Ak3hGVtqnGY9buwmrxPUkiR"}}
DONE ok=0 skip=0 fail=1
2026-09-14 17:17:09 FAIL fb vybor-diktora-2026-09-14 :: PUBLISH vybor-diktora-2026-09-14 ...
FAIL vybor-diktora-2026-09-14 -> PAGE=319271621473482
FB_FAIL {"error":{"message":"(#100) 0 does not resolve to a valid user ID","type":"OAuthException","code":100,"fbtrace_id":"AQLB7UG1JXTvKUf7kyafy3K"}}
DONE ok=0 skip=0 fail=1
2026-09-14 17:17:11 PENDING ig (no IG token - run ig/ig-ensure-token.ps1)
2026-09-14 17:17:11 CYCLE 2026-09-14 17:17:11 :: tg=0/0 fb=0/2 vk=0/0
2026-09-14 17:22:14 FAIL fb golos-banka-2026-09-13 :: PUBLISH golos-banka-2026-09-13 ...
FAIL golos-banka-2026-09-13 -> PAGE=319271621473482
FB_FAIL {"error":{"message":"(#100) 0 does not resolve to a valid user ID","type":"OAuthException","code":100,"fbtrace_id":"AgWBvkbdHmXLWkdzzb7FPg4"}}
DONE ok=0 skip=0 fail=1
2026-09-14 17:22:18 FAIL fb vybor-diktora-2026-09-14 :: PUBLISH vybor-diktora-2026-09-14 ...
FAIL vybor-diktora-2026-09-14 -> PAGE=319271621473482
FB_FAIL {"error":{"message":"(#100) 0 does not resolve to a valid user ID","type":"OAuthException","code":100,"fbtrace_id":"Am3dkqydUvNYR5kpEmw6VOg"}}
DONE ok=0 skip=0 fail=1
2026-09-14 17:22:20 PENDING ig (no IG token - run ig/ig-ensure-token.ps1)
2026-09-14 17:22:20 CYCLE 2026-09-14 17:22:20 :: tg=0/0 fb=0/2 vk=0/0
2026-09-14 17:27:23 FAIL fb golos-banka-2026-09-13 :: PUBLISH golos-banka-2026-09-13 ...
FAIL golos-banka-2026-09-13 -> PAGE=319271621473482
FB_FAIL {"error":{"message":"(#100) 0 does not resolve to a valid user ID","type":"OAuthException","code":100,"fbtrace_id":"AJAex2uVbsQNZ_KTSDSyXsq"}}
DONE ok=0 skip=0 fail=1
2026-09-14 17:27:27 FAIL fb vybor-diktora-2026-09-14 :: PUBLISH vybor-diktora-2026-09-14 ...
FAIL vybor-diktora-2026-09-14 -> PAGE=319271621473482
FB_FAIL {"error":{"message":"(#100) 0 does not resolve to a valid user ID","type":"OAuthException","code":100,"fbtrace_id":"Aq4RMdA9_oGK0z17ySNwo6w"}}
DONE ok=0 skip=0 fail=1
2026-09-14 17:27:29 PENDING ig (no IG token - run ig/ig-ensure-token.ps1)
2026-09-14 17:27:29 CYCLE 2026-09-14 17:27:29 :: tg=0/0 fb=0/2 vk=0/0
2026-09-14 17:32:32 FAIL fb golos-banka-2026-09-13 :: PUBLISH golos-banka-2026-09-13 ...
FAIL golos-banka-2026-09-13 -> PAGE=319271621473482
FB_FAIL {"error":{"message":"(#100) 0 does not resolve to a valid user ID","type":"OAuthException","code":100,"fbtrace_id":"AdvYtk_Zmt2MW0JM3OX4w66"}}
DONE ok=0 skip=0 fail=1
2026-09-14 17:32:36 FAIL fb vybor-diktora-2026-09-14 :: PUBLISH vybor-diktora-2026-09-14 ...
FAIL vybor-diktora-2026-09-14 -> PAGE=319271621473482
FB_FAIL {"error":{"message":"(#100) 0 does not resolve to a valid user ID","type":"OAuthException","code":100,"fbtrace_id":"A_tfvQup9HF4TIOrBWPOJV8"}}
DONE ok=0 skip=0 fail=1
2026-09-14 17:32:38 PENDING ig (no IG token - run ig/ig-ensure-token.ps1)
2026-09-14 17:32:38 CYCLE 2026-09-14 17:32:38 :: tg=0/0 fb=0/2 vk=0/0
2026-09-14 17:37:41 FAIL fb golos-banka-2026-09-13 :: PUBLISH golos-banka-2026-09-13 ...
FAIL golos-banka-2026-09-13 -> PAGE=319271621473482
FB_FAIL {"error":{"message":"(#100) 0 does not resolve to a valid user ID","type":"OAuthException","code":100,"fbtrace_id":"AnrjkIEH2eLx-e-bTB93Hko"}}
DONE ok=0 skip=0 fail=1
2026-09-14 17:37:45 FAIL fb vybor-diktora-2026-09-14 :: PUBLISH vybor-diktora-2026-09-14 ...
FAIL vybor-diktora-2026-09-14 -> PAGE=319271621473482
FB_FAIL {"error":{"message":"(#100) 0 does not resolve to a valid user ID","type":"OAuthException","code":100,"fbtrace_id":"Aqgl93yscwmr59BLklDErXp"}}
DONE ok=0 skip=0 fail=1
2026-09-14 17:37:47 PENDING ig (no IG token - run ig/ig-ensure-token.ps1)
2026-09-14 17:37:47 CYCLE 2026-09-14 17:37:47 :: tg=0/0 fb=0/2 vk=0/0
2026-09-14 17:42:50 FAIL fb golos-banka-2026-09-13 :: PUBLISH golos-banka-2026-09-13 ...
FAIL golos-banka-2026-09-13 -> PAGE=319271621473482
FB_FAIL {"error":{"message":"(#100) 0 does not resolve to a valid user ID","type":"OAuthException","code":100,"fbtrace_id":"Ar7s5kQ2Aj3nu0i0Ifaqv1j"}}
DONE ok=0 skip=0 fail=1
2026-09-14 17:42:54 FAIL fb vybor-diktora-2026-09-14 :: PUBLISH vybor-diktora-2026-09-14 ...
FAIL vybor-diktora-2026-09-14 -> PAGE=319271621473482
FB_FAIL {"error":{"message":"(#100) 0 does not resolve to a valid user ID","type":"OAuthException","code":100,"fbtrace_id":"AbNT9mk4CFMnMkPb4Rr_91P"}}
DONE ok=0 skip=0 fail=1
2026-09-14 17:42:56 PENDING ig (no IG token - run ig/ig-ensure-token.ps1)
2026-09-14 17:42:56 CYCLE 2026-09-14 17:42:56 :: tg=0/0 fb=0/2 vk=0/0
2026-09-14 17:47:59 FAIL fb golos-banka-2026-09-13 :: PUBLISH golos-banka-2026-09-13 ...
FAIL golos-banka-2026-09-13 -> PAGE=319271621473482
FB_FAIL {"error":{"message":"(#100) 0 does not resolve to a valid user ID","type":"OAuthException","code":100,"fbtrace_id":"AHUN9HzWQNj4eFm0RUyqQV_"}}
DONE ok=0 skip=0 fail=1
2026-09-14 17:48:04 FAIL fb vybor-diktora-2026-09-14 :: PUBLISH vybor-diktora-2026-09-14 ...
FAIL vybor-diktora-2026-09-14 -> PAGE=319271621473482
FB_FAIL {"error":{"message":"(#100) 0 does not resolve to a valid user ID","type":"OAuthException","code":100,"fbtrace_id":"Algih_nrnCegpLCDeRCiaym"}}
DONE ok=0 skip=0 fail=1
2026-09-14 17:48:06 PENDING ig (no IG token - run ig/ig-ensure-token.ps1)
2026-09-14 17:48:06 CYCLE 2026-09-14 17:48:06 :: tg=0/0 fb=0/2 vk=0/0
2026-09-14 17:53:08 FAIL fb golos-banka-2026-09-13 :: PUBLISH golos-banka-2026-09-13 ...
FAIL golos-banka-2026-09-13 -> PAGE=319271621473482
FB_FAIL {"error":{"message":"(#100) 0 does not resolve to a valid user ID","type":"OAuthException","code":100,"fbtrace_id":"AIzMwTTsNtIT7JuCzSyMQ1d"}}
DONE ok=0 skip=0 fail=1
2026-09-14 17:53:13 FAIL fb vybor-diktora-2026-09-14 :: PUBLISH vybor-diktora-2026-09-14 ...
FAIL vybor-diktora-2026-09-14 -> PAGE=319271621473482
FB_FAIL {"error":{"message":"(#100) 0 does not resolve to a valid user ID","type":"OAuthException","code":100,"fbtrace_id":"ACJ5EfD7u5eF_aT4MQGmL8-"}}
DONE ok=0 skip=0 fail=1
2026-09-14 17:53:15 PENDING ig (no IG token - run ig/ig-ensure-token.ps1)
2026-09-14 17:53:15 CYCLE 2026-09-14 17:53:15 :: tg=0/0 fb=0/2 vk=0/0
2026-09-14 17:58:17 FAIL fb golos-banka-2026-09-13 :: PUBLISH golos-banka-2026-09-13 ...
FAIL golos-banka-2026-09-13 -> PAGE=319271621473482
FB_FAIL {"error":{"message":"(#100) 0 does not resolve to a valid user ID","type":"OAuthException","code":100,"fbtrace_id":"A2ExCUkEHOe28rJ-CgU4rMD"}}
DONE ok=0 skip=0 fail=1
2026-09-14 17:58:22 FAIL fb vybor-diktora-2026-09-14 :: PUBLISH vybor-diktora-2026-09-14 ...
FAIL vybor-diktora-2026-09-14 -> PAGE=319271621473482
FB_FAIL {"error":{"message":"(#100) 0 does not resolve to a valid user ID","type":"OAuthException","code":100,"fbtrace_id":"AnD6Ovdkta0yh6z8ldoV2Nw"}}
DONE ok=0 skip=0 fail=1
2026-09-14 17:58:24 PENDING ig (no IG token - run ig/ig-ensure-token.ps1)
2026-09-14 17:58:24 CYCLE 2026-09-14 17:58:24 :: tg=0/0 fb=0/2 vk=0/0
2026-09-14 18:03:27 FAIL fb golos-banka-2026-09-13 :: PUBLISH golos-banka-2026-09-13 ...
FAIL golos-banka-2026-09-13 -> PAGE=319271621473482
FB_FAIL {"error":{"message":"(#100) 0 does not resolve to a valid user ID","type":"OAuthException","code":100,"fbtrace_id":"An3b9FgX04-noM6eQxxblof"}}
DONE ok=0 skip=0 fail=1
2026-09-14 18:03:31 FAIL fb vybor-diktora-2026-09-14 :: PUBLISH vybor-diktora-2026-09-14 ...
FAIL vybor-diktora-2026-09-14 -> PAGE=319271621473482
FB_FAIL {"error":{"message":"(#100) 0 does not resolve to a valid user ID","type":"OAuthException","code":100,"fbtrace_id":"AsAdkVZ8BuQoQKNP_fdSKkk"}}
DONE ok=0 skip=0 fail=1
2026-09-14 18:03:33 PENDING ig (no IG token - run ig/ig-ensure-token.ps1)
2026-09-14 18:03:33 CYCLE 2026-09-14 18:03:33 :: tg=0/0 fb=0/2 vk=0/0
2026-09-14 18:08:36 FAIL fb golos-banka-2026-09-13 :: PUBLISH golos-banka-2026-09-13 ...
FAIL golos-banka-2026-09-13 -> PAGE=319271621473482
FB_FAIL {"error":{"message":"(#100) 0 does not resolve to a valid user ID","type":"OAuthException","code":100,"fbtrace_id":"AanGzirBmVkGvaAxV-Dinoo"}}
DONE ok=0 skip=0 fail=1
2026-09-14 18:08:40 FAIL fb vybor-diktora-2026-09-14 :: PUBLISH vybor-diktora-2026-09-14 ...
FAIL vybor-diktora-2026-09-14 -> PAGE=319271621473482
FB_FAIL {"error":{"message":"(#100) 0 does not resolve to a valid user ID","type":"OAuthException","code":100,"fbtrace_id":"Agwb47ge9bm7a_tUvhBWUGv"}}
DONE ok=0 skip=0 fail=1
2026-09-14 18:08:42 PENDING ig (no IG token - run ig/ig-ensure-token.ps1)
2026-09-14 18:08:42 CYCLE 2026-09-14 18:08:42 :: tg=0/0 fb=0/2 vk=0/0
2026-09-14 18:13:45 FAIL fb golos-banka-2026-09-13 :: PUBLISH golos-banka-2026-09-13 ...
FAIL golos-banka-2026-09-13 -> PAGE=319271621473482
FB_FAIL {"error":{"message":"(#100) 0 does not resolve to a valid user ID","type":"OAuthException","code":100,"fbtrace_id":"AVJ70bZOH5zuL_P5dGalnQU"}}
DONE ok=0 skip=0 fail=1
2026-09-14 18:13:49 FAIL fb vybor-diktora-2026-09-14 :: PUBLISH vybor-diktora-2026-09-14 ...
FAIL vybor-diktora-2026-09-14 -> PAGE=319271621473482
FB_FAIL {"error":{"message":"(#100) 0 does not resolve to a valid user ID","type":"OAuthException","code":100,"fbtrace_id":"ArwiTJuKKaUVhW2jdK7pjGS"}}
DONE ok=0 skip=0 fail=1
2026-09-14 18:13:51 PENDING ig (no IG token - run ig/ig-ensure-token.ps1)
2026-09-14 18:13:51 CYCLE 2026-09-14 18:13:51 :: tg=0/0 fb=0/2 vk=0/0
2026-09-14 18:18:53 FAIL fb golos-banka-2026-09-13 :: PUBLISH golos-banka-2026-09-13 ...
FAIL golos-banka-2026-09-13 -> PAGE=319271621473482
FB_FAIL {"error":{"message":"(#100) 0 does not resolve to a valid user ID","type":"OAuthException","code":100,"fbtrace_id":"AEq54ZHLXvL8gMJ8Da1_R39"}}
DONE ok=0 skip=0 fail=1
2026-09-14 18:18:58 FAIL fb vybor-diktora-2026-09-14 :: PUBLISH vybor-diktora-2026-09-14 ...
FAIL vybor-diktora-2026-09-14 -> PAGE=319271621473482
FB_FAIL {"error":{"message":"(#100) 0 does not resolve to a valid user ID","type":"OAuthException","code":100,"fbtrace_id":"Al9_B-A2WZF1JbbnhG6bvvQ"}}
DONE ok=0 skip=0 fail=1
2026-09-14 18:19:00 PENDING ig (no IG token - run ig/ig-ensure-token.ps1)
2026-09-14 18:19:00 CYCLE 2026-09-14 18:19:00 :: tg=0/0 fb=0/2 vk=0/0
2026-09-14 18:24:03 FAIL fb golos-banka-2026-09-13 :: PUBLISH golos-banka-2026-09-13 ...
FAIL golos-banka-2026-09-13 -> PAGE=319271621473482
FB_FAIL {"error":{"message":"(#100) 0 does not resolve to a valid user ID","type":"OAuthException","code":100,"fbtrace_id":"A8bikTQN7W6c2Oe2CnitvQ3"}}
DONE ok=0 skip=0 fail=1
2026-09-14 18:24:07 FAIL fb vybor-diktora-2026-09-14 :: PUBLISH vybor-diktora-2026-09-14 ...
FAIL vybor-diktora-2026-09-14 -> PAGE=319271621473482
FB_FAIL {"error":{"message":"(#100) 0 does not resolve to a valid user ID","type":"OAuthException","code":100,"fbtrace_id":"AFrxOfmGfxxn_dlz0FoMVm8"}}
DONE ok=0 skip=0 fail=1
2026-09-14 18:24:09 PENDING ig (no IG token - run ig/ig-ensure-token.ps1)
2026-09-14 18:24:09 CYCLE 2026-09-14 18:24:09 :: tg=0/0 fb=0/2 vk=0/0
2026-09-14 18:29:12 FAIL fb golos-banka-2026-09-13 :: PUBLISH golos-banka-2026-09-13 ...
FAIL golos-banka-2026-09-13 -> PAGE=319271621473482
FB_FAIL {"error":{"message":"(#100) 0 does not resolve to a valid user ID","type":"OAuthException","code":100,"fbtrace_id":"Aq0_yQv7jviM4gbEOpasY3p"}}
DONE ok=0 skip=0 fail=1
2026-09-14 18:29:17 FAIL fb vybor-diktora-2026-09-14 :: PUBLISH vybor-diktora-2026-09-14 ...
FAIL vybor-diktora-2026-09-14 -> PAGE=319271621473482
FB_FAIL {"error":{"message":"(#100) 0 does not resolve to a valid user ID","type":"OAuthException","code":100,"fbtrace_id":"AWdxSICD_UPMU5Wm7dgi_KN"}}
DONE ok=0 skip=0 fail=1
2026-09-14 18:29:19 PENDING ig (no IG token - run ig/ig-ensure-token.ps1)
2026-09-14 18:29:19 CYCLE 2026-09-14 18:29:19 :: tg=0/0 fb=0/2 vk=0/0
2026-09-14 18:34:21 FAIL fb golos-banka-2026-09-13 :: PUBLISH golos-banka-2026-09-13 ...
FAIL golos-banka-2026-09-13 -> PAGE=319271621473482
FB_FAIL {"error":{"message":"(#100) 0 does not resolve to a valid user ID","type":"OAuthException","code":100,"fbtrace_id":"AnPm-b19UVZVi6RSd_NH-R4"}}
DONE ok=0 skip=0 fail=1
2026-09-14 18:34:26 FAIL fb vybor-diktora-2026-09-14 :: PUBLISH vybor-diktora-2026-09-14 ...
FAIL vybor-diktora-2026-09-14 -> PAGE=319271621473482
FB_FAIL {"error":{"message":"(#100) 0 does not resolve to a valid user ID","type":"OAuthException","code":100,"fbtrace_id":"A8c0P0yahejtIl_YGk3ENu8"}}
DONE ok=0 skip=0 fail=1
2026-09-14 18:34:28 PENDING ig (no IG token - run ig/ig-ensure-token.ps1)
2026-09-14 18:34:28 CYCLE 2026-09-14 18:34:28 :: tg=0/0 fb=0/2 vk=0/0
2026-09-14 18:39:30 FAIL fb golos-banka-2026-09-13 :: PUBLISH golos-banka-2026-09-13 ...
FAIL golos-banka-2026-09-13 -> PAGE=319271621473482
FB_FAIL {"error":{"message":"(#100) 0 does not resolve to a valid user ID","type":"OAuthException","code":100,"fbtrace_id":"AbhrF6DjvSvTpZ2_l-MyPW_"}}
DONE ok=0 skip=0 fail=1
2026-09-14 18:39:35 FAIL fb vybor-diktora-2026-09-14 :: PUBLISH vybor-diktora-2026-09-14 ...
FAIL vybor-diktora-2026-09-14 -> PAGE=319271621473482
FB_FAIL {"error":{"message":"(#100) 0 does not resolve to a valid user ID","type":"OAuthException","code":100,"fbtrace_id":"AzelfZHwAYaWHOTpwDLE6Ay"}}
DONE ok=0 skip=0 fail=1
2026-09-14 18:39:37 PENDING ig (no IG token - run ig/ig-ensure-token.ps1)
2026-09-14 18:39:37 CYCLE 2026-09-14 18:39:37 :: tg=0/0 fb=0/2 vk=0/0
2026-09-14 18:44:41 FAIL fb golos-banka-2026-09-13 :: PUBLISH golos-banka-2026-09-13 ...
FAIL golos-banka-2026-09-13 -> PAGE=319271621473482
FB_FAIL {"error":{"message":"(#100) 0 does not resolve to a valid user ID","type":"OAuthException","code":100,"fbtrace_id":"AK3cqvKFWigHcyoIRjKzxdt"}}
DONE ok=0 skip=0 fail=1
2026-09-14 18:44:45 FAIL fb vybor-diktora-2026-09-14 :: PUBLISH vybor-diktora-2026-09-14 ...
FAIL vybor-diktora-2026-09-14 -> PAGE=319271621473482
FB_FAIL {"error":{"message":"(#100) 0 does not resolve to a valid user ID","type":"OAuthException","code":100,"fbtrace_id":"ASk9xjYipCKSGLFXN0uSqJB"}}
DONE ok=0 skip=0 fail=1
2026-09-14 18:44:47 PENDING ig (no IG token - run ig/ig-ensure-token.ps1)
2026-09-14 18:44:47 CYCLE 2026-09-14 18:44:47 :: tg=0/0 fb=0/2 vk=0/0
2026-09-14 18:49:50 FAIL fb golos-banka-2026-09-13 :: PUBLISH golos-banka-2026-09-13 ...
FAIL golos-banka-2026-09-13 -> PAGE=319271621473482
FB_FAIL {"error":{"message":"(#100) 0 does not resolve to a valid user ID","type":"OAuthException","code":100,"fbtrace_id":"AgdJaXm1XNw-y_wVnnzg4JZ"}}
DONE ok=0 skip=0 fail=1
2026-09-14 18:49:54 FAIL fb vybor-diktora-2026-09-14 :: PUBLISH vybor-diktora-2026-09-14 ...
FAIL vybor-diktora-2026-09-14 -> PAGE=319271621473482
FB_FAIL {"error":{"message":"(#100) 0 does not resolve to a valid user ID","type":"OAuthException","code":100,"fbtrace_id":"A06hfKQu7dO_SxEn_wdGVJG"}}
DONE ok=0 skip=0 fail=1
2026-09-14 18:49:56 PENDING ig (no IG token - run ig/ig-ensure-token.ps1)
2026-09-14 18:49:56 CYCLE 2026-09-14 18:49:56 :: tg=0/0 fb=0/2 vk=0/0
2026-09-14 18:54:59 FAIL fb golos-banka-2026-09-13 :: PUBLISH golos-banka-2026-09-13 ...
FAIL golos-banka-2026-09-13 -> PAGE=319271621473482
FB_FAIL {"error":{"message":"(#100) 0 does not resolve to a valid user ID","type":"OAuthException","code":100,"fbtrace_id":"APQKGVsM4n1VEjnNtxhN-4u"}}
DONE ok=0 skip=0 fail=1
2026-09-14 18:55:03 FAIL fb vybor-diktora-2026-09-14 :: PUBLISH vybor-diktora-2026-09-14 ...
FAIL vybor-diktora-2026-09-14 -> PAGE=319271621473482
FB_FAIL {"error":{"message":"(#100) 0 does not resolve to a valid user ID","type":"OAuthException","code":100,"fbtrace_id":"AclxJUo2stBdVHln-uM8x-z"}}
DONE ok=0 skip=0 fail=1
2026-09-14 18:55:05 PENDING ig (no IG token - run ig/ig-ensure-token.ps1)
2026-09-14 18:55:05 CYCLE 2026-09-14 18:55:05 :: tg=0/0 fb=0/2 vk=0/0
2026-09-14 19:00:08 FAIL fb golos-banka-2026-09-13 :: PUBLISH golos-banka-2026-09-13 ...
FAIL golos-banka-2026-09-13 -> PAGE=319271621473482
FB_FAIL {"error":{"message":"(#100) 0 does not resolve to a valid user ID","type":"OAuthException","code":100,"fbtrace_id":"Ac0mVoCv6yM7rJj8GdXdo8C"}}
DONE ok=0 skip=0 fail=1
2026-09-14 19:00:13 FAIL fb vybor-diktora-2026-09-14 :: PUBLISH vybor-diktora-2026-09-14 ...
FAIL vybor-diktora-2026-09-14 -> PAGE=319271621473482
FB_FAIL {"error":{"message":"(#100) 0 does not resolve to a valid user ID","type":"OAuthException","code":100,"fbtrace_id":"AvPtiatpwX2vPRpPaoJ4McZ"}}
DONE ok=0 skip=0 fail=1
2026-09-14 19:00:15 PENDING ig (no IG token - run ig/ig-ensure-token.ps1)
2026-09-14 19:00:15 CYCLE 2026-09-14 19:00:15 :: tg=0/0 fb=0/2 vk=0/0
2026-09-14 19:05:17 FAIL fb golos-banka-2026-09-13 :: PUBLISH golos-banka-2026-09-13 ...
FAIL golos-banka-2026-09-13 -> PAGE=319271621473482
FB_FAIL {"error":{"message":"(#100) 0 does not resolve to a valid user ID","type":"OAuthException","code":100,"fbtrace_id":"A_1bj3sgX9T_3hz5JQkM9s4"}}
DONE ok=0 skip=0 fail=1
2026-09-14 19:05:22 FAIL fb vybor-diktora-2026-09-14 :: PUBLISH vybor-diktora-2026-09-14 ...
FAIL vybor-diktora-2026-09-14 -> PAGE=319271621473482
FB_FAIL {"error":{"message":"(#100) 0 does not resolve to a valid user ID","type":"OAuthException","code":100,"fbtrace_id":"AsazMDo2tSmKf-zXcuBmJwk"}}
DONE ok=0 skip=0 fail=1
2026-09-14 19:05:24 PENDING ig (no IG token - run ig/ig-ensure-token.ps1)
2026-09-14 19:05:24 CYCLE 2026-09-14 19:05:24 :: tg=0/0 fb=0/2 vk=0/0
2026-09-14 19:10:26 FAIL fb golos-banka-2026-09-13 :: PUBLISH golos-banka-2026-09-13 ...
FAIL golos-banka-2026-09-13 -> PAGE=319271621473482
FB_FAIL {"error":{"message":"(#100) 0 does not resolve to a valid user ID","type":"OAuthException","code":100,"fbtrace_id":"A-chpknzpSEg1or-NtepviB"}}
DONE ok=0 skip=0 fail=1
2026-09-14 19:10:31 FAIL fb vybor-diktora-2026-09-14 :: PUBLISH vybor-diktora-2026-09-14 ...
FAIL vybor-diktora-2026-09-14 -> PAGE=319271621473482
FB_FAIL {"error":{"message":"(#100) 0 does not resolve to a valid user ID","type":"OAuthException","code":100,"fbtrace_id":"AGa0jm9HNVcnnzYcuGzZR4c"}}
DONE ok=0 skip=0 fail=1
2026-09-14 19:10:33 PENDING ig (no IG token - run ig/ig-ensure-token.ps1)
2026-09-14 19:10:33 CYCLE 2026-09-14 19:10:33 :: tg=0/0 fb=0/2 vk=0/0
2026-09-14 19:15:35 FAIL fb golos-banka-2026-09-13 :: PUBLISH golos-banka-2026-09-13 ...
FAIL golos-banka-2026-09-13 -> PAGE=319271621473482
FB_FAIL {"error":{"message":"(#100) 0 does not resolve to a valid user ID","type":"OAuthException","code":100,"fbtrace_id":"Ae9a0pUYV17RuvnE_Pm33QO"}}
DONE ok=0 skip=0 fail=1
2026-09-14 19:15:40 FAIL fb vybor-diktora-2026-09-14 :: PUBLISH vybor-diktora-2026-09-14 ...
FAIL vybor-diktora-2026-09-14 -> PAGE=319271621473482
FB_FAIL {"error":{"message":"(#100) 0 does not resolve to a valid user ID","type":"OAuthException","code":100,"fbtrace_id":"Ad8iRvKjrgeFQfq16VoaYc-"}}
DONE ok=0 skip=0 fail=1
2026-09-14 19:15:42 PENDING ig (no IG token - run ig/ig-ensure-token.ps1)
2026-09-14 19:15:42 CYCLE 2026-09-14 19:15:42 :: tg=0/0 fb=0/2 vk=0/0
2026-09-14 19:20:44 FAIL fb golos-banka-2026-09-13 :: PUBLISH golos-banka-2026-09-13 ...
FAIL golos-banka-2026-09-13 -> PAGE=319271621473482
FB_FAIL {"error":{"message":"(#100) 0 does not resolve to a valid user ID","type":"OAuthException","code":100,"fbtrace_id":"AbyPIvhsMHCx1U_42lW0k4e"}}
DONE ok=0 skip=0 fail=1
2026-09-14 19:20:49 FAIL fb vybor-diktora-2026-09-14 :: PUBLISH vybor-diktora-2026-09-14 ...
FAIL vybor-diktora-2026-09-14 -> PAGE=319271621473482
FB_FAIL {"error":{"message":"(#100) 0 does not resolve to a valid user ID","type":"OAuthException","code":100,"fbtrace_id":"A53qSJJE99a0jN2ZoT9QCmn"}}
DONE ok=0 skip=0 fail=1
2026-09-14 19:20:51 PENDING ig (no IG token - run ig/ig-ensure-token.ps1)
2026-09-14 19:20:51 CYCLE 2026-09-14 19:20:51 :: tg=0/0 fb=0/2 vk=0/0
2026-09-14 19:25:53 FAIL fb golos-banka-2026-09-13 :: PUBLISH golos-banka-2026-09-13 ...
FAIL golos-banka-2026-09-13 -> PAGE=319271621473482
FB_FAIL {"error":{"message":"(#100) 0 does not resolve to a valid user ID","type":"OAuthException","code":100,"fbtrace_id":"AV6Q4eMW_o-eku5X0g9tVCz"}}
DONE ok=0 skip=0 fail=1
2026-09-14 19:25:58 FAIL fb vybor-diktora-2026-09-14 :: PUBLISH vybor-diktora-2026-09-14 ...
FAIL vybor-diktora-2026-09-14 -> PAGE=319271621473482
FB_FAIL {"error":{"message":"(#100) 0 does not resolve to a valid user ID","type":"OAuthException","code":100,"fbtrace_id":"AI05hysTLEAUHWsItQTqhZZ"}}
DONE ok=0 skip=0 fail=1
2026-09-14 19:26:00 PENDING ig (no IG token - run ig/ig-ensure-token.ps1)
2026-09-14 19:26:00 CYCLE 2026-09-14 19:26:00 :: tg=0/0 fb=0/2 vk=0/0
2026-09-14 19:31:02 FAIL fb golos-banka-2026-09-13 :: PUBLISH golos-banka-2026-09-13 ...
FAIL golos-banka-2026-09-13 -> PAGE=319271621473482
FB_FAIL {"error":{"message":"(#100) 0 does not resolve to a valid user ID","type":"OAuthException","code":100,"fbtrace_id":"AFeHwl9hQVx9ZtiicXemuEV"}}
DONE ok=0 skip=0 fail=1
2026-09-14 19:31:07 FAIL fb vybor-diktora-2026-09-14 :: PUBLISH vybor-diktora-2026-09-14 ...
FAIL vybor-diktora-2026-09-14 -> PAGE=319271621473482
FB_FAIL {"error":{"message":"(#100) 0 does not resolve to a valid user ID","type":"OAuthException","code":100,"fbtrace_id":"AsjTf-Sz_YSdOmgTyiwab6Z"}}
DONE ok=0 skip=0 fail=1
2026-09-14 19:31:09 PENDING ig (no IG token - run ig/ig-ensure-token.ps1)
2026-09-14 19:31:09 CYCLE 2026-09-14 19:31:09 :: tg=0/0 fb=0/2 vk=0/0
2026-09-14 19:36:11 FAIL fb golos-banka-2026-09-13 :: PUBLISH golos-banka-2026-09-13 ...
FAIL golos-banka-2026-09-13 -> PAGE=319271621473482
FB_FAIL {"error":{"message":"(#100) 0 does not resolve to a valid user ID","type":"OAuthException","code":100,"fbtrace_id":"A9XuZPW-r267qM17-nJ688p"}}
DONE ok=0 skip=0 fail=1
2026-09-14 19:36:16 FAIL fb vybor-diktora-2026-09-14 :: PUBLISH vybor-diktora-2026-09-14 ...
FAIL vybor-diktora-2026-09-14 -> PAGE=319271621473482
FB_FAIL {"error":{"message":"(#100) 0 does not resolve to a valid user ID","type":"OAuthException","code":100,"fbtrace_id":"AGIZMqGVd8vyuVcVG1Xv9Jt"}}
DONE ok=0 skip=0 fail=1
2026-09-14 19:36:18 PENDING ig (no IG token - run ig/ig-ensure-token.ps1)
2026-09-14 19:36:18 CYCLE 2026-09-14 19:36:18 :: tg=0/0 fb=0/2 vk=0/0
2026-09-14 19:41:20 FAIL fb golos-banka-2026-09-13 :: PUBLISH golos-banka-2026-09-13 ...
FAIL golos-banka-2026-09-13 -> PAGE=319271621473482
FB_FAIL {"error":{"message":"(#100) 0 does not resolve to a valid user ID","type":"OAuthException","code":100,"fbtrace_id":"AvZBVDkz_pkApdmkJd4YRoU"}}
DONE ok=0 skip=0 fail=1
2026-09-14 19:41:25 FAIL fb vybor-diktora-2026-09-14 :: PUBLISH vybor-diktora-2026-09-14 ...
FAIL vybor-diktora-2026-09-14 -> PAGE=319271621473482
FB_FAIL {"error":{"message":"(#100) 0 does not resolve to a valid user ID","type":"OAuthException","code":100,"fbtrace_id":"AD7qe-nhDLv9EbJfF5qWm8K"}}
DONE ok=0 skip=0 fail=1
2026-09-14 19:41:27 PENDING ig (no IG token - run ig/ig-ensure-token.ps1)
2026-09-14 19:41:27 CYCLE 2026-09-14 19:41:27 :: tg=0/0 fb=0/2 vk=0/0
2026-09-14 19:46:29 FAIL fb golos-banka-2026-09-13 :: PUBLISH golos-banka-2026-09-13 ...
FAIL golos-banka-2026-09-13 -> PAGE=319271621473482
FB_FAIL {"error":{"message":"(#100) 0 does not resolve to a valid user ID","type":"OAuthException","code":100,"fbtrace_id":"AjFASRMrwagTIQWEIpir_V7"}}
DONE ok=0 skip=0 fail=1
2026-09-14 19:46:33 FAIL fb vybor-diktora-2026-09-14 :: PUBLISH vybor-diktora-2026-09-14 ...
FAIL vybor-diktora-2026-09-14 -> PAGE=319271621473482
FB_FAIL {"error":{"message":"(#100) 0 does not resolve to a valid user ID","type":"OAuthException","code":100,"fbtrace_id":"AEkU93XlIICbN7AkXikGkR0"}}
DONE ok=0 skip=0 fail=1
2026-09-14 19:46:35 PENDING ig (no IG token - run ig/ig-ensure-token.ps1)
2026-09-14 19:46:35 CYCLE 2026-09-14 19:46:35 :: tg=0/0 fb=0/2 vk=0/0
2026-09-14 19:51:38 FAIL fb golos-banka-2026-09-13 :: PUBLISH golos-banka-2026-09-13 ...
FAIL golos-banka-2026-09-13 -> PAGE=319271621473482
FB_FAIL {"error":{"message":"(#100) 0 does not resolve to a valid user ID","type":"OAuthException","code":100,"fbtrace_id":"A6j8pcQXE7mTvAFM0NnQDls"}}
DONE ok=0 skip=0 fail=1
2026-09-14 19:51:43 FAIL fb vybor-diktora-2026-09-14 :: PUBLISH vybor-diktora-2026-09-14 ...
FAIL vybor-diktora-2026-09-14 -> PAGE=319271621473482
FB_FAIL {"error":{"message":"(#100) 0 does not resolve to a valid user ID","type":"OAuthException","code":100,"fbtrace_id":"A5uFQjHNPSSlP3PlZixzCj0"}}
DONE ok=0 skip=0 fail=1
2026-09-14 19:51:45 PENDING ig (no IG token - run ig/ig-ensure-token.ps1)
2026-09-14 19:51:45 CYCLE 2026-09-14 19:51:45 :: tg=0/0 fb=0/2 vk=0/0
2026-09-14 19:56:48 FAIL fb golos-banka-2026-09-13 :: PUBLISH golos-banka-2026-09-13 ...
FAIL golos-banka-2026-09-13 -> PAGE=319271621473482
FB_FAIL {"error":{"message":"(#100) 0 does not resolve to a valid user ID","type":"OAuthException","code":100,"fbtrace_id":"AEBepNH7_5tdJFBvT_miBAg"}}
DONE ok=0 skip=0 fail=1
2026-09-14 19:56:53 FAIL fb vybor-diktora-2026-09-14 :: PUBLISH vybor-diktora-2026-09-14 ...
FAIL vybor-diktora-2026-09-14 -> PAGE=319271621473482
FB_FAIL {"error":{"message":"(#100) 0 does not resolve to a valid user ID","type":"OAuthException","code":100,"fbtrace_id":"AqWPU4FUPg1Fc2vGbUX5wrK"}}
DONE ok=0 skip=0 fail=1
2026-09-14 19:56:55 PENDING ig (no IG token - run ig/ig-ensure-token.ps1)
2026-09-14 19:56:55 CYCLE 2026-09-14 19:56:55 :: tg=0/0 fb=0/2 vk=0/0
2026-09-14 20:01:57 FAIL fb golos-banka-2026-09-13 :: PUBLISH golos-banka-2026-09-13 ...
FAIL golos-banka-2026-09-13 -> PAGE=319271621473482
FB_FAIL {"error":{"message":"(#100) 0 does not resolve to a valid user ID","type":"OAuthException","code":100,"fbtrace_id":"ALO1_QLnIak3sYFZoVZtsGs"}}
DONE ok=0 skip=0 fail=1
2026-09-14 20:02:02 FAIL fb vybor-diktora-2026-09-14 :: PUBLISH vybor-diktora-2026-09-14 ...
FAIL vybor-diktora-2026-09-14 -> PAGE=319271621473482
FB_FAIL {"error":{"message":"(#100) 0 does not resolve to a valid user ID","type":"OAuthException","code":100,"fbtrace_id":"AKgCUbuR1j-NVSeYMMTIfeX"}}
DONE ok=0 skip=0 fail=1
2026-09-14 20:02:04 PENDING ig (no IG token - run ig/ig-ensure-token.ps1)
2026-09-14 20:02:04 CYCLE 2026-09-14 20:02:04 :: tg=0/0 fb=0/2 vk=0/0
2026-09-14 20:07:07 FAIL fb golos-banka-2026-09-13 :: PUBLISH golos-banka-2026-09-13 ...
FAIL golos-banka-2026-09-13 -> PAGE=319271621473482
FB_FAIL {"error":{"message":"(#100) 0 does not resolve to a valid user ID","type":"OAuthException","code":100,"fbtrace_id":"AkKRthrIvB5Qs0gNXP9JE0V"}}
DONE ok=0 skip=0 fail=1
2026-09-14 20:07:12 FAIL fb vybor-diktora-2026-09-14 :: PUBLISH vybor-diktora-2026-09-14 ...
FAIL vybor-diktora-2026-09-14 -> PAGE=319271621473482
FB_FAIL {"error":{"message":"(#100) 0 does not resolve to a valid user ID","type":"OAuthException","code":100,"fbtrace_id":"A0SxPnU3fLl4tUlRzwk9_II"}}
DONE ok=0 skip=0 fail=1
2026-09-14 20:07:14 PENDING ig (no IG token - run ig/ig-ensure-token.ps1)
2026-09-14 20:07:14 CYCLE 2026-09-14 20:07:14 :: tg=0/0 fb=0/2 vk=0/0
2026-09-14 20:12:17 FAIL fb golos-banka-2026-09-13 :: PUBLISH golos-banka-2026-09-13 ...
FAIL golos-banka-2026-09-13 -> PAGE=319271621473482
FB_FAIL {"error":{"message":"(#100) 0 does not resolve to a valid user ID","type":"OAuthException","code":100,"fbtrace_id":"AalBaCyfAjTVxW-2FHRz8eY"}}
DONE ok=0 skip=0 fail=1
2026-09-14 20:12:21 FAIL fb vybor-diktora-2026-09-14 :: PUBLISH vybor-diktora-2026-09-14 ...
FAIL vybor-diktora-2026-09-14 -> PAGE=319271621473482
FB_FAIL {"error":{"message":"(#100) 0 does not resolve to a valid user ID","type":"OAuthException","code":100,"fbtrace_id":"AlIif67oCv9_HDuTvgaG0j1"}}
DONE ok=0 skip=0 fail=1
2026-09-14 20:12:23 PENDING ig (no IG token - run ig/ig-ensure-token.ps1)
2026-09-14 20:12:23 CYCLE 2026-09-14 20:12:23 :: tg=0/0 fb=0/2 vk=0/0
2026-09-14 20:17:30 FAIL fb golos-banka-2026-09-13 :: PUBLISH golos-banka-2026-09-13 ...
FAIL golos-banka-2026-09-13 -> PAGE=319271621473482
FB_FAIL {"error":{"message":"(#100) 0 does not resolve to a valid user ID","type":"OAuthException","code":100,"fbtrace_id":"AC2U16Pl0DtLJP9klXqPGML"}}
DONE ok=0 skip=0 fail=1
2026-09-14 20:17:34 FAIL fb vybor-diktora-2026-09-14 :: PUBLISH vybor-diktora-2026-09-14 ...
FAIL vybor-diktora-2026-09-14 -> PAGE=319271621473482
FB_FAIL {"error":{"message":"(#100) 0 does not resolve to a valid user ID","type":"OAuthException","code":100,"fbtrace_id":"An956PbzaPCWKXUqFhTWhrf"}}
DONE ok=0 skip=0 fail=1
2026-09-14 20:17:36 PENDING ig (no IG token - run ig/ig-ensure-token.ps1)
2026-09-14 20:17:36 CYCLE 2026-09-14 20:17:36 :: tg=0/0 fb=0/2 vk=0/0
2026-09-14 20:22:39 FAIL fb golos-banka-2026-09-13 :: PUBLISH golos-banka-2026-09-13 ...
FAIL golos-banka-2026-09-13 -> PAGE=319271621473482
FB_FAIL {"error":{"message":"(#100) 0 does not resolve to a valid user ID","type":"OAuthException","code":100,"fbtrace_id":"ABxjqQl7tEiBQglkgLqodQ4"}}
DONE ok=0 skip=0 fail=1
2026-09-14 20:22:44 FAIL fb vybor-diktora-2026-09-14 :: PUBLISH vybor-diktora-2026-09-14 ...
FAIL vybor-diktora-2026-09-14 -> PAGE=319271621473482
FB_FAIL {"error":{"message":"(#100) 0 does not resolve to a valid user ID","type":"OAuthException","code":100,"fbtrace_id":"AS5xAPKfEul8a21VUZhTT-n"}}
DONE ok=0 skip=0 fail=1
2026-09-14 20:22:46 PENDING ig (no IG token - run ig/ig-ensure-token.ps1)
2026-09-14 20:22:46 CYCLE 2026-09-14 20:22:46 :: tg=0/0 fb=0/2 vk=0/0
2026-09-14 20:27:49 FAIL fb golos-banka-2026-09-13 :: PUBLISH golos-banka-2026-09-13 ...
FAIL golos-banka-2026-09-13 -> PAGE=319271621473482
FB_FAIL {"error":{"message":"(#100) 0 does not resolve to a valid user ID","type":"OAuthException","code":100,"fbtrace_id":"APAp82EtknVttKVW7DM-MVW"}}
DONE ok=0 skip=0 fail=1
2026-09-14 20:27:53 FAIL fb vybor-diktora-2026-09-14 :: PUBLISH vybor-diktora-2026-09-14 ...
FAIL vybor-diktora-2026-09-14 -> PAGE=319271621473482
FB_FAIL {"error":{"message":"(#100) 0 does not resolve to a valid user ID","type":"OAuthException","code":100,"fbtrace_id":"AEmFYdJCv81pluGWKdsf2ze"}}
DONE ok=0 skip=0 fail=1
2026-09-14 20:27:55 PENDING ig (no IG token - run ig/ig-ensure-token.ps1)
2026-09-14 20:27:55 CYCLE 2026-09-14 20:27:55 :: tg=0/0 fb=0/2 vk=0/0
2026-09-14 20:32:58 FAIL fb golos-banka-2026-09-13 :: PUBLISH golos-banka-2026-09-13 ...
FAIL golos-banka-2026-09-13 -> PAGE=319271621473482
FB_FAIL {"error":{"message":"(#100) 0 does not resolve to a valid user ID","type":"OAuthException","code":100,"fbtrace_id":"AG-BFvYkXVRuOrAI-gGagaS"}}
DONE ok=0 skip=0 fail=1
2026-09-14 20:33:02 FAIL fb vybor-diktora-2026-09-14 :: PUBLISH vybor-diktora-2026-09-14 ...
FAIL vybor-diktora-2026-09-14 -> PAGE=319271621473482
FB_FAIL {"error":{"message":"(#100) 0 does not resolve to a valid user ID","type":"OAuthException","code":100,"fbtrace_id":"Ab-s7lqcw_QbtH8kh-gazG6"}}
DONE ok=0 skip=0 fail=1
2026-09-14 20:33:04 PENDING ig (no IG token - run ig/ig-ensure-token.ps1)
2026-09-14 20:33:04 CYCLE 2026-09-14 20:33:04 :: tg=0/0 fb=0/2 vk=0/0
2026-09-14 20:38:08 FAIL fb golos-banka-2026-09-13 :: PUBLISH golos-banka-2026-09-13 ...
FAIL golos-banka-2026-09-13 -> PAGE=319271621473482
FB_FAIL {"error":{"message":"(#100) 0 does not resolve to a valid user ID","type":"OAuthException","code":100,"fbtrace_id":"AJTPQZZGvB98d6A4cAT2OJO"}}
DONE ok=0 skip=0 fail=1
2026-09-14 20:38:12 FAIL fb vybor-diktora-2026-09-14 :: PUBLISH vybor-diktora-2026-09-14 ...
FAIL vybor-diktora-2026-09-14 -> PAGE=319271621473482
FB_FAIL {"error":{"message":"(#100) 0 does not resolve to a valid user ID","type":"OAuthException","code":100,"fbtrace_id":"ALyX_HcEAmYVoaufXa1JN1C"}}
DONE ok=0 skip=0 fail=1
2026-09-14 20:38:14 PENDING ig (no IG token - run ig/ig-ensure-token.ps1)
2026-09-14 20:38:14 CYCLE 2026-09-14 20:38:14 :: tg=0/0 fb=0/2 vk=0/0
2026-09-14 20:43:17 FAIL fb golos-banka-2026-09-13 :: PUBLISH golos-banka-2026-09-13 ...
FAIL golos-banka-2026-09-13 -> PAGE=319271621473482
FB_FAIL {"error":{"message":"(#100) 0 does not resolve to a valid user ID","type":"OAuthException","code":100,"fbtrace_id":"ACGLMBKT3fsQkCZHp2lYYvP"}}
DONE ok=0 skip=0 fail=1
2026-09-14 20:43:22 FAIL fb vybor-diktora-2026-09-14 :: PUBLISH vybor-diktora-2026-09-14 ...
FAIL vybor-diktora-2026-09-14 -> PAGE=319271621473482
FB_FAIL {"error":{"message":"(#100) 0 does not resolve to a valid user ID","type":"OAuthException","code":100,"fbtrace_id":"AK-AfV7cnsDOIYaU0_t-Iff"}}
DONE ok=0 skip=0 fail=1
2026-09-14 20:43:24 PENDING ig (no IG token - run ig/ig-ensure-token.ps1)
2026-09-14 20:43:24 CYCLE 2026-09-14 20:43:24 :: tg=0/0 fb=0/2 vk=0/0
2026-09-14 20:48:27 FAIL fb golos-banka-2026-09-13 :: PUBLISH golos-banka-2026-09-13 ...
FAIL golos-banka-2026-09-13 -> PAGE=319271621473482
FB_FAIL {"error":{"message":"(#100) 0 does not resolve to a valid user ID","type":"OAuthException","code":100,"fbtrace_id":"AAYyBWz-90rWueYet7DbDaD"}}
DONE ok=0 skip=0 fail=1
2026-09-14 20:48:31 FAIL fb vybor-diktora-2026-09-14 :: PUBLISH vybor-diktora-2026-09-14 ...
FAIL vybor-diktora-2026-09-14 -> PAGE=319271621473482
FB_FAIL {"error":{"message":"(#100) 0 does not resolve to a valid user ID","type":"OAuthException","code":100,"fbtrace_id":"AbGbyRgFNnM0edOLMsfOpUZ"}}
DONE ok=0 skip=0 fail=1
2026-09-14 20:48:33 PENDING ig (no IG token - run ig/ig-ensure-token.ps1)
2026-09-14 20:48:33 CYCLE 2026-09-14 20:48:33 :: tg=0/0 fb=0/2 vk=0/0
2026-09-14 20:53:36 FAIL fb golos-banka-2026-09-13 :: PUBLISH golos-banka-2026-09-13 ...
FAIL golos-banka-2026-09-13 -> PAGE=319271621473482
FB_FAIL {"error":{"message":"(#100) 0 does not resolve to a valid user ID","type":"OAuthException","code":100,"fbtrace_id":"AR8RAwN27oAtKiYyAHBJS3j"}}
DONE ok=0 skip=0 fail=1
2026-09-14 20:53:40 FAIL fb vybor-diktora-2026-09-14 :: PUBLISH vybor-diktora-2026-09-14 ...
FAIL vybor-diktora-2026-09-14 -> PAGE=319271621473482
FB_FAIL {"error":{"message":"(#100) 0 does not resolve to a valid user ID","type":"OAuthException","code":100,"fbtrace_id":"AsDTb_mzIAuoHNUUK2kvWCa"}}
DONE ok=0 skip=0 fail=1
2026-09-14 20:53:42 PENDING ig (no IG token - run ig/ig-ensure-token.ps1)
2026-09-14 20:53:42 CYCLE 2026-09-14 20:53:42 :: tg=0/0 fb=0/2 vk=0/0
2026-09-14 20:58:45 FAIL fb golos-banka-2026-09-13 :: PUBLISH golos-banka-2026-09-13 ...
FAIL golos-banka-2026-09-13 -> PAGE=319271621473482
FB_FAIL {"error":{"message":"(#100) 0 does not resolve to a valid user ID","type":"OAuthException","code":100,"fbtrace_id":"A7WiHrSp-vE1_7IlfR4xMZH"}}
DONE ok=0 skip=0 fail=1
2026-09-14 20:58:50 FAIL fb vybor-diktora-2026-09-14 :: PUBLISH vybor-diktora-2026-09-14 ...
FAIL vybor-diktora-2026-09-14 -> PAGE=319271621473482
FB_FAIL {"error":{"message":"(#100) 0 does not resolve to a valid user ID","type":"OAuthException","code":100,"fbtrace_id":"ATbH9xQ6r61gJ18GibvAxML"}}
DONE ok=0 skip=0 fail=1
2026-09-14 20:58:52 PENDING ig (no IG token - run ig/ig-ensure-token.ps1)
2026-09-14 20:58:52 CYCLE 2026-09-14 20:58:52 :: tg=0/0 fb=0/2 vk=0/0
2026-09-14 21:03:55 FAIL fb golos-banka-2026-09-13 :: PUBLISH golos-banka-2026-09-13 ...
FAIL golos-banka-2026-09-13 -> PAGE=319271621473482
FB_FAIL {"error":{"message":"(#100) 0 does not resolve to a valid user ID","type":"OAuthException","code":100,"fbtrace_id":"AFqgMBILUaJg3fnT5cLojpE"}}
DONE ok=0 skip=0 fail=1
2026-09-14 21:03:59 FAIL fb vybor-diktora-2026-09-14 :: PUBLISH vybor-diktora-2026-09-14 ...
FAIL vybor-diktora-2026-09-14 -> PAGE=319271621473482
FB_FAIL {"error":{"message":"(#100) 0 does not resolve to a valid user ID","type":"OAuthException","code":100,"fbtrace_id":"AtHZmNPtR6bQzuV7b4JfcWg"}}
DONE ok=0 skip=0 fail=1
2026-09-14 21:04:01 PENDING ig (no IG token - run ig/ig-ensure-token.ps1)
2026-09-14 21:04:01 CYCLE 2026-09-14 21:04:01 :: tg=0/0 fb=0/2 vk=0/0
2026-09-14 21:09:04 FAIL fb golos-banka-2026-09-13 :: PUBLISH golos-banka-2026-09-13 ...
FAIL golos-banka-2026-09-13 -> PAGE=319271621473482
FB_FAIL {"error":{"message":"(#100) 0 does not resolve to a valid user ID","type":"OAuthException","code":100,"fbtrace_id":"AZDDuvTntGrk7OQUh-gqIEY"}}
DONE ok=0 skip=0 fail=1
2026-09-14 21:09:09 FAIL fb vybor-diktora-2026-09-14 :: PUBLISH vybor-diktora-2026-09-14 ...
FAIL vybor-diktora-2026-09-14 -> PAGE=319271621473482
FB_FAIL {"error":{"message":"(#100) 0 does not resolve to a valid user ID","type":"OAuthException","code":100,"fbtrace_id":"AAdOFs6nmm0nWD2qYm46oTC"}}
DONE ok=0 skip=0 fail=1
2026-09-14 21:09:11 PENDING ig (no IG token - run ig/ig-ensure-token.ps1)
2026-09-14 21:09:11 CYCLE 2026-09-14 21:09:11 :: tg=0/0 fb=0/2 vk=0/0
2026-09-14 21:14:14 FAIL fb golos-banka-2026-09-13 :: PUBLISH golos-banka-2026-09-13 ...
FAIL golos-banka-2026-09-13 -> PAGE=319271621473482
FB_FAIL {"error":{"message":"(#100) 0 does not resolve to a valid user ID","type":"OAuthException","code":100,"fbtrace_id":"AEsHVjE0XVYCJqZgKrJEihK"}}
DONE ok=0 skip=0 fail=1
2026-09-14 21:14:18 FAIL fb vybor-diktora-2026-09-14 :: PUBLISH vybor-diktora-2026-09-14 ...
FAIL vybor-diktora-2026-09-14 -> PAGE=319271621473482
FB_FAIL {"error":{"message":"(#100) 0 does not resolve to a valid user ID","type":"OAuthException","code":100,"fbtrace_id":"Ab11lC7mlQUQTO4lDUvqHvW"}}
DONE ok=0 skip=0 fail=1
2026-09-14 21:14:20 PENDING ig (no IG token - run ig/ig-ensure-token.ps1)
2026-09-14 21:14:20 CYCLE 2026-09-14 21:14:20 :: tg=0/0 fb=0/2 vk=0/0
2026-09-14 21:19:23 FAIL fb golos-banka-2026-09-13 :: PUBLISH golos-banka-2026-09-13 ...
FAIL golos-banka-2026-09-13 -> PAGE=319271621473482
FB_FAIL {"error":{"message":"(#100) 0 does not resolve to a valid user ID","type":"OAuthException","code":100,"fbtrace_id":"AL5-ukn9296b4eGD6SmKG2Y"}}
DONE ok=0 skip=0 fail=1
2026-09-14 21:19:28 FAIL fb vybor-diktora-2026-09-14 :: PUBLISH vybor-diktora-2026-09-14 ...
FAIL vybor-diktora-2026-09-14 -> PAGE=319271621473482
FB_FAIL {"error":{"message":"(#100) 0 does not resolve to a valid user ID","type":"OAuthException","code":100,"fbtrace_id":"ArOlyCaqX2fob0YGTEL3gHW"}}
DONE ok=0 skip=0 fail=1
2026-09-14 21:19:30 PENDING ig (no IG token - run ig/ig-ensure-token.ps1)
2026-09-14 21:19:30 CYCLE 2026-09-14 21:19:30 :: tg=0/0 fb=0/2 vk=0/0
2026-09-14 21:24:32 FAIL fb golos-banka-2026-09-13 :: PUBLISH golos-banka-2026-09-13 ...
FAIL golos-banka-2026-09-13 -> PAGE=319271621473482
FB_FAIL {"error":{"message":"(#100) 0 does not resolve to a valid user ID","type":"OAuthException","code":100,"fbtrace_id":"AIEn5N4ViQ9RiGYv3LZpFn3"}}
DONE ok=0 skip=0 fail=1
2026-09-14 21:24:37 FAIL fb vybor-diktora-2026-09-14 :: PUBLISH vybor-diktora-2026-09-14 ...
FAIL vybor-diktora-2026-09-14 -> PAGE=319271621473482
FB_FAIL {"error":{"message":"(#100) 0 does not resolve to a valid user ID","type":"OAuthException","code":100,"fbtrace_id":"ARTRdClyO0k93E1vtYZeBpw"}}
DONE ok=0 skip=0 fail=1
2026-09-14 21:24:39 PENDING ig (no IG token - run ig/ig-ensure-token.ps1)
2026-09-14 21:24:39 CYCLE 2026-09-14 21:24:39 :: tg=0/0 fb=0/2 vk=0/0
2026-09-14 21:29:42 FAIL fb golos-banka-2026-09-13 :: PUBLISH golos-banka-2026-09-13 ...
FAIL golos-banka-2026-09-13 -> PAGE=319271621473482
FB_FAIL {"error":{"message":"(#100) 0 does not resolve to a valid user ID","type":"OAuthException","code":100,"fbtrace_id":"AwdffaG4swtNNyku37Zo0GL"}}
DONE ok=0 skip=0 fail=1
2026-09-14 21:29:46 FAIL fb vybor-diktora-2026-09-14 :: PUBLISH vybor-diktora-2026-09-14 ...
FAIL vybor-diktora-2026-09-14 -> PAGE=319271621473482
FB_FAIL {"error":{"message":"(#100) 0 does not resolve to a valid user ID","type":"OAuthException","code":100,"fbtrace_id":"AAoV_weZ432xVFLSF1NiK_7"}}
DONE ok=0 skip=0 fail=1
2026-09-14 21:29:48 PENDING ig (no IG token - run ig/ig-ensure-token.ps1)
2026-09-14 21:29:48 CYCLE 2026-09-14 21:29:48 :: tg=0/0 fb=0/2 vk=0/0
2026-09-14 21:34:51 FAIL fb golos-banka-2026-09-13 :: PUBLISH golos-banka-2026-09-13 ...
FAIL golos-banka-2026-09-13 -> PAGE=319271621473482
FB_FAIL {"error":{"message":"(#100) 0 does not resolve to a valid user ID","type":"OAuthException","code":100,"fbtrace_id":"A0wwUBHhv4LUGlmmArbVl07"}}
DONE ok=0 skip=0 fail=1
2026-09-14 21:34:56 FAIL fb vybor-diktora-2026-09-14 :: PUBLISH vybor-diktora-2026-09-14 ...
FAIL vybor-diktora-2026-09-14 -> PAGE=319271621473482
FB_FAIL {"error":{"message":"(#100) 0 does not resolve to a valid user ID","type":"OAuthException","code":100,"fbtrace_id":"Ah1BDOnsFkem766zFf4bzCi"}}
DONE ok=0 skip=0 fail=1
2026-09-14 21:34:58 PENDING ig (no IG token - run ig/ig-ensure-token.ps1)
2026-09-14 21:34:58 CYCLE 2026-09-14 21:34:58 :: tg=0/0 fb=0/2 vk=0/0
2026-09-14 21:40:00 FAIL fb golos-banka-2026-09-13 :: PUBLISH golos-banka-2026-09-13 ...
FAIL golos-banka-2026-09-13 -> PAGE=319271621473482
FB_FAIL {"error":{"message":"(#100) 0 does not resolve to a valid user ID","type":"OAuthException","code":100,"fbtrace_id":"AiL0WfXPGA54RqMFVwZtryJ"}}
DONE ok=0 skip=0 fail=1
2026-09-14 21:40:05 FAIL fb vybor-diktora-2026-09-14 :: PUBLISH vybor-diktora-2026-09-14 ...
FAIL vybor-diktora-2026-09-14 -> PAGE=319271621473482
FB_FAIL {"error":{"message":"(#100) 0 does not resolve to a valid user ID","type":"OAuthException","code":100,"fbtrace_id":"A8VHvbXkRTsonenOLYkjEgl"}}
DONE ok=0 skip=0 fail=1
2026-09-14 21:40:07 PENDING ig (no IG token - run ig/ig-ensure-token.ps1)
2026-09-14 21:40:07 CYCLE 2026-09-14 21:40:07 :: tg=0/0 fb=0/2 vk=0/0
2026-09-14 21:45:10 FAIL fb golos-banka-2026-09-13 :: PUBLISH golos-banka-2026-09-13 ...
FAIL golos-banka-2026-09-13 -> PAGE=319271621473482
FB_FAIL {"error":{"message":"(#100) 0 does not resolve to a valid user ID","type":"OAuthException","code":100,"fbtrace_id":"A5VQbypXBpMXMaSSXmFoaYM"}}
DONE ok=0 skip=0 fail=1
2026-09-14 21:45:14 FAIL fb vybor-diktora-2026-09-14 :: PUBLISH vybor-diktora-2026-09-14 ...
FAIL vybor-diktora-2026-09-14 -> PAGE=319271621473482
FB_FAIL {"error":{"message":"(#100) 0 does not resolve to a valid user ID","type":"OAuthException","code":100,"fbtrace_id":"AxG0V4jLs99GdGp2-0HDGTR"}}
DONE ok=0 skip=0 fail=1
2026-09-14 21:45:16 PENDING ig (no IG token - run ig/ig-ensure-token.ps1)
2026-09-14 21:45:16 CYCLE 2026-09-14 21:45:16 :: tg=0/0 fb=0/2 vk=0/0
2026-09-14 21:50:19 FAIL fb golos-banka-2026-09-13 :: PUBLISH golos-banka-2026-09-13 ...
FAIL golos-banka-2026-09-13 -> PAGE=319271621473482
FB_FAIL {"error":{"message":"(#100) 0 does not resolve to a valid user ID","type":"OAuthException","code":100,"fbtrace_id":"AtV5LbT39pvfm1Q8yKtCvny"}}
DONE ok=0 skip=0 fail=1
2026-09-14 21:50:24 FAIL fb vybor-diktora-2026-09-14 :: PUBLISH vybor-diktora-2026-09-14 ...
FAIL vybor-diktora-2026-09-14 -> PAGE=319271621473482
FB_FAIL {"error":{"message":"(#100) 0 does not resolve to a valid user ID","type":"OAuthException","code":100,"fbtrace_id":"AV-bRY4CGsdslrJ1JEyD5rh"}}
DONE ok=0 skip=0 fail=1
2026-09-14 21:50:26 PENDING ig (no IG token - run ig/ig-ensure-token.ps1)
2026-09-14 21:50:26 CYCLE 2026-09-14 21:50:26 :: tg=0/0 fb=0/2 vk=0/0
2026-09-14 21:55:29 FAIL fb golos-banka-2026-09-13 :: PUBLISH golos-banka-2026-09-13 ...
FAIL golos-banka-2026-09-13 -> PAGE=319271621473482
FB_FAIL {"error":{"message":"(#100) 0 does not resolve to a valid user ID","type":"OAuthException","code":100,"fbtrace_id":"AkEzIC0gaCh8SCCiD5HSog2"}}
DONE ok=0 skip=0 fail=1
2026-09-14 21:55:33 FAIL fb vybor-diktora-2026-09-14 :: PUBLISH vybor-diktora-2026-09-14 ...
FAIL vybor-diktora-2026-09-14 -> PAGE=319271621473482
FB_FAIL {"error":{"message":"(#100) 0 does not resolve to a valid user ID","type":"OAuthException","code":100,"fbtrace_id":"AGIhb3RqpAx4Sqjyxh79mUf"}}
DONE ok=0 skip=0 fail=1
2026-09-14 21:55:35 PENDING ig (no IG token - run ig/ig-ensure-token.ps1)
2026-09-14 21:55:35 CYCLE 2026-09-14 21:55:35 :: tg=0/0 fb=0/2 vk=0/0
2026-09-14 22:00:38 FAIL fb golos-banka-2026-09-13 :: PUBLISH golos-banka-2026-09-13 ...
FAIL golos-banka-2026-09-13 -> PAGE=319271621473482
FB_FAIL {"error":{"message":"(#100) 0 does not resolve to a valid user ID","type":"OAuthException","code":100,"fbtrace_id":"AxSuGMOBjGTzs5m6Ynp3lbR"}}
DONE ok=0 skip=0 fail=1
2026-09-14 22:00:42 FAIL fb vybor-diktora-2026-09-14 :: PUBLISH vybor-diktora-2026-09-14 ...
FAIL vybor-diktora-2026-09-14 -> PAGE=319271621473482
FB_FAIL {"error":{"message":"(#100) 0 does not resolve to a valid user ID","type":"OAuthException","code":100,"fbtrace_id":"A6xSHnGPxy7m9Toj1sZkg_n"}}
DONE ok=0 skip=0 fail=1
2026-09-14 22:00:44 PENDING ig (no IG token - run ig/ig-ensure-token.ps1)
2026-09-14 22:00:44 CYCLE 2026-09-14 22:00:44 :: tg=0/0 fb=0/2 vk=0/0
2026-09-14 22:05:48 FAIL fb golos-banka-2026-09-13 :: PUBLISH golos-banka-2026-09-13 ...
FAIL golos-banka-2026-09-13 -> PAGE=319271621473482
FB_FAIL {"error":{"message":"(#100) 0 does not resolve to a valid user ID","type":"OAuthException","code":100,"fbtrace_id":"A3udffiSyyIz033nXsOS8XY"}}
DONE ok=0 skip=0 fail=1
2026-09-14 22:05:52 FAIL fb vybor-diktora-2026-09-14 :: PUBLISH vybor-diktora-2026-09-14 ...
FAIL vybor-diktora-2026-09-14 -> PAGE=319271621473482
FB_FAIL {"error":{"message":"(#100) 0 does not resolve to a valid user ID","type":"OAuthException","code":100,"fbtrace_id":"ARV-dt92PWflOVvOhV2H8m0"}}
DONE ok=0 skip=0 fail=1
2026-09-14 22:05:54 PENDING ig (no IG token - run ig/ig-ensure-token.ps1)
2026-09-14 22:05:54 CYCLE 2026-09-14 22:05:54 :: tg=0/0 fb=0/2 vk=0/0
2026-09-14 22:10:58 FAIL fb golos-banka-2026-09-13 :: PUBLISH golos-banka-2026-09-13 ...
FAIL golos-banka-2026-09-13 -> PAGE=319271621473482
FB_FAIL {"error":{"message":"(#100) 0 does not resolve to a valid user ID","type":"OAuthException","code":100,"fbtrace_id":"Ai9EJdEvZwjQVfLIi_Otqtj"}}
DONE ok=0 skip=0 fail=1
2026-09-14 22:11:04 FAIL fb vybor-diktora-2026-09-14 :: PUBLISH vybor-diktora-2026-09-14 ...
FAIL vybor-diktora-2026-09-14 -> PAGE=319271621473482
FB_FAIL {"error":{"message":"(#100) 0 does not resolve to a valid user ID","type":"OAuthException","code":100,"fbtrace_id":"AwThWNsBsJWRT-GC6E-Su6_"}}
DONE ok=0 skip=0 fail=1
2026-09-14 22:11:06 PENDING ig (no IG token - run ig/ig-ensure-token.ps1)
2026-09-14 22:11:06 CYCLE 2026-09-14 22:11:06 :: tg=0/0 fb=0/2 vk=0/0
2026-09-14 22:16:10 FAIL fb golos-banka-2026-09-13 :: PUBLISH golos-banka-2026-09-13 ...
FAIL golos-banka-2026-09-13 -> PAGE=319271621473482
FB_FAIL {"error":{"message":"(#100) 0 does not resolve to a valid user ID","type":"OAuthException","code":100,"fbtrace_id":"AGBhBUnVFcAJNCN6hHVME7z"}}
DONE ok=0 skip=0 fail=1
2026-09-14 22:16:16 FAIL fb vybor-diktora-2026-09-14 :: PUBLISH vybor-diktora-2026-09-14 ...
FAIL vybor-diktora-2026-09-14 -> PAGE=319271621473482
FB_FAIL {"error":{"message":"(#100) 0 does not resolve to a valid user ID","type":"OAuthException","code":100,"fbtrace_id":"AmqkSdv86suZH8tuNfaHwmH"}}
DONE ok=0 skip=0 fail=1
2026-09-14 22:16:18 PENDING ig (no IG token - run ig/ig-ensure-token.ps1)
2026-09-14 22:16:18 CYCLE 2026-09-14 22:16:18 :: tg=0/0 fb=0/2 vk=0/0
2026-09-14 22:21:22 FAIL fb golos-banka-2026-09-13 :: PUBLISH golos-banka-2026-09-13 ...
FAIL golos-banka-2026-09-13 -> PAGE=319271621473482
FB_FAIL {"error":{"message":"(#100) 0 does not resolve to a valid user ID","type":"OAuthException","code":100,"fbtrace_id":"AXrGvaNDDZEB-dU7VtOrFJR"}}
DONE ok=0 skip=0 fail=1
2026-09-14 22:21:28 FAIL fb vybor-diktora-2026-09-14 :: PUBLISH vybor-diktora-2026-09-14 ...
FAIL vybor-diktora-2026-09-14 -> PAGE=319271621473482
FB_FAIL {"error":{"message":"(#100) 0 does not resolve to a valid user ID","type":"OAuthException","code":100,"fbtrace_id":"Aa5chU_F5A8d49rNnXLnCcM"}}
DONE ok=0 skip=0 fail=1
2026-09-14 22:21:30 PENDING ig (no IG token - run ig/ig-ensure-token.ps1)
2026-09-14 22:21:30 CYCLE 2026-09-14 22:21:30 :: tg=0/0 fb=0/2 vk=0/0
2026-09-14 22:26:36 FAIL fb golos-banka-2026-09-13 :: PUBLISH golos-banka-2026-09-13 ...
FAIL golos-banka-2026-09-13 -> PAGE=319271621473482
FB_FAIL {"error":{"message":"(#100) 0 does not resolve to a valid user ID","type":"OAuthException","code":100,"fbtrace_id":"AkFHce9IfLQDc5TwvknItAY"}}
DONE ok=0 skip=0 fail=1
2026-09-14 22:26:43 FAIL fb vybor-diktora-2026-09-14 :: PUBLISH vybor-diktora-2026-09-14 ...
FAIL vybor-diktora-2026-09-14 -> PAGE=319271621473482
FB_FAIL {"error":{"message":"(#100) 0 does not resolve to a valid user ID","type":"OAuthException","code":100,"fbtrace_id":"AxVq_pzEsUXKcPwzxkTzFEO"}}
DONE ok=0 skip=0 fail=1
2026-09-14 22:26:45 PENDING ig (no IG token - run ig/ig-ensure-token.ps1)
2026-09-14 22:26:45 CYCLE 2026-09-14 22:26:45 :: tg=0/0 fb=0/2 vk=0/0
2026-09-14 22:31:51 FAIL fb golos-banka-2026-09-13 :: PUBLISH golos-banka-2026-09-13 ...
FAIL golos-banka-2026-09-13 -> PAGE=319271621473482
FB_FAIL {"error":{"message":"(#100) 0 does not resolve to a valid user ID","type":"OAuthException","code":100,"fbtrace_id":"AsVQkhuTvfk-TCUxx7EHMnN"}}
DONE ok=0 skip=0 fail=1
2026-09-14 22:32:00 FAIL fb vybor-diktora-2026-09-14 :: PUBLISH vybor-diktora-2026-09-14 ...
FAIL vybor-diktora-2026-09-14 -> PAGE=319271621473482
FB_FAIL {"error":{"message":"(#100) 0 does not resolve to a valid user ID","type":"OAuthException","code":100,"fbtrace_id":"AsfLw4cw2JeP44vJ2euJUP2"}}
DONE ok=0 skip=0 fail=1
2026-09-14 22:32:02 PENDING ig (no IG token - run ig/ig-ensure-token.ps1)
2026-09-14 22:32:02 CYCLE 2026-09-14 22:32:02 :: tg=0/0 fb=0/2 vk=0/0
2026-09-14 22:37:06 FAIL fb golos-banka-2026-09-13 :: PUBLISH golos-banka-2026-09-13 ...
FAIL golos-banka-2026-09-13 -> PAGE=319271621473482
FB_FAIL {"error":{"message":"(#100) 0 does not resolve to a valid user ID","type":"OAuthException","code":100,"fbtrace_id":"AYmMH6Sqs6w28B3bIUlKKMy"}}
DONE ok=0 skip=0 fail=1
2026-09-14 22:37:12 FAIL fb vybor-diktora-2026-09-14 :: PUBLISH vybor-diktora-2026-09-14 ...
FAIL vybor-diktora-2026-09-14 -> PAGE=319271621473482
FB_FAIL {"error":{"message":"(#100) 0 does not resolve to a valid user ID","type":"OAuthException","code":100,"fbtrace_id":"Ajw1xMxGBmJGUVh4f5w6gDC"}}
DONE ok=0 skip=0 fail=1
2026-09-14 22:37:14 PENDING ig (no IG token - run ig/ig-ensure-token.ps1)
2026-09-14 22:37:14 CYCLE 2026-09-14 22:37:14 :: tg=0/0 fb=0/2 vk=0/0
2026-09-14 22:42:18 FAIL fb golos-banka-2026-09-13 :: PUBLISH golos-banka-2026-09-13 ...
FAIL golos-banka-2026-09-13 -> PAGE=319271621473482
FB_FAIL {"error":{"message":"(#100) 0 does not resolve to a valid user ID","type":"OAuthException","code":100,"fbtrace_id":"AmZb3q-QJtENqGNUGvxksht"}}
DONE ok=0 skip=0 fail=1
2026-09-14 22:42:23 FAIL fb vybor-diktora-2026-09-14 :: PUBLISH vybor-diktora-2026-09-14 ...
FAIL vybor-diktora-2026-09-14 -> PAGE=319271621473482
FB_FAIL {"error":{"message":"(#100) 0 does not resolve to a valid user ID","type":"OAuthException","code":100,"fbtrace_id":"AA3vav0BbTcsMJpmurb8g0G"}}
DONE ok=0 skip=0 fail=1
2026-09-14 22:42:25 PENDING ig (no IG token - run ig/ig-ensure-token.ps1)
2026-09-14 22:42:25 CYCLE 2026-09-14 22:42:25 :: tg=0/0 fb=0/2 vk=0/0
2026-09-14 22:47:30 FAIL fb golos-banka-2026-09-13 :: PUBLISH golos-banka-2026-09-13 ...
FAIL golos-banka-2026-09-13 -> PAGE=319271621473482
FB_FAIL {"error":{"message":"(#100) 0 does not resolve to a valid user ID","type":"OAuthException","code":100,"fbtrace_id":"Afpw6PXQmJlsg9J4c5ZufWF"}}
DONE ok=0 skip=0 fail=1
2026-09-14 22:47:35 FAIL fb vybor-diktora-2026-09-14 :: PUBLISH vybor-diktora-2026-09-14 ...
FAIL vybor-diktora-2026-09-14 -> PAGE=319271621473482
FB_FAIL {"error":{"message":"(#100) 0 does not resolve to a valid user ID","type":"OAuthException","code":100,"fbtrace_id":"AhWjaupmgZUcFMx1wYneoGP"}}
DONE ok=0 skip=0 fail=1
2026-09-14 22:47:37 PENDING ig (no IG token - run ig/ig-ensure-token.ps1)
2026-09-14 22:47:37 CYCLE 2026-09-14 22:47:37 :: tg=0/0 fb=0/2 vk=0/0
2026-09-14 22:52:41 FAIL fb golos-banka-2026-09-13 :: PUBLISH golos-banka-2026-09-13 ...
FAIL golos-banka-2026-09-13 -> PAGE=319271621473482
FB_FAIL {"error":{"message":"(#100) 0 does not resolve to a valid user ID","type":"OAuthException","code":100,"fbtrace_id":"AsnqHtcd1wFsC0VndDY0Zas"}}
DONE ok=0 skip=0 fail=1
2026-09-14 22:52:47 FAIL fb vybor-diktora-2026-09-14 :: PUBLISH vybor-diktora-2026-09-14 ...
FAIL vybor-diktora-2026-09-14 -> PAGE=319271621473482
FB_FAIL {"error":{"message":"(#100) 0 does not resolve to a valid user ID","type":"OAuthException","code":100,"fbtrace_id":"AMM36nthhuqXfEGqEsx9DW3"}}
DONE ok=0 skip=0 fail=1
2026-09-14 22:52:49 PENDING ig (no IG token - run ig/ig-ensure-token.ps1)
2026-09-14 22:52:49 CYCLE 2026-09-14 22:52:49 :: tg=0/0 fb=0/2 vk=0/0
2026-09-14 22:57:54 FAIL fb golos-banka-2026-09-13 :: PUBLISH golos-banka-2026-09-13 ...
FAIL golos-banka-2026-09-13 -> PAGE=319271621473482
FB_FAIL {"error":{"message":"(#100) 0 does not resolve to a valid user ID","type":"OAuthException","code":100,"fbtrace_id":"AN_XDFeCbiimGTAhaRJYoUX"}}
DONE ok=0 skip=0 fail=1
2026-09-14 22:58:01 FAIL fb vybor-diktora-2026-09-14 :: PUBLISH vybor-diktora-2026-09-14 ...
FAIL vybor-diktora-2026-09-14 -> PAGE=319271621473482
FB_FAIL {"error":{"message":"(#100) 0 does not resolve to a valid user ID","type":"OAuthException","code":100,"fbtrace_id":"Awm1DhGi9mUk5_NQrKRdPmY"}}
DONE ok=0 skip=0 fail=1
2026-09-14 22:58:03 PENDING ig (no IG token - run ig/ig-ensure-token.ps1)
2026-09-14 22:58:03 CYCLE 2026-09-14 22:58:03 :: tg=0/0 fb=0/2 vk=0/0
2026-09-14 23:03:07 FAIL fb golos-banka-2026-09-13 :: PUBLISH golos-banka-2026-09-13 ...
FAIL golos-banka-2026-09-13 -> PAGE=319271621473482
FB_FAIL {"error":{"message":"(#100) 0 does not resolve to a valid user ID","type":"OAuthException","code":100,"fbtrace_id":"AWb-VnPxpJWC6XkT7I8abX2"}}
DONE ok=0 skip=0 fail=1
2026-09-14 23:03:13 FAIL fb vybor-diktora-2026-09-14 :: PUBLISH vybor-diktora-2026-09-14 ...
FAIL vybor-diktora-2026-09-14 -> PAGE=319271621473482
FB_FAIL {"error":{"message":"(#100) 0 does not resolve to a valid user ID","type":"OAuthException","code":100,"fbtrace_id":"Augaxp8gLRwTRZyDRVobUtt"}}
DONE ok=0 skip=0 fail=1
2026-09-14 23:03:15 PENDING ig (no IG token - run ig/ig-ensure-token.ps1)
2026-09-14 23:03:15 CYCLE 2026-09-14 23:03:15 :: tg=0/0 fb=0/2 vk=0/0
2026-09-14 23:08:19 FAIL fb golos-banka-2026-09-13 :: PUBLISH golos-banka-2026-09-13 ...
FAIL golos-banka-2026-09-13 -> PAGE=319271621473482
FB_FAIL {"error":{"message":"(#100) 0 does not resolve to a valid user ID","type":"OAuthException","code":100,"fbtrace_id":"Aw8b-Ts3E_JZFsQpE6w8AOc"}}
DONE ok=0 skip=0 fail=1
2026-09-14 23:08:25 FAIL fb vybor-diktora-2026-09-14 :: PUBLISH vybor-diktora-2026-09-14 ...
FAIL vybor-diktora-2026-09-14 -> PAGE=319271621473482
FB_FAIL {"error":{"message":"(#100) 0 does not resolve to a valid user ID","type":"OAuthException","code":100,"fbtrace_id":"Aigq9R_vW7qxWQQAyb6u5Ti"}}
DONE ok=0 skip=0 fail=1
2026-09-14 23:08:27 PENDING ig (no IG token - run ig/ig-ensure-token.ps1)
2026-09-14 23:08:27 CYCLE 2026-09-14 23:08:27 :: tg=0/0 fb=0/2 vk=0/0
2026-09-14 23:13:32 FAIL fb golos-banka-2026-09-13 :: PUBLISH golos-banka-2026-09-13 ...
FAIL golos-banka-2026-09-13 -> PAGE=319271621473482
FB_FAIL {"error":{"message":"(#100) 0 does not resolve to a valid user ID","type":"OAuthException","code":100,"fbtrace_id":"AgRSjp9jWHt34lp7ze7PCP_"}}
DONE ok=0 skip=0 fail=1
2026-09-14 23:13:38 FAIL fb vybor-diktora-2026-09-14 :: PUBLISH vybor-diktora-2026-09-14 ...
FAIL vybor-diktora-2026-09-14 -> PAGE=319271621473482
FB_FAIL {"error":{"message":"(#100) 0 does not resolve to a valid user ID","type":"OAuthException","code":100,"fbtrace_id":"AeCZvTnAJcz_SQjiKwDqKWc"}}
DONE ok=0 skip=0 fail=1
2026-09-14 23:13:40 PENDING ig (no IG token - run ig/ig-ensure-token.ps1)
2026-09-14 23:13:40 CYCLE 2026-09-14 23:13:40 :: tg=0/0 fb=0/2 vk=0/0
2026-09-14 23:18:44 FAIL fb golos-banka-2026-09-13 :: PUBLISH golos-banka-2026-09-13 ...
FAIL golos-banka-2026-09-13 -> PAGE=319271621473482
FB_FAIL {"error":{"message":"(#100) 0 does not resolve to a valid user ID","type":"OAuthException","code":100,"fbtrace_id":"ADmQOU3ARO1jRWUXSTcGr_K"}}
DONE ok=0 skip=0 fail=1
2026-09-14 23:18:50 FAIL fb vybor-diktora-2026-09-14 :: PUBLISH vybor-diktora-2026-09-14 ...
FAIL vybor-diktora-2026-09-14 -> PAGE=319271621473482
FB_FAIL {"error":{"message":"(#100) 0 does not resolve to a valid user ID","type":"OAuthException","code":100,"fbtrace_id":"Af4CRJJ6OVu-tzZYWe5K8xW"}}
DONE ok=0 skip=0 fail=1
2026-09-14 23:18:52 PENDING ig (no IG token - run ig/ig-ensure-token.ps1)
2026-09-14 23:18:52 CYCLE 2026-09-14 23:18:52 :: tg=0/0 fb=0/2 vk=0/0
2026-09-14 23:23:56 FAIL fb golos-banka-2026-09-13 :: PUBLISH golos-banka-2026-09-13 ...
FAIL golos-banka-2026-09-13 -> PAGE=319271621473482
FB_FAIL {"error":{"message":"(#100) 0 does not resolve to a valid user ID","type":"OAuthException","code":100,"fbtrace_id":"AlGxDu3XClzInGFHGD2PgoK"}}
DONE ok=0 skip=0 fail=1
2026-09-14 23:24:02 FAIL fb vybor-diktora-2026-09-14 :: PUBLISH vybor-diktora-2026-09-14 ...
FAIL vybor-diktora-2026-09-14 -> PAGE=319271621473482
FB_FAIL {"error":{"message":"(#100) 0 does not resolve to a valid user ID","type":"OAuthException","code":100,"fbtrace_id":"AzSrDv7Pb-1r-C5GHASMtel"}}
DONE ok=0 skip=0 fail=1
2026-09-14 23:24:04 PENDING ig (no IG token - run ig/ig-ensure-token.ps1)
2026-09-14 23:24:04 CYCLE 2026-09-14 23:24:04 :: tg=0/0 fb=0/2 vk=0/0
2026-09-14 23:29:08 FAIL fb golos-banka-2026-09-13 :: PUBLISH golos-banka-2026-09-13 ...
FAIL golos-banka-2026-09-13 -> PAGE=319271621473482
FB_FAIL {"error":{"message":"(#100) 0 does not resolve to a valid user ID","type":"OAuthException","code":100,"fbtrace_id":"ALJXIOqDQLwsU8P0TNMRtNu"}}
DONE ok=0 skip=0 fail=1
2026-09-14 23:29:14 FAIL fb vybor-diktora-2026-09-14 :: PUBLISH vybor-diktora-2026-09-14 ...
FAIL vybor-diktora-2026-09-14 -> PAGE=319271621473482
FB_FAIL {"error":{"message":"(#100) 0 does not resolve to a valid user ID","type":"OAuthException","code":100,"fbtrace_id":"A6DGcm6KHjQ2y-Iq2PAwkb-"}}
DONE ok=0 skip=0 fail=1
2026-09-14 23:29:16 PENDING ig (no IG token - run ig/ig-ensure-token.ps1)
2026-09-14 23:29:16 CYCLE 2026-09-14 23:29:16 :: tg=0/0 fb=0/2 vk=0/0
2026-09-14 23:34:20 FAIL fb golos-banka-2026-09-13 :: PUBLISH golos-banka-2026-09-13 ...
FAIL golos-banka-2026-09-13 -> PAGE=319271621473482
FB_FAIL {"error":{"message":"(#100) 0 does not resolve to a valid user ID","type":"OAuthException","code":100,"fbtrace_id":"Az8U3Yd8NCrVDbPo5urzDJ3"}}
DONE ok=0 skip=0 fail=1
2026-09-14 23:34:26 FAIL fb vybor-diktora-2026-09-14 :: PUBLISH vybor-diktora-2026-09-14 ...
FAIL vybor-diktora-2026-09-14 -> PAGE=319271621473482
FB_FAIL {"error":{"message":"(#100) 0 does not resolve to a valid user ID","type":"OAuthException","code":100,"fbtrace_id":"AiiUKbXmVCAOTx9W7s7a-Ro"}}
DONE ok=0 skip=0 fail=1
2026-09-14 23:34:28 PENDING ig (no IG token - run ig/ig-ensure-token.ps1)
2026-09-14 23:34:28 CYCLE 2026-09-14 23:34:28 :: tg=0/0 fb=0/2 vk=0/0
2026-09-14 23:39:31 FAIL fb golos-banka-2026-09-13 :: PUBLISH golos-banka-2026-09-13 ...
FAIL golos-banka-2026-09-13 -> PAGE=319271621473482
FB_FAIL {"error":{"message":"(#100) 0 does not resolve to a valid user ID","type":"OAuthException","code":100,"fbtrace_id":"An1ArhyXG_N0ro-T89B3RHb"}}
DONE ok=0 skip=0 fail=1
2026-09-14 23:39:37 FAIL fb vybor-diktora-2026-09-14 :: PUBLISH vybor-diktora-2026-09-14 ...
FAIL vybor-diktora-2026-09-14 -> PAGE=319271621473482
FB_FAIL {"error":{"message":"(#100) 0 does not resolve to a valid user ID","type":"OAuthException","code":100,"fbtrace_id":"A7cDlrNhV-VzUE74oqP7j__"}}
DONE ok=0 skip=0 fail=1
2026-09-14 23:39:39 PENDING ig (no IG token - run ig/ig-ensure-token.ps1)
2026-09-14 23:39:39 CYCLE 2026-09-14 23:39:39 :: tg=0/0 fb=0/2 vk=0/0
2026-09-14 23:44:43 FAIL fb golos-banka-2026-09-13 :: PUBLISH golos-banka-2026-09-13 ...
FAIL golos-banka-2026-09-13 -> PAGE=319271621473482
FB_FAIL {"error":{"message":"(#100) 0 does not resolve to a valid user ID","type":"OAuthException","code":100,"fbtrace_id":"AK3ZXL9RLoxvDx1PP001HRm"}}
DONE ok=0 skip=0 fail=1
2026-09-14 23:44:49 FAIL fb vybor-diktora-2026-09-14 :: PUBLISH vybor-diktora-2026-09-14 ...
FAIL vybor-diktora-2026-09-14 -> PAGE=319271621473482
FB_FAIL {"error":{"message":"(#100) 0 does not resolve to a valid user ID","type":"OAuthException","code":100,"fbtrace_id":"A8Ql91CNdtWiMSZA3wZUFxO"}}
DONE ok=0 skip=0 fail=1
2026-09-14 23:44:51 PENDING ig (no IG token - run ig/ig-ensure-token.ps1)
2026-09-14 23:44:51 CYCLE 2026-09-14 23:44:51 :: tg=0/0 fb=0/2 vk=0/0
2026-09-14 23:49:55 FAIL fb golos-banka-2026-09-13 :: PUBLISH golos-banka-2026-09-13 ...
FAIL golos-banka-2026-09-13 -> PAGE=319271621473482
FB_FAIL {"error":{"message":"(#100) 0 does not resolve to a valid user ID","type":"OAuthException","code":100,"fbtrace_id":"AALIfNqzLnFd8lVbqthJllu"}}
DONE ok=0 skip=0 fail=1
2026-09-14 23:50:01 FAIL fb vybor-diktora-2026-09-14 :: PUBLISH vybor-diktora-2026-09-14 ...
FAIL vybor-diktora-2026-09-14 -> PAGE=319271621473482
FB_FAIL {"error":{"message":"(#100) 0 does not resolve to a valid user ID","type":"OAuthException","code":100,"fbtrace_id":"AdJ4a18ykLJuKqvMFy6U8oH"}}
DONE ok=0 skip=0 fail=1
2026-09-14 23:50:03 PENDING ig (no IG token - run ig/ig-ensure-token.ps1)
2026-09-14 23:50:03 CYCLE 2026-09-14 23:50:03 :: tg=0/0 fb=0/2 vk=0/0
2026-09-14 23:55:07 FAIL fb golos-banka-2026-09-13 :: PUBLISH golos-banka-2026-09-13 ...
FAIL golos-banka-2026-09-13 -> PAGE=319271621473482
FB_FAIL {"error":{"message":"(#100) 0 does not resolve to a valid user ID","type":"OAuthException","code":100,"fbtrace_id":"AYQqUSBrUkPgP4sLDXr-Zm0"}}
DONE ok=0 skip=0 fail=1
2026-09-14 23:55:13 FAIL fb vybor-diktora-2026-09-14 :: PUBLISH vybor-diktora-2026-09-14 ...
FAIL vybor-diktora-2026-09-14 -> PAGE=319271621473482
FB_FAIL {"error":{"message":"(#100) 0 does not resolve to a valid user ID","type":"OAuthException","code":100,"fbtrace_id":"A_Lv6Oa24KCJ7fkwbrIPSXG"}}
DONE ok=0 skip=0 fail=1
2026-09-14 23:55:15 PENDING ig (no IG token - run ig/ig-ensure-token.ps1)
2026-09-14 23:55:15 CYCLE 2026-09-14 23:55:15 :: tg=0/0 fb=0/2 vk=0/0
2026-09-15 00:00:19 FAIL fb golos-banka-2026-09-13 :: PUBLISH golos-banka-2026-09-13 ...
FAIL golos-banka-2026-09-13 -> PAGE=319271621473482
FB_FAIL {"error":{"message":"(#100) 0 does not resolve to a valid user ID","type":"OAuthException","code":100,"fbtrace_id":"A3KCOI8pqr6QVCtxemYCRnV"}}
DONE ok=0 skip=0 fail=1
2026-09-15 00:00:24 FAIL fb vybor-diktora-2026-09-14 :: PUBLISH vybor-diktora-2026-09-14 ...
FAIL vybor-diktora-2026-09-14 -> PAGE=319271621473482
FB_FAIL {"error":{"message":"(#100) 0 does not resolve to a valid user ID","type":"OAuthException","code":100,"fbtrace_id":"AdQnDfSYXRLGcLgtgzPQ0Aq"}}
DONE ok=0 skip=0 fail=1
2026-09-15 00:00:26 PENDING ig (no IG token - run ig/ig-ensure-token.ps1)
2026-09-15 00:00:26 CYCLE 2026-09-15 00:00:26 :: tg=0/0 fb=0/2 vk=0/0
2026-09-15 00:05:30 FAIL fb golos-banka-2026-09-13 :: PUBLISH golos-banka-2026-09-13 ...
FAIL golos-banka-2026-09-13 -> PAGE=319271621473482
FB_FAIL {"error":{"message":"(#100) 0 does not resolve to a valid user ID","type":"OAuthException","code":100,"fbtrace_id":"AoSv6-oC9WmJcD0Hw1QwOCS"}}
DONE ok=0 skip=0 fail=1
2026-09-15 00:05:36 FAIL fb vybor-diktora-2026-09-14 :: PUBLISH vybor-diktora-2026-09-14 ...
FAIL vybor-diktora-2026-09-14 -> PAGE=319271621473482
FB_FAIL {"error":{"message":"(#100) 0 does not resolve to a valid user ID","type":"OAuthException","code":100,"fbtrace_id":"A60nfx-Zdi3hB9t48R_m2Yt"}}
DONE ok=0 skip=0 fail=1
2026-09-15 00:05:38 PENDING ig (no IG token - run ig/ig-ensure-token.ps1)
2026-09-15 00:05:38 CYCLE 2026-09-15 00:05:38 :: tg=0/0 fb=0/2 vk=0/0
2026-09-15 00:10:42 FAIL fb golos-banka-2026-09-13 :: PUBLISH golos-banka-2026-09-13 ...
FAIL golos-banka-2026-09-13 -> PAGE=319271621473482
FB_FAIL {"error":{"message":"(#100) 0 does not resolve to a valid user ID","type":"OAuthException","code":100,"fbtrace_id":"A-RVxCrrg4bKrNdYEjohQj6"}}
DONE ok=0 skip=0 fail=1
2026-09-15 00:10:48 FAIL fb vybor-diktora-2026-09-14 :: PUBLISH vybor-diktora-2026-09-14 ...
FAIL vybor-diktora-2026-09-14 -> PAGE=319271621473482
FB_FAIL {"error":{"message":"(#100) 0 does not resolve to a valid user ID","type":"OAuthException","code":100,"fbtrace_id":"AK244QwPRY6an6asKCjUA5M"}}
DONE ok=0 skip=0 fail=1
2026-09-15 00:10:50 PENDING ig (no IG token - run ig/ig-ensure-token.ps1)
2026-09-15 00:10:50 CYCLE 2026-09-15 00:10:50 :: tg=0/0 fb=0/2 vk=0/0
2026-09-15 00:15:54 FAIL fb golos-banka-2026-09-13 :: PUBLISH golos-banka-2026-09-13 ...
FAIL golos-banka-2026-09-13 -> PAGE=319271621473482
FB_FAIL {"error":{"message":"(#100) 0 does not resolve to a valid user ID","type":"OAuthException","code":100,"fbtrace_id":"AEUcyjf3JMTfULGgc3L-rHG"}}
DONE ok=0 skip=0 fail=1
2026-09-15 00:16:00 FAIL fb vybor-diktora-2026-09-14 :: PUBLISH vybor-diktora-2026-09-14 ...
FAIL vybor-diktora-2026-09-14 -> PAGE=319271621473482
FB_FAIL {"error":{"message":"(#100) 0 does not resolve to a valid user ID","type":"OAuthException","code":100,"fbtrace_id":"AFp0roiajBsRuEnRm9-EFOn"}}
DONE ok=0 skip=0 fail=1
2026-09-15 00:16:02 PENDING ig (no IG token - run ig/ig-ensure-token.ps1)
2026-09-15 00:16:02 CYCLE 2026-09-15 00:16:02 :: tg=0/0 fb=0/2 vk=0/0
2026-09-15 00:21:06 FAIL fb golos-banka-2026-09-13 :: PUBLISH golos-banka-2026-09-13 ...
FAIL golos-banka-2026-09-13 -> PAGE=319271621473482
FB_FAIL {"error":{"message":"(#100) 0 does not resolve to a valid user ID","type":"OAuthException","code":100,"fbtrace_id":"A5yGMvfaJcamHLJ8p8XhoOE"}}
DONE ok=0 skip=0 fail=1
2026-09-15 00:21:11 FAIL fb vybor-diktora-2026-09-14 :: PUBLISH vybor-diktora-2026-09-14 ...
FAIL vybor-diktora-2026-09-14 -> PAGE=319271621473482
FB_FAIL {"error":{"message":"(#100) 0 does not resolve to a valid user ID","type":"OAuthException","code":100,"fbtrace_id":"An5_G7wlNiMwahHSyJAMLve"}}
DONE ok=0 skip=0 fail=1
2026-09-15 00:21:13 PENDING ig (no IG token - run ig/ig-ensure-token.ps1)
2026-09-15 00:21:13 CYCLE 2026-09-15 00:21:13 :: tg=0/0 fb=0/2 vk=0/0
2026-09-15 00:26:17 FAIL fb golos-banka-2026-09-13 :: PUBLISH golos-banka-2026-09-13 ...
FAIL golos-banka-2026-09-13 -> PAGE=319271621473482
FB_FAIL {"error":{"message":"(#100) 0 does not resolve to a valid user ID","type":"OAuthException","code":100,"fbtrace_id":"A8pKy3mulsJ909B6D53PFdS"}}
DONE ok=0 skip=0 fail=1
2026-09-15 00:26:23 FAIL fb vybor-diktora-2026-09-14 :: PUBLISH vybor-diktora-2026-09-14 ...
FAIL vybor-diktora-2026-09-14 -> PAGE=319271621473482
FB_FAIL {"error":{"message":"(#100) 0 does not resolve to a valid user ID","type":"OAuthException","code":100,"fbtrace_id":"AeGUK2EtJPchmiDPfmQQG7E"}}
DONE ok=0 skip=0 fail=1
2026-09-15 00:26:25 PENDING ig (no IG token - run ig/ig-ensure-token.ps1)
2026-09-15 00:26:25 CYCLE 2026-09-15 00:26:25 :: tg=0/0 fb=0/2 vk=0/0
2026-09-15 00:31:29 FAIL fb golos-banka-2026-09-13 :: PUBLISH golos-banka-2026-09-13 ...
FAIL golos-banka-2026-09-13 -> PAGE=319271621473482
FB_FAIL {"error":{"message":"(#100) 0 does not resolve to a valid user ID","type":"OAuthException","code":100,"fbtrace_id":"AECrZUlOSSE5KyollgIg-wn"}}
DONE ok=0 skip=0 fail=1
2026-09-15 00:31:35 FAIL fb vybor-diktora-2026-09-14 :: PUBLISH vybor-diktora-2026-09-14 ...
FAIL vybor-diktora-2026-09-14 -> PAGE=319271621473482
FB_FAIL {"error":{"message":"(#100) 0 does not resolve to a valid user ID","type":"OAuthException","code":100,"fbtrace_id":"AFiqomuv6fgBplZw_K4DT4q"}}
DONE ok=0 skip=0 fail=1
2026-09-15 00:31:37 PENDING ig (no IG token - run ig/ig-ensure-token.ps1)
2026-09-15 00:31:37 CYCLE 2026-09-15 00:31:37 :: tg=0/0 fb=0/2 vk=0/0
2026-09-15 00:36:41 FAIL fb golos-banka-2026-09-13 :: PUBLISH golos-banka-2026-09-13 ...
FAIL golos-banka-2026-09-13 -> PAGE=319271621473482
FB_FAIL {"error":{"message":"(#100) 0 does not resolve to a valid user ID","type":"OAuthException","code":100,"fbtrace_id":"AaX3lOLN7ITgXzmQX9A4mdL"}}
DONE ok=0 skip=0 fail=1
2026-09-15 00:36:47 FAIL fb vybor-diktora-2026-09-14 :: PUBLISH vybor-diktora-2026-09-14 ...
FAIL vybor-diktora-2026-09-14 -> PAGE=319271621473482
FB_FAIL {"error":{"message":"(#100) 0 does not resolve to a valid user ID","type":"OAuthException","code":100,"fbtrace_id":"AHDmrdYPO4i6RBpmSFFvLLc"}}
DONE ok=0 skip=0 fail=1
2026-09-15 00:36:49 PENDING ig (no IG token - run ig/ig-ensure-token.ps1)
2026-09-15 00:36:49 CYCLE 2026-09-15 00:36:49 :: tg=0/0 fb=0/2 vk=0/0
2026-09-15 00:41:53 FAIL fb golos-banka-2026-09-13 :: PUBLISH golos-banka-2026-09-13 ...
FAIL golos-banka-2026-09-13 -> PAGE=319271621473482
FB_FAIL {"error":{"message":"(#100) 0 does not resolve to a valid user ID","type":"OAuthException","code":100,"fbtrace_id":"AwY19yWIjvXW_uNorE27bjV"}}
DONE ok=0 skip=0 fail=1
2026-09-15 00:41:58 FAIL fb vybor-diktora-2026-09-14 :: PUBLISH vybor-diktora-2026-09-14 ...
FAIL vybor-diktora-2026-09-14 -> PAGE=319271621473482
FB_FAIL {"error":{"message":"(#100) 0 does not resolve to a valid user ID","type":"OAuthException","code":100,"fbtrace_id":"AKVV9Xa317d4C_OZHIh5l9a"}}
DONE ok=0 skip=0 fail=1
2026-09-15 00:42:00 PENDING ig (no IG token - run ig/ig-ensure-token.ps1)
2026-09-15 00:42:00 CYCLE 2026-09-15 00:42:00 :: tg=0/0 fb=0/2 vk=0/0
2026-09-15 00:47:04 FAIL fb golos-banka-2026-09-13 :: PUBLISH golos-banka-2026-09-13 ...
FAIL golos-banka-2026-09-13 -> PAGE=319271621473482
FB_FAIL {"error":{"message":"(#100) 0 does not resolve to a valid user ID","type":"OAuthException","code":100,"fbtrace_id":"ARooXY-NTlduXwaFfnzO5zr"}}
DONE ok=0 skip=0 fail=1
2026-09-15 00:47:10 FAIL fb vybor-diktora-2026-09-14 :: PUBLISH vybor-diktora-2026-09-14 ...
FAIL vybor-diktora-2026-09-14 -> PAGE=319271621473482
FB_FAIL {"error":{"message":"(#100) 0 does not resolve to a valid user ID","type":"OAuthException","code":100,"fbtrace_id":"AjIXeDTTPHkwSm5wvqhwepo"}}
DONE ok=0 skip=0 fail=1
2026-09-15 00:47:12 PENDING ig (no IG token - run ig/ig-ensure-token.ps1)
2026-09-15 00:47:12 CYCLE 2026-09-15 00:47:12 :: tg=0/0 fb=0/2 vk=0/0
2026-09-15 00:52:16 FAIL fb golos-banka-2026-09-13 :: PUBLISH golos-banka-2026-09-13 ...
FAIL golos-banka-2026-09-13 -> PAGE=319271621473482
FB_FAIL {"error":{"message":"(#100) 0 does not resolve to a valid user ID","type":"OAuthException","code":100,"fbtrace_id":"AN6EVK4VAAwO88HS5SUgBVh"}}
DONE ok=0 skip=0 fail=1
2026-09-15 00:52:22 FAIL fb vybor-diktora-2026-09-14 :: PUBLISH vybor-diktora-2026-09-14 ...
FAIL vybor-diktora-2026-09-14 -> PAGE=319271621473482
FB_FAIL {"error":{"message":"(#100) 0 does not resolve to a valid user ID","type":"OAuthException","code":100,"fbtrace_id":"Akv2_VTuhRZNr7h5kp9xB0D"}}
DONE ok=0 skip=0 fail=1
2026-09-15 00:52:24 PENDING ig (no IG token - run ig/ig-ensure-token.ps1)
2026-09-15 00:52:24 CYCLE 2026-09-15 00:52:24 :: tg=0/0 fb=0/2 vk=0/0
2026-09-15 00:57:28 FAIL fb golos-banka-2026-09-13 :: PUBLISH golos-banka-2026-09-13 ...
FAIL golos-banka-2026-09-13 -> PAGE=319271621473482
FB_FAIL {"error":{"message":"(#100) 0 does not resolve to a valid user ID","type":"OAuthException","code":100,"fbtrace_id":"Ap2eb9eYKkCzPYKtApK5Lwp"}}
DONE ok=0 skip=0 fail=1
2026-09-15 00:57:34 FAIL fb vybor-diktora-2026-09-14 :: PUBLISH vybor-diktora-2026-09-14 ...
FAIL vybor-diktora-2026-09-14 -> PAGE=319271621473482
FB_FAIL {"error":{"message":"(#100) 0 does not resolve to a valid user ID","type":"OAuthException","code":100,"fbtrace_id":"AtMRlVyE6pfsaFrSyIxH6IW"}}
DONE ok=0 skip=0 fail=1
2026-09-15 00:57:36 PENDING ig (no IG token - run ig/ig-ensure-token.ps1)
2026-09-15 00:57:36 CYCLE 2026-09-15 00:57:36 :: tg=0/0 fb=0/2 vk=0/0
2026-09-15 01:02:40 FAIL fb golos-banka-2026-09-13 :: PUBLISH golos-banka-2026-09-13 ...
FAIL golos-banka-2026-09-13 -> PAGE=319271621473482
FB_FAIL {"error":{"message":"(#100) 0 does not resolve to a valid user ID","type":"OAuthException","code":100,"fbtrace_id":"AeakUN65rjU_JtGkW9neiZf"}}
DONE ok=0 skip=0 fail=1
2026-09-15 01:02:46 FAIL fb vybor-diktora-2026-09-14 :: PUBLISH vybor-diktora-2026-09-14 ...
FAIL vybor-diktora-2026-09-14 -> PAGE=319271621473482
FB_FAIL {"error":{"message":"(#100) 0 does not resolve to a valid user ID","type":"OAuthException","code":100,"fbtrace_id":"ANvGR9X7Pnns8kJhH_MudTU"}}
DONE ok=0 skip=0 fail=1
2026-09-15 01:02:48 PENDING ig (no IG token - run ig/ig-ensure-token.ps1)
2026-09-15 01:02:48 CYCLE 2026-09-15 01:02:48 :: tg=0/0 fb=0/2 vk=0/0
2026-09-15 01:07:51 FAIL fb golos-banka-2026-09-13 :: PUBLISH golos-banka-2026-09-13 ...
FAIL golos-banka-2026-09-13 -> PAGE=319271621473482
FB_FAIL {"error":{"message":"(#100) 0 does not resolve to a valid user ID","type":"OAuthException","code":100,"fbtrace_id":"Aj4HvrpGRjphwbFJftnwlGW"}}
DONE ok=0 skip=0 fail=1
2026-09-15 01:07:57 FAIL fb vybor-diktora-2026-09-14 :: PUBLISH vybor-diktora-2026-09-14 ...
FAIL vybor-diktora-2026-09-14 -> PAGE=319271621473482
FB_FAIL {"error":{"message":"(#100) 0 does not resolve to a valid user ID","type":"OAuthException","code":100,"fbtrace_id":"AWLXikC_koOyxBAaKZc9q3i"}}
DONE ok=0 skip=0 fail=1
2026-09-15 01:07:59 PENDING ig (no IG token - run ig/ig-ensure-token.ps1)
2026-09-15 01:07:59 CYCLE 2026-09-15 01:07:59 :: tg=0/0 fb=0/2 vk=0/0
2026-09-15 01:13:03 FAIL fb golos-banka-2026-09-13 :: PUBLISH golos-banka-2026-09-13 ...
FAIL golos-banka-2026-09-13 -> PAGE=319271621473482
FB_FAIL {"error":{"message":"(#100) 0 does not resolve to a valid user ID","type":"OAuthException","code":100,"fbtrace_id":"AFM2WyoHH3VPz9-BRTBvi9c"}}
DONE ok=0 skip=0 fail=1
2026-09-15 01:13:09 FAIL fb vybor-diktora-2026-09-14 :: PUBLISH vybor-diktora-2026-09-14 ...
FAIL vybor-diktora-2026-09-14 -> PAGE=319271621473482
FB_FAIL {"error":{"message":"(#100) 0 does not resolve to a valid user ID","type":"OAuthException","code":100,"fbtrace_id":"Anc1UGtMdNKYwcN4I9KWn37"}}
DONE ok=0 skip=0 fail=1
2026-09-15 01:13:11 PENDING ig (no IG token - run ig/ig-ensure-token.ps1)
2026-09-15 01:13:11 CYCLE 2026-09-15 01:13:11 :: tg=0/0 fb=0/2 vk=0/0
2026-09-15 01:18:16 FAIL fb golos-banka-2026-09-13 :: PUBLISH golos-banka-2026-09-13 ...
FAIL golos-banka-2026-09-13 -> PAGE=319271621473482
FB_FAIL {"error":{"message":"(#100) 0 does not resolve to a valid user ID","type":"OAuthException","code":100,"fbtrace_id":"Asqg4UUSqULeaomsRNPFPZO"}}
DONE ok=0 skip=0 fail=1
2026-09-15 01:18:22 FAIL fb vybor-diktora-2026-09-14 :: PUBLISH vybor-diktora-2026-09-14 ...
FAIL vybor-diktora-2026-09-14 -> PAGE=319271621473482
FB_FAIL {"error":{"message":"(#100) 0 does not resolve to a valid user ID","type":"OAuthException","code":100,"fbtrace_id":"AFkJo8yo5otAUeqImE36Nok"}}
DONE ok=0 skip=0 fail=1
2026-09-15 01:18:24 PENDING ig (no IG token - run ig/ig-ensure-token.ps1)
2026-09-15 01:18:24 CYCLE 2026-09-15 01:18:24 :: tg=0/0 fb=0/2 vk=0/0
2026-09-15 01:23:28 FAIL fb golos-banka-2026-09-13 :: PUBLISH golos-banka-2026-09-13 ...
FAIL golos-banka-2026-09-13 -> PAGE=319271621473482
FB_FAIL {"error":{"message":"(#100) 0 does not resolve to a valid user ID","type":"OAuthException","code":100,"fbtrace_id":"AJVpALNPJO_-sm49DNFxcDr"}}
DONE ok=0 skip=0 fail=1
2026-09-15 01:23:34 FAIL fb vybor-diktora-2026-09-14 :: PUBLISH vybor-diktora-2026-09-14 ...
FAIL vybor-diktora-2026-09-14 -> PAGE=319271621473482
FB_FAIL {"error":{"message":"(#100) 0 does not resolve to a valid user ID","type":"OAuthException","code":100,"fbtrace_id":"Av4vdPo4vXUQxNV5vIvVz6_"}}
DONE ok=0 skip=0 fail=1
2026-09-15 01:23:36 PENDING ig (no IG token - run ig/ig-ensure-token.ps1)
2026-09-15 01:23:36 CYCLE 2026-09-15 01:23:36 :: tg=0/0 fb=0/2 vk=0/0
2026-09-15 01:28:40 FAIL fb golos-banka-2026-09-13 :: PUBLISH golos-banka-2026-09-13 ...
FAIL golos-banka-2026-09-13 -> PAGE=319271621473482
FB_FAIL {"error":{"message":"(#100) 0 does not resolve to a valid user ID","type":"OAuthException","code":100,"fbtrace_id":"ABS9HpeG3GQvtma8-hFEHtv"}}
DONE ok=0 skip=0 fail=1
2026-09-15 01:28:45 FAIL fb vybor-diktora-2026-09-14 :: PUBLISH vybor-diktora-2026-09-14 ...
FAIL vybor-diktora-2026-09-14 -> PAGE=319271621473482
FB_FAIL {"error":{"message":"(#100) 0 does not resolve to a valid user ID","type":"OAuthException","code":100,"fbtrace_id":"AIyeGH909c_RZUO_UJp_9T-"}}
DONE ok=0 skip=0 fail=1
2026-09-15 01:28:47 PENDING ig (no IG token - run ig/ig-ensure-token.ps1)
2026-09-15 01:28:47 CYCLE 2026-09-15 01:28:47 :: tg=0/0 fb=0/2 vk=0/0
2026-09-15 01:33:52 FAIL fb golos-banka-2026-09-13 :: PUBLISH golos-banka-2026-09-13 ...
FAIL golos-banka-2026-09-13 -> PAGE=319271621473482
FB_FAIL {"error":{"message":"(#100) 0 does not resolve to a valid user ID","type":"OAuthException","code":100,"fbtrace_id":"Apd2P3O6M5uJqxRQH-90fhb"}}
DONE ok=0 skip=0 fail=1
2026-09-15 01:33:58 FAIL fb vybor-diktora-2026-09-14 :: PUBLISH vybor-diktora-2026-09-14 ...
FAIL vybor-diktora-2026-09-14 -> PAGE=319271621473482
FB_FAIL {"error":{"message":"(#100) 0 does not resolve to a valid user ID","type":"OAuthException","code":100,"fbtrace_id":"AEHInp6Q1Z0WYg5i5dNP9_S"}}
DONE ok=0 skip=0 fail=1
2026-09-15 01:34:00 PENDING ig (no IG token - run ig/ig-ensure-token.ps1)
2026-09-15 01:34:00 CYCLE 2026-09-15 01:34:00 :: tg=0/0 fb=0/2 vk=0/0
2026-09-15 01:39:04 FAIL fb golos-banka-2026-09-13 :: PUBLISH golos-banka-2026-09-13 ...
FAIL golos-banka-2026-09-13 -> PAGE=319271621473482
FB_FAIL {"error":{"message":"(#100) 0 does not resolve to a valid user ID","type":"OAuthException","code":100,"fbtrace_id":"Ac2LiwMaT25Erj2aDMjY-mt"}}
DONE ok=0 skip=0 fail=1
2026-09-15 01:39:10 FAIL fb vybor-diktora-2026-09-14 :: PUBLISH vybor-diktora-2026-09-14 ...
FAIL vybor-diktora-2026-09-14 -> PAGE=319271621473482
FB_FAIL {"error":{"message":"(#100) 0 does not resolve to a valid user ID","type":"OAuthException","code":100,"fbtrace_id":"AyPjQVWWdPB1c0tNmTLt4Qf"}}
DONE ok=0 skip=0 fail=1
2026-09-15 01:39:12 PENDING ig (no IG token - run ig/ig-ensure-token.ps1)
2026-09-15 01:39:12 CYCLE 2026-09-15 01:39:12 :: tg=0/0 fb=0/2 vk=0/0
2026-09-15 01:44:16 FAIL fb golos-banka-2026-09-13 :: PUBLISH golos-banka-2026-09-13 ...
FAIL golos-banka-2026-09-13 -> PAGE=319271621473482
FB_FAIL {"error":{"message":"(#100) 0 does not resolve to a valid user ID","type":"OAuthException","code":100,"fbtrace_id":"AJ5CKTC4sNs-ZCglPwHsjnK"}}
DONE ok=0 skip=0 fail=1
2026-09-15 01:44:22 FAIL fb vybor-diktora-2026-09-14 :: PUBLISH vybor-diktora-2026-09-14 ...
FAIL vybor-diktora-2026-09-14 -> PAGE=319271621473482
FB_FAIL {"error":{"message":"(#100) 0 does not resolve to a valid user ID","type":"OAuthException","code":100,"fbtrace_id":"AG1xEEc_WwJkNwujcnY0DMF"}}
DONE ok=0 skip=0 fail=1
2026-09-15 01:44:24 PENDING ig (no IG token - run ig/ig-ensure-token.ps1)
2026-09-15 01:44:24 CYCLE 2026-09-15 01:44:24 :: tg=0/0 fb=0/2 vk=0/0
2026-09-15 01:49:28 FAIL fb golos-banka-2026-09-13 :: PUBLISH golos-banka-2026-09-13 ...
FAIL golos-banka-2026-09-13 -> PAGE=319271621473482
FB_FAIL {"error":{"message":"(#100) 0 does not resolve to a valid user ID","type":"OAuthException","code":100,"fbtrace_id":"A2HvU1nrj_qGsQYp0aFaJuF"}}
DONE ok=0 skip=0 fail=1
2026-09-15 01:49:33 FAIL fb vybor-diktora-2026-09-14 :: PUBLISH vybor-diktora-2026-09-14 ...
FAIL vybor-diktora-2026-09-14 -> PAGE=319271621473482
FB_FAIL {"error":{"message":"(#100) 0 does not resolve to a valid user ID","type":"OAuthException","code":100,"fbtrace_id":"A0oDdE5zlVY2UDoxxC1-DyF"}}
DONE ok=0 skip=0 fail=1
2026-09-15 01:49:35 PENDING ig (no IG token - run ig/ig-ensure-token.ps1)
2026-09-15 01:49:35 CYCLE 2026-09-15 01:49:35 :: tg=0/0 fb=0/2 vk=0/0
2026-09-15 01:54:39 FAIL fb golos-banka-2026-09-13 :: PUBLISH golos-banka-2026-09-13 ...
FAIL golos-banka-2026-09-13 -> PAGE=319271621473482
FB_FAIL {"error":{"message":"(#100) 0 does not resolve to a valid user ID","type":"OAuthException","code":100,"fbtrace_id":"AJ-5VqJtji1dTFiEmM9i4j5"}}
DONE ok=0 skip=0 fail=1
2026-09-15 01:54:45 FAIL fb vybor-diktora-2026-09-14 :: PUBLISH vybor-diktora-2026-09-14 ...
FAIL vybor-diktora-2026-09-14 -> PAGE=319271621473482
FB_FAIL {"error":{"message":"(#100) 0 does not resolve to a valid user ID","type":"OAuthException","code":100,"fbtrace_id":"AqYtA8QDTaPuavKP4mxxMty"}}
DONE ok=0 skip=0 fail=1
2026-09-15 01:54:47 PENDING ig (no IG token - run ig/ig-ensure-token.ps1)
2026-09-15 01:54:47 CYCLE 2026-09-15 01:54:47 :: tg=0/0 fb=0/2 vk=0/0
2026-09-15 01:59:53 FAIL fb golos-banka-2026-09-13 :: PUBLISH golos-banka-2026-09-13 ...
FAIL golos-banka-2026-09-13 -> PAGE=319271621473482
FB_FAIL {"error":{"message":"(#100) 0 does not resolve to a valid user ID","type":"OAuthException","code":100,"fbtrace_id":"AAR5oUK6qeS7FSkuhB0BXhg"}}
DONE ok=0 skip=0 fail=1
2026-09-15 01:59:59 FAIL fb vybor-diktora-2026-09-14 :: PUBLISH vybor-diktora-2026-09-14 ...
FAIL vybor-diktora-2026-09-14 -> PAGE=319271621473482
FB_FAIL {"error":{"message":"(#100) 0 does not resolve to a valid user ID","type":"OAuthException","code":100,"fbtrace_id":"AYPysmHixqMB6kGwjKn7oQj"}}
DONE ok=0 skip=0 fail=1
2026-09-15 02:00:01 PENDING ig (no IG token - run ig/ig-ensure-token.ps1)
2026-09-15 02:00:01 CYCLE 2026-09-15 02:00:01 :: tg=0/0 fb=0/2 vk=0/0
2026-09-15 02:05:05 FAIL fb golos-banka-2026-09-13 :: PUBLISH golos-banka-2026-09-13 ...
FAIL golos-banka-2026-09-13 -> PAGE=319271621473482
FB_FAIL {"error":{"message":"(#100) 0 does not resolve to a valid user ID","type":"OAuthException","code":100,"fbtrace_id":"AVwvxvDo1nyRp9AHcjzjONn"}}
DONE ok=0 skip=0 fail=1
2026-09-15 02:05:11 FAIL fb vybor-diktora-2026-09-14 :: PUBLISH vybor-diktora-2026-09-14 ...
FAIL vybor-diktora-2026-09-14 -> PAGE=319271621473482
FB_FAIL {"error":{"message":"(#100) 0 does not resolve to a valid user ID","type":"OAuthException","code":100,"fbtrace_id":"AouO5MdksWN3I0ih1KBg4z_"}}
DONE ok=0 skip=0 fail=1
2026-09-15 02:05:13 PENDING ig (no IG token - run ig/ig-ensure-token.ps1)
2026-09-15 02:05:13 CYCLE 2026-09-15 02:05:13 :: tg=0/0 fb=0/2 vk=0/0
2026-09-15 02:10:17 FAIL fb golos-banka-2026-09-13 :: PUBLISH golos-banka-2026-09-13 ...
FAIL golos-banka-2026-09-13 -> PAGE=319271621473482
FB_FAIL {"error":{"message":"(#100) 0 does not resolve to a valid user ID","type":"OAuthException","code":100,"fbtrace_id":"AdofYO4Xk0sLy1hHldgn3jv"}}
DONE ok=0 skip=0 fail=1
2026-09-15 02:10:23 FAIL fb vybor-diktora-2026-09-14 :: PUBLISH vybor-diktora-2026-09-14 ...
FAIL vybor-diktora-2026-09-14 -> PAGE=319271621473482
FB_FAIL {"error":{"message":"(#100) 0 does not resolve to a valid user ID","type":"OAuthException","code":100,"fbtrace_id":"A02n4dKA1_3X0eEuycPSZO3"}}
DONE ok=0 skip=0 fail=1
2026-09-15 02:10:25 PENDING ig (no IG token - run ig/ig-ensure-token.ps1)
2026-09-15 02:10:25 CYCLE 2026-09-15 02:10:25 :: tg=0/0 fb=0/2 vk=0/0
2026-09-15 02:15:28 FAIL fb golos-banka-2026-09-13 :: PUBLISH golos-banka-2026-09-13 ...
FAIL golos-banka-2026-09-13 -> PAGE=319271621473482
FB_FAIL {"error":{"message":"(#100) 0 does not resolve to a valid user ID","type":"OAuthException","code":100,"fbtrace_id":"AQZhRx6_usypN5ZQQGfJ-V9"}}
DONE ok=0 skip=0 fail=1
2026-09-15 02:15:34 FAIL fb vybor-diktora-2026-09-14 :: PUBLISH vybor-diktora-2026-09-14 ...
FAIL vybor-diktora-2026-09-14 -> PAGE=319271621473482
FB_FAIL {"error":{"message":"(#100) 0 does not resolve to a valid user ID","type":"OAuthException","code":100,"fbtrace_id":"AFIgxeyoY8Sx7uoFETSqFHl"}}
DONE ok=0 skip=0 fail=1
2026-09-15 02:15:36 PENDING ig (no IG token - run ig/ig-ensure-token.ps1)
2026-09-15 02:15:36 CYCLE 2026-09-15 02:15:36 :: tg=0/0 fb=0/2 vk=0/0
2026-09-15 02:20:40 FAIL fb golos-banka-2026-09-13 :: PUBLISH golos-banka-2026-09-13 ...
FAIL golos-banka-2026-09-13 -> PAGE=319271621473482
FB_FAIL {"error":{"message":"(#100) 0 does not resolve to a valid user ID","type":"OAuthException","code":100,"fbtrace_id":"AHhwBwNv_K7HgFHosJrpWyb"}}
DONE ok=0 skip=0 fail=1
2026-09-15 02:20:47 FAIL fb vybor-diktora-2026-09-14 :: PUBLISH vybor-diktora-2026-09-14 ...
FAIL vybor-diktora-2026-09-14 -> PAGE=319271621473482
FB_FAIL {"error":{"message":"(#100) 0 does not resolve to a valid user ID","type":"OAuthException","code":100,"fbtrace_id":"Au1-73ywYWYAevgXBWSVLlB"}}
DONE ok=0 skip=0 fail=1
2026-09-15 02:20:49 PENDING ig (no IG token - run ig/ig-ensure-token.ps1)
2026-09-15 02:20:49 CYCLE 2026-09-15 02:20:49 :: tg=0/0 fb=0/2 vk=0/0
2026-09-15 02:25:53 FAIL fb golos-banka-2026-09-13 :: PUBLISH golos-banka-2026-09-13 ...
FAIL golos-banka-2026-09-13 -> PAGE=319271621473482
FB_FAIL {"error":{"message":"(#100) 0 does not resolve to a valid user ID","type":"OAuthException","code":100,"fbtrace_id":"ATwRtr7_IAirgeCIImKh4mf"}}
DONE ok=0 skip=0 fail=1
2026-09-15 02:25:59 FAIL fb vybor-diktora-2026-09-14 :: PUBLISH vybor-diktora-2026-09-14 ...
FAIL vybor-diktora-2026-09-14 -> PAGE=319271621473482
FB_FAIL {"error":{"message":"(#100) 0 does not resolve to a valid user ID","type":"OAuthException","code":100,"fbtrace_id":"ATgYfnoWti-oVTsGkIwWs2X"}}
DONE ok=0 skip=0 fail=1
2026-09-15 02:26:01 PENDING ig (no IG token - run ig/ig-ensure-token.ps1)
2026-09-15 02:26:01 CYCLE 2026-09-15 02:26:01 :: tg=0/0 fb=0/2 vk=0/0
2026-09-15 02:31:05 FAIL fb golos-banka-2026-09-13 :: PUBLISH golos-banka-2026-09-13 ...
FAIL golos-banka-2026-09-13 -> PAGE=319271621473482
FB_FAIL {"error":{"message":"(#100) 0 does not resolve to a valid user ID","type":"OAuthException","code":100,"fbtrace_id":"Aw8KsueEoUy6c7yrKhTsf7r"}}
DONE ok=0 skip=0 fail=1
2026-09-15 02:31:11 FAIL fb vybor-diktora-2026-09-14 :: PUBLISH vybor-diktora-2026-09-14 ...
FAIL vybor-diktora-2026-09-14 -> PAGE=319271621473482
FB_FAIL {"error":{"message":"(#100) 0 does not resolve to a valid user ID","type":"OAuthException","code":100,"fbtrace_id":"ASgAfbmQJgIx9Aoiyx8aXfO"}}
DONE ok=0 skip=0 fail=1
2026-09-15 02:31:13 PENDING ig (no IG token - run ig/ig-ensure-token.ps1)
2026-09-15 02:31:13 CYCLE 2026-09-15 02:31:13 :: tg=0/0 fb=0/2 vk=0/0
2026-09-15 02:36:16 FAIL fb golos-banka-2026-09-13 :: PUBLISH golos-banka-2026-09-13 ...
FAIL golos-banka-2026-09-13 -> PAGE=319271621473482
FB_FAIL {"error":{"message":"(#100) 0 does not resolve to a valid user ID","type":"OAuthException","code":100,"fbtrace_id":"AmyL1-E28hHV6pLYEkFpR4g"}}
DONE ok=0 skip=0 fail=1
2026-09-15 02:36:22 FAIL fb vybor-diktora-2026-09-14 :: PUBLISH vybor-diktora-2026-09-14 ...
FAIL vybor-diktora-2026-09-14 -> PAGE=319271621473482
FB_FAIL {"error":{"message":"(#100) 0 does not resolve to a valid user ID","type":"OAuthException","code":100,"fbtrace_id":"AR3V-J8fHLCfVTEHssfO5hZ"}}
DONE ok=0 skip=0 fail=1
2026-09-15 02:36:24 PENDING ig (no IG token - run ig/ig-ensure-token.ps1)
2026-09-15 02:36:24 CYCLE 2026-09-15 02:36:24 :: tg=0/0 fb=0/2 vk=0/0
2026-09-15 02:41:28 FAIL fb golos-banka-2026-09-13 :: PUBLISH golos-banka-2026-09-13 ...
FAIL golos-banka-2026-09-13 -> PAGE=319271621473482
FB_FAIL {"error":{"message":"(#100) 0 does not resolve to a valid user ID","type":"OAuthException","code":100,"fbtrace_id":"ACpW8_uI9nDY2cyaCFB0wro"}}
DONE ok=0 skip=0 fail=1
2026-09-15 02:41:34 FAIL fb vybor-diktora-2026-09-14 :: PUBLISH vybor-diktora-2026-09-14 ...
FAIL vybor-diktora-2026-09-14 -> PAGE=319271621473482
FB_FAIL {"error":{"message":"(#100) 0 does not resolve to a valid user ID","type":"OAuthException","code":100,"fbtrace_id":"AMkcMFSuvqFk74KaS1uez2U"}}
DONE ok=0 skip=0 fail=1
2026-09-15 02:41:36 PENDING ig (no IG token - run ig/ig-ensure-token.ps1)
2026-09-15 02:41:36 CYCLE 2026-09-15 02:41:36 :: tg=0/0 fb=0/2 vk=0/0
2026-09-15 02:46:40 FAIL fb golos-banka-2026-09-13 :: PUBLISH golos-banka-2026-09-13 ...
FAIL golos-banka-2026-09-13 -> PAGE=319271621473482
FB_FAIL {"error":{"message":"(#100) 0 does not resolve to a valid user ID","type":"OAuthException","code":100,"fbtrace_id":"AwRIu0S4d7orkRkyhTYRQ5p"}}
DONE ok=0 skip=0 fail=1
2026-09-15 02:46:46 FAIL fb vybor-diktora-2026-09-14 :: PUBLISH vybor-diktora-2026-09-14 ...
FAIL vybor-diktora-2026-09-14 -> PAGE=319271621473482
FB_FAIL {"error":{"message":"(#100) 0 does not resolve to a valid user ID","type":"OAuthException","code":100,"fbtrace_id":"AuRvWa6qN75m73UDcxMF-px"}}
DONE ok=0 skip=0 fail=1
2026-09-15 02:46:48 PENDING ig (no IG token - run ig/ig-ensure-token.ps1)
2026-09-15 02:46:48 CYCLE 2026-09-15 02:46:48 :: tg=0/0 fb=0/2 vk=0/0
2026-09-15 02:51:52 FAIL fb golos-banka-2026-09-13 :: PUBLISH golos-banka-2026-09-13 ...
FAIL golos-banka-2026-09-13 -> PAGE=319271621473482
FB_FAIL {"error":{"message":"(#100) 0 does not resolve to a valid user ID","type":"OAuthException","code":100,"fbtrace_id":"ADb4Zmg83AWppR0OuDdVSRF"}}
DONE ok=0 skip=0 fail=1
2026-09-15 02:51:58 FAIL fb vybor-diktora-2026-09-14 :: PUBLISH vybor-diktora-2026-09-14 ...
FAIL vybor-diktora-2026-09-14 -> PAGE=319271621473482
FB_FAIL {"error":{"message":"(#100) 0 does not resolve to a valid user ID","type":"OAuthException","code":100,"fbtrace_id":"AIJOWqW8UpX0zATF6k8P7Pe"}}
DONE ok=0 skip=0 fail=1
2026-09-15 02:52:00 PENDING ig (no IG token - run ig/ig-ensure-token.ps1)
2026-09-15 02:52:00 CYCLE 2026-09-15 02:52:00 :: tg=0/0 fb=0/2 vk=0/0
2026-09-15 02:57:03 FAIL fb golos-banka-2026-09-13 :: PUBLISH golos-banka-2026-09-13 ...
FAIL golos-banka-2026-09-13 -> PAGE=319271621473482
FB_FAIL {"error":{"message":"(#100) 0 does not resolve to a valid user ID","type":"OAuthException","code":100,"fbtrace_id":"AaccNrxoyoqkh6Ei9paBdN3"}}
DONE ok=0 skip=0 fail=1
2026-09-15 02:57:09 FAIL fb vybor-diktora-2026-09-14 :: PUBLISH vybor-diktora-2026-09-14 ...
FAIL vybor-diktora-2026-09-14 -> PAGE=319271621473482
FB_FAIL {"error":{"message":"(#100) 0 does not resolve to a valid user ID","type":"OAuthException","code":100,"fbtrace_id":"AVqB_lU92wlmOaK056rWpWl"}}
DONE ok=0 skip=0 fail=1
2026-09-15 02:57:11 PENDING ig (no IG token - run ig/ig-ensure-token.ps1)
2026-09-15 02:57:11 CYCLE 2026-09-15 02:57:11 :: tg=0/0 fb=0/2 vk=0/0
2026-09-15 03:02:15 FAIL fb golos-banka-2026-09-13 :: PUBLISH golos-banka-2026-09-13 ...
FAIL golos-banka-2026-09-13 -> PAGE=319271621473482
FB_FAIL {"error":{"message":"(#100) 0 does not resolve to a valid user ID","type":"OAuthException","code":100,"fbtrace_id":"Azgr_PL5-DhI1zbXsewUXa6"}}
DONE ok=0 skip=0 fail=1
2026-09-15 03:02:21 FAIL fb vybor-diktora-2026-09-14 :: PUBLISH vybor-diktora-2026-09-14 ...
FAIL vybor-diktora-2026-09-14 -> PAGE=319271621473482
FB_FAIL {"error":{"message":"(#100) 0 does not resolve to a valid user ID","type":"OAuthException","code":100,"fbtrace_id":"AJqb2Djh0RHeET1U4GM2BWx"}}
DONE ok=0 skip=0 fail=1
2026-09-15 03:02:23 PENDING ig (no IG token - run ig/ig-ensure-token.ps1)
2026-09-15 03:02:23 CYCLE 2026-09-15 03:02:23 :: tg=0/0 fb=0/2 vk=0/0
2026-09-15 03:07:27 FAIL fb golos-banka-2026-09-13 :: PUBLISH golos-banka-2026-09-13 ...
FAIL golos-banka-2026-09-13 -> PAGE=319271621473482
FB_FAIL {"error":{"message":"(#100) 0 does not resolve to a valid user ID","type":"OAuthException","code":100,"fbtrace_id":"ACwsqwowo_IjQcO3A6jnkvf"}}
DONE ok=0 skip=0 fail=1
2026-09-15 03:07:33 FAIL fb vybor-diktora-2026-09-14 :: PUBLISH vybor-diktora-2026-09-14 ...
FAIL vybor-diktora-2026-09-14 -> PAGE=319271621473482
FB_FAIL {"error":{"message":"(#100) 0 does not resolve to a valid user ID","type":"OAuthException","code":100,"fbtrace_id":"AOlGhzAFMaC0q1QjMI_wT06"}}
DONE ok=0 skip=0 fail=1
2026-09-15 03:07:35 PENDING ig (no IG token - run ig/ig-ensure-token.ps1)
2026-09-15 03:07:35 CYCLE 2026-09-15 03:07:35 :: tg=0/0 fb=0/2 vk=0/0
2026-09-15 03:12:39 FAIL fb golos-banka-2026-09-13 :: PUBLISH golos-banka-2026-09-13 ...
FAIL golos-banka-2026-09-13 -> PAGE=319271621473482
FB_FAIL {"error":{"message":"(#100) 0 does not resolve to a valid user ID","type":"OAuthException","code":100,"fbtrace_id":"AcGn9QUXVTKxf3Jj2trcivk"}}
DONE ok=0 skip=0 fail=1
2026-09-15 03:12:45 FAIL fb vybor-diktora-2026-09-14 :: PUBLISH vybor-diktora-2026-09-14 ...
FAIL vybor-diktora-2026-09-14 -> PAGE=319271621473482
FB_FAIL {"error":{"message":"(#100) 0 does not resolve to a valid user ID","type":"OAuthException","code":100,"fbtrace_id":"A7wnVhIJLd3RFPfgDILMOto"}}
DONE ok=0 skip=0 fail=1
2026-09-15 03:12:47 PENDING ig (no IG token - run ig/ig-ensure-token.ps1)
2026-09-15 03:12:47 CYCLE 2026-09-15 03:12:47 :: tg=0/0 fb=0/2 vk=0/0
2026-09-15 03:17:50 FAIL fb golos-banka-2026-09-13 :: PUBLISH golos-banka-2026-09-13 ...
FAIL golos-banka-2026-09-13 -> PAGE=319271621473482
FB_FAIL {"error":{"message":"(#100) 0 does not resolve to a valid user ID","type":"OAuthException","code":100,"fbtrace_id":"ATTsXTX3KL7imaWWv5xNdYF"}}
DONE ok=0 skip=0 fail=1
2026-09-15 03:17:56 FAIL fb vybor-diktora-2026-09-14 :: PUBLISH vybor-diktora-2026-09-14 ...
FAIL vybor-diktora-2026-09-14 -> PAGE=319271621473482
FB_FAIL {"error":{"message":"(#100) 0 does not resolve to a valid user ID","type":"OAuthException","code":100,"fbtrace_id":"ARUyPnoXKEshRdy-DwUjQoK"}}
DONE ok=0 skip=0 fail=1
2026-09-15 03:17:58 PENDING ig (no IG token - run ig/ig-ensure-token.ps1)
2026-09-15 03:17:58 CYCLE 2026-09-15 03:17:58 :: tg=0/0 fb=0/2 vk=0/0
2026-09-15 03:23:02 FAIL fb golos-banka-2026-09-13 :: PUBLISH golos-banka-2026-09-13 ...
FAIL golos-banka-2026-09-13 -> PAGE=319271621473482
FB_FAIL {"error":{"message":"(#100) 0 does not resolve to a valid user ID","type":"OAuthException","code":100,"fbtrace_id":"AMyeD95Vgz4za2kjzI4tEM9"}}
DONE ok=0 skip=0 fail=1
2026-09-15 03:23:08 FAIL fb vybor-diktora-2026-09-14 :: PUBLISH vybor-diktora-2026-09-14 ...
FAIL vybor-diktora-2026-09-14 -> PAGE=319271621473482
FB_FAIL {"error":{"message":"(#100) 0 does not resolve to a valid user ID","type":"OAuthException","code":100,"fbtrace_id":"AlkZqUNE3c62zSStm_mujI2"}}
DONE ok=0 skip=0 fail=1
2026-09-15 03:23:10 PENDING ig (no IG token - run ig/ig-ensure-token.ps1)
2026-09-15 03:23:10 CYCLE 2026-09-15 03:23:10 :: tg=0/0 fb=0/2 vk=0/0
2026-09-15 03:28:15 FAIL fb golos-banka-2026-09-13 :: PUBLISH golos-banka-2026-09-13 ...
FAIL golos-banka-2026-09-13 -> PAGE=319271621473482
FB_FAIL {"error":{"message":"(#100) 0 does not resolve to a valid user ID","type":"OAuthException","code":100,"fbtrace_id":"AYqH4PjigggXZML5-8TvazX"}}
DONE ok=0 skip=0 fail=1
2026-09-15 03:28:21 FAIL fb vybor-diktora-2026-09-14 :: PUBLISH vybor-diktora-2026-09-14 ...
FAIL vybor-diktora-2026-09-14 -> PAGE=319271621473482
FB_FAIL {"error":{"message":"(#100) 0 does not resolve to a valid user ID","type":"OAuthException","code":100,"fbtrace_id":"AHTwmc2-ojauXd5NBMPtkmf"}}
DONE ok=0 skip=0 fail=1
2026-09-15 03:28:23 PENDING ig (no IG token - run ig/ig-ensure-token.ps1)
2026-09-15 03:28:23 CYCLE 2026-09-15 03:28:23 :: tg=0/0 fb=0/2 vk=0/0
2026-09-15 03:33:27 FAIL fb golos-banka-2026-09-13 :: PUBLISH golos-banka-2026-09-13 ...
FAIL golos-banka-2026-09-13 -> PAGE=319271621473482
FB_FAIL {"error":{"message":"(#100) 0 does not resolve to a valid user ID","type":"OAuthException","code":100,"fbtrace_id":"AKWWvl4hHxZoXQGZaq7Rgj_"}}
DONE ok=0 skip=0 fail=1
2026-09-15 03:33:33 FAIL fb vybor-diktora-2026-09-14 :: PUBLISH vybor-diktora-2026-09-14 ...
FAIL vybor-diktora-2026-09-14 -> PAGE=319271621473482
FB_FAIL {"error":{"message":"(#100) 0 does not resolve to a valid user ID","type":"OAuthException","code":100,"fbtrace_id":"A6CPl8Ii_2vU451U4WkKvC7"}}
DONE ok=0 skip=0 fail=1
2026-09-15 03:33:35 PENDING ig (no IG token - run ig/ig-ensure-token.ps1)
2026-09-15 03:33:35 CYCLE 2026-09-15 03:33:35 :: tg=0/0 fb=0/2 vk=0/0
2026-09-15 03:38:39 FAIL fb golos-banka-2026-09-13 :: PUBLISH golos-banka-2026-09-13 ...
FAIL golos-banka-2026-09-13 -> PAGE=319271621473482
FB_FAIL {"error":{"message":"(#100) 0 does not resolve to a valid user ID","type":"OAuthException","code":100,"fbtrace_id":"AofEIPIITf1BvphZAI0106p"}}
DONE ok=0 skip=0 fail=1
2026-09-15 03:38:44 FAIL fb vybor-diktora-2026-09-14 :: PUBLISH vybor-diktora-2026-09-14 ...
FAIL vybor-diktora-2026-09-14 -> PAGE=319271621473482
FB_FAIL {"error":{"message":"(#100) 0 does not resolve to a valid user ID","type":"OAuthException","code":100,"fbtrace_id":"AFllbytBJFAFletoyZEAsim"}}
DONE ok=0 skip=0 fail=1
2026-09-15 03:38:46 PENDING ig (no IG token - run ig/ig-ensure-token.ps1)
2026-09-15 03:38:46 CYCLE 2026-09-15 03:38:46 :: tg=0/0 fb=0/2 vk=0/0
2026-09-15 03:43:50 FAIL fb golos-banka-2026-09-13 :: PUBLISH golos-banka-2026-09-13 ...
FAIL golos-banka-2026-09-13 -> PAGE=319271621473482
FB_FAIL {"error":{"message":"(#100) 0 does not resolve to a valid user ID","type":"OAuthException","code":100,"fbtrace_id":"AAqxIo46pLnshTcQcR7w6bL"}}
DONE ok=0 skip=0 fail=1
2026-09-15 03:43:57 FAIL fb vybor-diktora-2026-09-14 :: PUBLISH vybor-diktora-2026-09-14 ...
FAIL vybor-diktora-2026-09-14 -> PAGE=319271621473482
FB_FAIL {"error":{"message":"(#100) 0 does not resolve to a valid user ID","type":"OAuthException","code":100,"fbtrace_id":"Arw8TluCZHDgo1LjoTYeM22"}}
DONE ok=0 skip=0 fail=1
2026-09-15 03:43:59 PENDING ig (no IG token - run ig/ig-ensure-token.ps1)
2026-09-15 03:43:59 CYCLE 2026-09-15 03:43:59 :: tg=0/0 fb=0/2 vk=0/0
2026-09-15 03:49:03 FAIL fb golos-banka-2026-09-13 :: PUBLISH golos-banka-2026-09-13 ...
FAIL golos-banka-2026-09-13 -> PAGE=319271621473482
FB_FAIL {"error":{"message":"(#100) 0 does not resolve to a valid user ID","type":"OAuthException","code":100,"fbtrace_id":"AfK2TrDfRH-E2kfvp50HsAt"}}
DONE ok=0 skip=0 fail=1
2026-09-15 03:49:09 FAIL fb vybor-diktora-2026-09-14 :: PUBLISH vybor-diktora-2026-09-14 ...
FAIL vybor-diktora-2026-09-14 -> PAGE=319271621473482
FB_FAIL {"error":{"message":"(#100) 0 does not resolve to a valid user ID","type":"OAuthException","code":100,"fbtrace_id":"Adei6Rq35p8YkZRQbmZyoKf"}}
DONE ok=0 skip=0 fail=1
2026-09-15 03:49:11 PENDING ig (no IG token - run ig/ig-ensure-token.ps1)
2026-09-15 03:49:11 CYCLE 2026-09-15 03:49:11 :: tg=0/0 fb=0/2 vk=0/0
2026-09-15 03:54:15 FAIL fb golos-banka-2026-09-13 :: PUBLISH golos-banka-2026-09-13 ...
FAIL golos-banka-2026-09-13 -> PAGE=319271621473482
FB_FAIL {"error":{"message":"(#100) 0 does not resolve to a valid user ID","type":"OAuthException","code":100,"fbtrace_id":"Atcn6rOxTydOsDYDCdUDSUZ"}}
DONE ok=0 skip=0 fail=1
2026-09-15 03:54:21 FAIL fb vybor-diktora-2026-09-14 :: PUBLISH vybor-diktora-2026-09-14 ...
FAIL vybor-diktora-2026-09-14 -> PAGE=319271621473482
FB_FAIL {"error":{"message":"(#100) 0 does not resolve to a valid user ID","type":"OAuthException","code":100,"fbtrace_id":"Agx3ovK-qfiRXDX_DELygyP"}}
DONE ok=0 skip=0 fail=1
2026-09-15 03:54:23 PENDING ig (no IG token - run ig/ig-ensure-token.ps1)
2026-09-15 03:54:23 CYCLE 2026-09-15 03:54:23 :: tg=0/0 fb=0/2 vk=0/0
2026-09-15 03:59:27 FAIL fb golos-banka-2026-09-13 :: PUBLISH golos-banka-2026-09-13 ...
FAIL golos-banka-2026-09-13 -> PAGE=319271621473482
FB_FAIL {"error":{"message":"(#100) 0 does not resolve to a valid user ID","type":"OAuthException","code":100,"fbtrace_id":"ANDY_qPKU34VDlQYue-Vglg"}}
DONE ok=0 skip=0 fail=1
2026-09-15 03:59:32 FAIL fb vybor-diktora-2026-09-14 :: PUBLISH vybor-diktora-2026-09-14 ...
FAIL vybor-diktora-2026-09-14 -> PAGE=319271621473482
FB_FAIL {"error":{"message":"(#100) 0 does not resolve to a valid user ID","type":"OAuthException","code":100,"fbtrace_id":"ASi4KbgPxBtTtPnx8-FTbfj"}}
DONE ok=0 skip=0 fail=1
2026-09-15 03:59:34 PENDING ig (no IG token - run ig/ig-ensure-token.ps1)
2026-09-15 03:59:34 CYCLE 2026-09-15 03:59:34 :: tg=0/0 fb=0/2 vk=0/0
2026-09-15 04:04:38 FAIL fb golos-banka-2026-09-13 :: PUBLISH golos-banka-2026-09-13 ...
FAIL golos-banka-2026-09-13 -> PAGE=319271621473482
FB_FAIL {"error":{"message":"(#100) 0 does not resolve to a valid user ID","type":"OAuthException","code":100,"fbtrace_id":"Abw0JKfOPFApPAx0olLgfpe"}}
DONE ok=0 skip=0 fail=1
2026-09-15 04:04:44 FAIL fb vybor-diktora-2026-09-14 :: PUBLISH vybor-diktora-2026-09-14 ...
FAIL vybor-diktora-2026-09-14 -> PAGE=319271621473482
FB_FAIL {"error":{"message":"(#100) 0 does not resolve to a valid user ID","type":"OAuthException","code":100,"fbtrace_id":"AllNmm48GOfZAGOopth_gF3"}}
DONE ok=0 skip=0 fail=1
2026-09-15 04:04:46 PENDING ig (no IG token - run ig/ig-ensure-token.ps1)
2026-09-15 04:04:46 CYCLE 2026-09-15 04:04:46 :: tg=0/0 fb=0/2 vk=0/0
2026-09-15 04:09:50 FAIL fb golos-banka-2026-09-13 :: PUBLISH golos-banka-2026-09-13 ...
FAIL golos-banka-2026-09-13 -> PAGE=319271621473482
FB_FAIL {"error":{"message":"(#100) 0 does not resolve to a valid user ID","type":"OAuthException","code":100,"fbtrace_id":"AgiDfbSNYTqJhuw7-vWxgDo"}}
DONE ok=0 skip=0 fail=1
2026-09-15 04:09:56 FAIL fb vybor-diktora-2026-09-14 :: PUBLISH vybor-diktora-2026-09-14 ...
FAIL vybor-diktora-2026-09-14 -> PAGE=319271621473482
FB_FAIL {"error":{"message":"(#100) 0 does not resolve to a valid user ID","type":"OAuthException","code":100,"fbtrace_id":"AQEj8IiWOzpPYGKWj1-Prbp"}}
DONE ok=0 skip=0 fail=1
2026-09-15 04:09:58 PENDING ig (no IG token - run ig/ig-ensure-token.ps1)
2026-09-15 04:09:58 CYCLE 2026-09-15 04:09:58 :: tg=0/0 fb=0/2 vk=0/0
2026-09-15 04:15:02 FAIL fb golos-banka-2026-09-13 :: PUBLISH golos-banka-2026-09-13 ...
FAIL golos-banka-2026-09-13 -> PAGE=319271621473482
FB_FAIL {"error":{"message":"(#100) 0 does not resolve to a valid user ID","type":"OAuthException","code":100,"fbtrace_id":"AqGN6N1HpteMO7gzwGIJJoT"}}
DONE ok=0 skip=0 fail=1
2026-09-15 04:15:08 FAIL fb vybor-diktora-2026-09-14 :: PUBLISH vybor-diktora-2026-09-14 ...
FAIL vybor-diktora-2026-09-14 -> PAGE=319271621473482
FB_FAIL {"error":{"message":"(#100) 0 does not resolve to a valid user ID","type":"OAuthException","code":100,"fbtrace_id":"AWjH8rY2mlgMg5Z5lhWp2Ja"}}
DONE ok=0 skip=0 fail=1
2026-09-15 04:15:10 PENDING ig (no IG token - run ig/ig-ensure-token.ps1)
2026-09-15 04:15:10 CYCLE 2026-09-15 04:15:10 :: tg=0/0 fb=0/2 vk=0/0
2026-09-15 04:20:14 FAIL fb golos-banka-2026-09-13 :: PUBLISH golos-banka-2026-09-13 ...
FAIL golos-banka-2026-09-13 -> PAGE=319271621473482
FB_FAIL {"error":{"message":"(#100) 0 does not resolve to a valid user ID","type":"OAuthException","code":100,"fbtrace_id":"APhDScGiz-Fr0BTMTq2K_rM"}}
DONE ok=0 skip=0 fail=1
2026-09-15 04:20:19 FAIL fb vybor-diktora-2026-09-14 :: PUBLISH vybor-diktora-2026-09-14 ...
FAIL vybor-diktora-2026-09-14 -> PAGE=319271621473482
FB_FAIL {"error":{"message":"(#100) 0 does not resolve to a valid user ID","type":"OAuthException","code":100,"fbtrace_id":"Ap1rHz2TknW_74IHE8uHZma"}}
DONE ok=0 skip=0 fail=1
2026-09-15 04:20:21 PENDING ig (no IG token - run ig/ig-ensure-token.ps1)
2026-09-15 04:20:21 CYCLE 2026-09-15 04:20:21 :: tg=0/0 fb=0/2 vk=0/0
2026-09-15 04:25:25 FAIL fb golos-banka-2026-09-13 :: PUBLISH golos-banka-2026-09-13 ...
FAIL golos-banka-2026-09-13 -> PAGE=319271621473482
FB_FAIL {"error":{"message":"(#100) 0 does not resolve to a valid user ID","type":"OAuthException","code":100,"fbtrace_id":"Agixw6aS3-6gp45qIEOhJaI"}}
DONE ok=0 skip=0 fail=1
2026-09-15 04:25:31 FAIL fb vybor-diktora-2026-09-14 :: PUBLISH vybor-diktora-2026-09-14 ...
FAIL vybor-diktora-2026-09-14 -> PAGE=319271621473482
FB_FAIL {"error":{"message":"(#100) 0 does not resolve to a valid user ID","type":"OAuthException","code":100,"fbtrace_id":"AoUsceijfu8swPS5NlgCoju"}}
DONE ok=0 skip=0 fail=1
2026-09-15 04:25:33 PENDING ig (no IG token - run ig/ig-ensure-token.ps1)
2026-09-15 04:25:33 CYCLE 2026-09-15 04:25:33 :: tg=0/0 fb=0/2 vk=0/0
2026-09-15 04:30:37 FAIL fb golos-banka-2026-09-13 :: PUBLISH golos-banka-2026-09-13 ...
FAIL golos-banka-2026-09-13 -> PAGE=319271621473482
FB_FAIL {"error":{"message":"(#100) 0 does not resolve to a valid user ID","type":"OAuthException","code":100,"fbtrace_id":"Auk6q5evTTVv2d23vOZECO-"}}
DONE ok=0 skip=0 fail=1
2026-09-15 04:30:43 FAIL fb vybor-diktora-2026-09-14 :: PUBLISH vybor-diktora-2026-09-14 ...
FAIL vybor-diktora-2026-09-14 -> PAGE=319271621473482
FB_FAIL {"error":{"message":"(#100) 0 does not resolve to a valid user ID","type":"OAuthException","code":100,"fbtrace_id":"AiSWPOSgP5Az1qWhDQf11ul"}}
DONE ok=0 skip=0 fail=1
2026-09-15 04:30:45 PENDING ig (no IG token - run ig/ig-ensure-token.ps1)
2026-09-15 04:30:45 CYCLE 2026-09-15 04:30:45 :: tg=0/0 fb=0/2 vk=0/0
2026-09-15 04:35:49 FAIL fb golos-banka-2026-09-13 :: PUBLISH golos-banka-2026-09-13 ...
FAIL golos-banka-2026-09-13 -> PAGE=319271621473482
FB_FAIL {"error":{"message":"(#100) 0 does not resolve to a valid user ID","type":"OAuthException","code":100,"fbtrace_id":"ARaz7J9sk0SCDG562dbCg79"}}
DONE ok=0 skip=0 fail=1
2026-09-15 04:35:55 FAIL fb vybor-diktora-2026-09-14 :: PUBLISH vybor-diktora-2026-09-14 ...
FAIL vybor-diktora-2026-09-14 -> PAGE=319271621473482
FB_FAIL {"error":{"message":"(#100) 0 does not resolve to a valid user ID","type":"OAuthException","code":100,"fbtrace_id":"A0Ssn5iohc3gqRiS_JkQG_N"}}
DONE ok=0 skip=0 fail=1
2026-09-15 04:35:57 PENDING ig (no IG token - run ig/ig-ensure-token.ps1)
2026-09-15 04:35:57 CYCLE 2026-09-15 04:35:57 :: tg=0/0 fb=0/2 vk=0/0
2026-09-15 04:41:01 FAIL fb golos-banka-2026-09-13 :: PUBLISH golos-banka-2026-09-13 ...
FAIL golos-banka-2026-09-13 -> PAGE=319271621473482
FB_FAIL {"error":{"message":"(#100) 0 does not resolve to a valid user ID","type":"OAuthException","code":100,"fbtrace_id":"AhzhSAKOa4TrgDrP7k9VEUF"}}
DONE ok=0 skip=0 fail=1
2026-09-15 04:41:06 FAIL fb vybor-diktora-2026-09-14 :: PUBLISH vybor-diktora-2026-09-14 ...
FAIL vybor-diktora-2026-09-14 -> PAGE=319271621473482
FB_FAIL {"error":{"message":"(#100) 0 does not resolve to a valid user ID","type":"OAuthException","code":100,"fbtrace_id":"AJvYVmJSe3RX_1jAZBz-xmg"}}
DONE ok=0 skip=0 fail=1
2026-09-15 04:41:08 PENDING ig (no IG token - run ig/ig-ensure-token.ps1)
2026-09-15 04:41:08 CYCLE 2026-09-15 04:41:08 :: tg=0/0 fb=0/2 vk=0/0
2026-09-15 04:46:12 FAIL fb golos-banka-2026-09-13 :: PUBLISH golos-banka-2026-09-13 ...
FAIL golos-banka-2026-09-13 -> PAGE=319271621473482
FB_FAIL {"error":{"message":"(#100) 0 does not resolve to a valid user ID","type":"OAuthException","code":100,"fbtrace_id":"ASiMpuoXvSVLGKUZVFXVlMh"}}
DONE ok=0 skip=0 fail=1
2026-09-15 04:46:18 FAIL fb vybor-diktora-2026-09-14 :: PUBLISH vybor-diktora-2026-09-14 ...
FAIL vybor-diktora-2026-09-14 -> PAGE=319271621473482
FB_FAIL {"error":{"message":"(#100) 0 does not resolve to a valid user ID","type":"OAuthException","code":100,"fbtrace_id":"AtKk19Opf9VPLTMDwoe-K_p"}}
DONE ok=0 skip=0 fail=1
2026-09-15 04:46:20 PENDING ig (no IG token - run ig/ig-ensure-token.ps1)
2026-09-15 04:46:20 CYCLE 2026-09-15 04:46:20 :: tg=0/0 fb=0/2 vk=0/0
2026-09-15 04:51:24 FAIL fb golos-banka-2026-09-13 :: PUBLISH golos-banka-2026-09-13 ...
FAIL golos-banka-2026-09-13 -> PAGE=319271621473482
FB_FAIL {"error":{"message":"(#100) 0 does not resolve to a valid user ID","type":"OAuthException","code":100,"fbtrace_id":"AAtn1NoUbDBjci1O8zweOQf"}}
DONE ok=0 skip=0 fail=1
2026-09-15 04:51:30 FAIL fb vybor-diktora-2026-09-14 :: PUBLISH vybor-diktora-2026-09-14 ...
FAIL vybor-diktora-2026-09-14 -> PAGE=319271621473482
FB_FAIL {"error":{"message":"(#100) 0 does not resolve to a valid user ID","type":"OAuthException","code":100,"fbtrace_id":"Amj4XsBO0D7cwnPlxnZD-iX"}}
DONE ok=0 skip=0 fail=1
2026-09-15 04:51:32 PENDING ig (no IG token - run ig/ig-ensure-token.ps1)
2026-09-15 04:51:32 CYCLE 2026-09-15 04:51:32 :: tg=0/0 fb=0/2 vk=0/0
2026-09-15 04:56:37 FAIL fb golos-banka-2026-09-13 :: PUBLISH golos-banka-2026-09-13 ...
FAIL golos-banka-2026-09-13 -> PAGE=319271621473482
FB_FAIL {"error":{"message":"(#100) 0 does not resolve to a valid user ID","type":"OAuthException","code":100,"fbtrace_id":"AcSk_KwKGyiPJMj-FCkO6iE"}}
DONE ok=0 skip=0 fail=1
2026-09-15 04:56:43 FAIL fb vybor-diktora-2026-09-14 :: PUBLISH vybor-diktora-2026-09-14 ...
FAIL vybor-diktora-2026-09-14 -> PAGE=319271621473482
FB_FAIL {"error":{"message":"(#100) 0 does not resolve to a valid user ID","type":"OAuthException","code":100,"fbtrace_id":"AKLoUbFOLoVkdGC-53gVm0t"}}
DONE ok=0 skip=0 fail=1
2026-09-15 04:56:45 PENDING ig (no IG token - run ig/ig-ensure-token.ps1)
2026-09-15 04:56:45 CYCLE 2026-09-15 04:56:45 :: tg=0/0 fb=0/2 vk=0/0
2026-09-15 05:01:49 FAIL fb golos-banka-2026-09-13 :: PUBLISH golos-banka-2026-09-13 ...
FAIL golos-banka-2026-09-13 -> PAGE=319271621473482
FB_FAIL {"error":{"message":"(#100) 0 does not resolve to a valid user ID","type":"OAuthException","code":100,"fbtrace_id":"AppkTywl6y0uTFK3EHmRNTs"}}
DONE ok=0 skip=0 fail=1
2026-09-15 05:01:54 FAIL fb vybor-diktora-2026-09-14 :: PUBLISH vybor-diktora-2026-09-14 ...
FAIL vybor-diktora-2026-09-14 -> PAGE=319271621473482
FB_FAIL {"error":{"message":"(#100) 0 does not resolve to a valid user ID","type":"OAuthException","code":100,"fbtrace_id":"A1mNpaIN3S-Ipwpcrwv-njf"}}
DONE ok=0 skip=0 fail=1
2026-09-15 05:01:56 PENDING ig (no IG token - run ig/ig-ensure-token.ps1)
2026-09-15 05:01:56 CYCLE 2026-09-15 05:01:56 :: tg=0/0 fb=0/2 vk=0/0
2026-09-15 05:07:00 FAIL fb golos-banka-2026-09-13 :: PUBLISH golos-banka-2026-09-13 ...
FAIL golos-banka-2026-09-13 -> PAGE=319271621473482
FB_FAIL {"error":{"message":"(#100) 0 does not resolve to a valid user ID","type":"OAuthException","code":100,"fbtrace_id":"AHeButAcuYjBuanQAfSEWNK"}}
DONE ok=0 skip=0 fail=1
2026-09-15 05:07:06 FAIL fb vybor-diktora-2026-09-14 :: PUBLISH vybor-diktora-2026-09-14 ...
FAIL vybor-diktora-2026-09-14 -> PAGE=319271621473482
FB_FAIL {"error":{"message":"(#100) 0 does not resolve to a valid user ID","type":"OAuthException","code":100,"fbtrace_id":"Afqt4o7-kbyLYVjJBB2AOR6"}}
DONE ok=0 skip=0 fail=1
2026-09-15 05:07:08 PENDING ig (no IG token - run ig/ig-ensure-token.ps1)
2026-09-15 05:07:08 CYCLE 2026-09-15 05:07:08 :: tg=0/0 fb=0/2 vk=0/0
2026-09-15 05:12:12 FAIL fb golos-banka-2026-09-13 :: PUBLISH golos-banka-2026-09-13 ...
FAIL golos-banka-2026-09-13 -> PAGE=319271621473482
FB_FAIL {"error":{"message":"(#100) 0 does not resolve to a valid user ID","type":"OAuthException","code":100,"fbtrace_id":"AuA3TXX_ohGT3MKILWK5Kuu"}}
DONE ok=0 skip=0 fail=1
2026-09-15 05:12:18 FAIL fb vybor-diktora-2026-09-14 :: PUBLISH vybor-diktora-2026-09-14 ...
FAIL vybor-diktora-2026-09-14 -> PAGE=319271621473482
FB_FAIL {"error":{"message":"(#100) 0 does not resolve to a valid user ID","type":"OAuthException","code":100,"fbtrace_id":"ALHqXaDEnIch9mLQfytR9k1"}}
DONE ok=0 skip=0 fail=1
2026-09-15 05:12:20 PENDING ig (no IG token - run ig/ig-ensure-token.ps1)
2026-09-15 05:12:20 CYCLE 2026-09-15 05:12:20 :: tg=0/0 fb=0/2 vk=0/0
2026-09-15 05:17:24 FAIL fb golos-banka-2026-09-13 :: PUBLISH golos-banka-2026-09-13 ...
FAIL golos-banka-2026-09-13 -> PAGE=319271621473482
FB_FAIL {"error":{"message":"(#100) 0 does not resolve to a valid user ID","type":"OAuthException","code":100,"fbtrace_id":"Alnb5QmUe6dr6ck9zh0Veus"}}
DONE ok=0 skip=0 fail=1
2026-09-15 05:17:30 FAIL fb vybor-diktora-2026-09-14 :: PUBLISH vybor-diktora-2026-09-14 ...
FAIL vybor-diktora-2026-09-14 -> PAGE=319271621473482
FB_FAIL {"error":{"message":"(#100) 0 does not resolve to a valid user ID","type":"OAuthException","code":100,"fbtrace_id":"AnM2U9u2yVkQNoOKmz6uJHU"}}
DONE ok=0 skip=0 fail=1
2026-09-15 05:17:32 PENDING ig (no IG token - run ig/ig-ensure-token.ps1)
2026-09-15 05:17:32 CYCLE 2026-09-15 05:17:32 :: tg=0/0 fb=0/2 vk=0/0
2026-09-15 05:22:36 FAIL fb golos-banka-2026-09-13 :: PUBLISH golos-banka-2026-09-13 ...
FAIL golos-banka-2026-09-13 -> PAGE=319271621473482
FB_FAIL {"error":{"message":"(#100) 0 does not resolve to a valid user ID","type":"OAuthException","code":100,"fbtrace_id":"AYruLLs3F0GX0DPlIDnMmNC"}}
DONE ok=0 skip=0 fail=1
2026-09-15 05:22:41 FAIL fb vybor-diktora-2026-09-14 :: PUBLISH vybor-diktora-2026-09-14 ...
FAIL vybor-diktora-2026-09-14 -> PAGE=319271621473482
FB_FAIL {"error":{"message":"(#100) 0 does not resolve to a valid user ID","type":"OAuthException","code":100,"fbtrace_id":"AOd5Ck4wRArlvmxv_d8NYhw"}}
DONE ok=0 skip=0 fail=1
2026-09-15 05:22:43 PENDING ig (no IG token - run ig/ig-ensure-token.ps1)
2026-09-15 05:22:43 CYCLE 2026-09-15 05:22:43 :: tg=0/0 fb=0/2 vk=0/0
2026-09-15 05:27:47 FAIL fb golos-banka-2026-09-13 :: PUBLISH golos-banka-2026-09-13 ...
FAIL golos-banka-2026-09-13 -> PAGE=319271621473482
FB_FAIL {"error":{"message":"(#100) 0 does not resolve to a valid user ID","type":"OAuthException","code":100,"fbtrace_id":"ALBnHf10LPgJJ7vm4XtkMWw"}}
DONE ok=0 skip=0 fail=1
2026-09-15 05:27:53 FAIL fb vybor-diktora-2026-09-14 :: PUBLISH vybor-diktora-2026-09-14 ...
FAIL vybor-diktora-2026-09-14 -> PAGE=319271621473482
FB_FAIL {"error":{"message":"(#100) 0 does not resolve to a valid user ID","type":"OAuthException","code":100,"fbtrace_id":"ADuCLSdFBLnHNm284iYzTk3"}}
DONE ok=0 skip=0 fail=1
2026-09-15 05:27:55 PENDING ig (no IG token - run ig/ig-ensure-token.ps1)
2026-09-15 05:27:55 CYCLE 2026-09-15 05:27:55 :: tg=0/0 fb=0/2 vk=0/0
2026-09-15 05:32:59 FAIL fb golos-banka-2026-09-13 :: PUBLISH golos-banka-2026-09-13 ...
FAIL golos-banka-2026-09-13 -> PAGE=319271621473482
FB_FAIL {"error":{"message":"(#100) 0 does not resolve to a valid user ID","type":"OAuthException","code":100,"fbtrace_id":"AEabmYy983tBcaYaIPjzMRa"}}
DONE ok=0 skip=0 fail=1
2026-09-15 05:33:05 FAIL fb vybor-diktora-2026-09-14 :: PUBLISH vybor-diktora-2026-09-14 ...
FAIL vybor-diktora-2026-09-14 -> PAGE=319271621473482
FB_FAIL {"error":{"message":"(#100) 0 does not resolve to a valid user ID","type":"OAuthException","code":100,"fbtrace_id":"AI3PWMPL4doQ8wqg-Gd2ENv"}}
DONE ok=0 skip=0 fail=1
2026-09-15 05:33:07 PENDING ig (no IG token - run ig/ig-ensure-token.ps1)
2026-09-15 05:33:07 CYCLE 2026-09-15 05:33:07 :: tg=0/0 fb=0/2 vk=0/0
2026-09-15 05:38:11 FAIL fb golos-banka-2026-09-13 :: PUBLISH golos-banka-2026-09-13 ...
FAIL golos-banka-2026-09-13 -> PAGE=319271621473482
FB_FAIL {"error":{"message":"(#100) 0 does not resolve to a valid user ID","type":"OAuthException","code":100,"fbtrace_id":"APQb9jUyrGv_OEsoLlPAJMJ"}}
DONE ok=0 skip=0 fail=1
2026-09-15 05:38:17 FAIL fb vybor-diktora-2026-09-14 :: PUBLISH vybor-diktora-2026-09-14 ...
FAIL vybor-diktora-2026-09-14 -> PAGE=319271621473482
FB_FAIL {"error":{"message":"(#100) 0 does not resolve to a valid user ID","type":"OAuthException","code":100,"fbtrace_id":"APLrpR4IbY-Evq0pEGKhh5Q"}}
DONE ok=0 skip=0 fail=1
2026-09-15 05:38:19 PENDING ig (no IG token - run ig/ig-ensure-token.ps1)
2026-09-15 05:38:19 CYCLE 2026-09-15 05:38:19 :: tg=0/0 fb=0/2 vk=0/0
2026-09-15 05:43:23 FAIL fb golos-banka-2026-09-13 :: PUBLISH golos-banka-2026-09-13 ...
FAIL golos-banka-2026-09-13 -> PAGE=319271621473482
FB_FAIL {"error":{"message":"(#100) 0 does not resolve to a valid user ID","type":"OAuthException","code":100,"fbtrace_id":"Atz-WMVMHYisDbtb4LwjF1o"}}
DONE ok=0 skip=0 fail=1
2026-09-15 05:43:29 FAIL fb vybor-diktora-2026-09-14 :: PUBLISH vybor-diktora-2026-09-14 ...
FAIL vybor-diktora-2026-09-14 -> PAGE=319271621473482
FB_FAIL {"error":{"message":"(#100) 0 does not resolve to a valid user ID","type":"OAuthException","code":100,"fbtrace_id":"AHFd_7dw70fyNOZ4DtF0pCg"}}
DONE ok=0 skip=0 fail=1
2026-09-15 05:43:31 PENDING ig (no IG token - run ig/ig-ensure-token.ps1)
2026-09-15 05:43:31 CYCLE 2026-09-15 05:43:31 :: tg=0/0 fb=0/2 vk=0/0
2026-09-15 05:48:34 FAIL fb golos-banka-2026-09-13 :: PUBLISH golos-banka-2026-09-13 ...
FAIL golos-banka-2026-09-13 -> PAGE=319271621473482
FB_FAIL {"error":{"message":"(#100) 0 does not resolve to a valid user ID","type":"OAuthException","code":100,"fbtrace_id":"A4u8PiAIt59KA2qXK6A8fFn"}}
DONE ok=0 skip=0 fail=1
2026-09-15 05:48:40 FAIL fb vybor-diktora-2026-09-14 :: PUBLISH vybor-diktora-2026-09-14 ...
FAIL vybor-diktora-2026-09-14 -> PAGE=319271621473482
FB_FAIL {"error":{"message":"(#100) 0 does not resolve to a valid user ID","type":"OAuthException","code":100,"fbtrace_id":"A19diEbBlz4MTT1Bc9cKZrP"}}
DONE ok=0 skip=0 fail=1
2026-09-15 05:48:42 PENDING ig (no IG token - run ig/ig-ensure-token.ps1)
2026-09-15 05:48:42 CYCLE 2026-09-15 05:48:42 :: tg=0/0 fb=0/2 vk=0/0
2026-09-15 05:53:46 FAIL fb golos-banka-2026-09-13 :: PUBLISH golos-banka-2026-09-13 ...
FAIL golos-banka-2026-09-13 -> PAGE=319271621473482
FB_FAIL {"error":{"message":"(#100) 0 does not resolve to a valid user ID","type":"OAuthException","code":100,"fbtrace_id":"AHcPduIbauEm_E3t36TxSAL"}}
DONE ok=0 skip=0 fail=1
2026-09-15 05:53:52 FAIL fb vybor-diktora-2026-09-14 :: PUBLISH vybor-diktora-2026-09-14 ...
FAIL vybor-diktora-2026-09-14 -> PAGE=319271621473482
FB_FAIL {"error":{"message":"(#100) 0 does not resolve to a valid user ID","type":"OAuthException","code":100,"fbtrace_id":"A3rqC2LuUSDGdZ1bw264S7M"}}
DONE ok=0 skip=0 fail=1
2026-09-15 05:53:54 PENDING ig (no IG token - run ig/ig-ensure-token.ps1)
2026-09-15 05:53:54 CYCLE 2026-09-15 05:53:54 :: tg=0/0 fb=0/2 vk=0/0
2026-09-15 05:58:58 FAIL fb golos-banka-2026-09-13 :: PUBLISH golos-banka-2026-09-13 ...
FAIL golos-banka-2026-09-13 -> PAGE=319271621473482
FB_FAIL {"error":{"message":"(#100) 0 does not resolve to a valid user ID","type":"OAuthException","code":100,"fbtrace_id":"A8LVZ_Mg3pXkkayDnlDEa5c"}}
DONE ok=0 skip=0 fail=1
2026-09-15 05:59:04 FAIL fb vybor-diktora-2026-09-14 :: PUBLISH vybor-diktora-2026-09-14 ...
FAIL vybor-diktora-2026-09-14 -> PAGE=319271621473482
FB_FAIL {"error":{"message":"(#100) 0 does not resolve to a valid user ID","type":"OAuthException","code":100,"fbtrace_id":"AXytMhabiMZk-wJTSWu1Ilq"}}
DONE ok=0 skip=0 fail=1
2026-09-15 05:59:06 PENDING ig (no IG token - run ig/ig-ensure-token.ps1)
2026-09-15 05:59:06 CYCLE 2026-09-15 05:59:06 :: tg=0/0 fb=0/2 vk=0/0
2026-09-15 06:04:10 FAIL fb golos-banka-2026-09-13 :: PUBLISH golos-banka-2026-09-13 ...
FAIL golos-banka-2026-09-13 -> PAGE=319271621473482
FB_FAIL {"error":{"message":"(#100) 0 does not resolve to a valid user ID","type":"OAuthException","code":100,"fbtrace_id":"AWXbceG9VJV2LipJUzomU9g"}}
DONE ok=0 skip=0 fail=1
2026-09-15 06:04:15 FAIL fb vybor-diktora-2026-09-14 :: PUBLISH vybor-diktora-2026-09-14 ...
FAIL vybor-diktora-2026-09-14 -> PAGE=319271621473482
FB_FAIL {"error":{"message":"(#100) 0 does not resolve to a valid user ID","type":"OAuthException","code":100,"fbtrace_id":"AuaTHeV4N3E3sTNHMfBToW4"}}
DONE ok=0 skip=0 fail=1
2026-09-15 06:04:17 PENDING ig (no IG token - run ig/ig-ensure-token.ps1)
2026-09-15 06:04:17 CYCLE 2026-09-15 06:04:17 :: tg=0/0 fb=0/2 vk=0/0
2026-09-15 06:09:21 FAIL fb golos-banka-2026-09-13 :: PUBLISH golos-banka-2026-09-13 ...
FAIL golos-banka-2026-09-13 -> PAGE=319271621473482
FB_FAIL {"error":{"message":"(#100) 0 does not resolve to a valid user ID","type":"OAuthException","code":100,"fbtrace_id":"Amqbl2YFFiRVQnpNbRy3AFA"}}
DONE ok=0 skip=0 fail=1
2026-09-15 06:09:27 FAIL fb vybor-diktora-2026-09-14 :: PUBLISH vybor-diktora-2026-09-14 ...
FAIL vybor-diktora-2026-09-14 -> PAGE=319271621473482
FB_FAIL {"error":{"message":"(#100) 0 does not resolve to a valid user ID","type":"OAuthException","code":100,"fbtrace_id":"AjnrxWFyaf4dsBS9eFMa6Pg"}}
DONE ok=0 skip=0 fail=1
2026-09-15 06:09:29 PENDING ig (no IG token - run ig/ig-ensure-token.ps1)
2026-09-15 06:09:29 CYCLE 2026-09-15 06:09:29 :: tg=0/0 fb=0/2 vk=0/0
2026-09-15 06:14:33 FAIL fb golos-banka-2026-09-13 :: PUBLISH golos-banka-2026-09-13 ...
FAIL golos-banka-2026-09-13 -> PAGE=319271621473482
FB_FAIL {"error":{"message":"(#100) 0 does not resolve to a valid user ID","type":"OAuthException","code":100,"fbtrace_id":"AVbbIs_7_dV7Tsxj3sUVQHA"}}
DONE ok=0 skip=0 fail=1
2026-09-15 06:14:39 FAIL fb vybor-diktora-2026-09-14 :: PUBLISH vybor-diktora-2026-09-14 ...
FAIL vybor-diktora-2026-09-14 -> PAGE=319271621473482
FB_FAIL {"error":{"message":"(#100) 0 does not resolve to a valid user ID","type":"OAuthException","code":100,"fbtrace_id":"A1rEtBzrSPfac5bFkRbfuag"}}
DONE ok=0 skip=0 fail=1
2026-09-15 06:14:41 PENDING ig (no IG token - run ig/ig-ensure-token.ps1)
2026-09-15 06:14:41 CYCLE 2026-09-15 06:14:41 :: tg=0/0 fb=0/2 vk=0/0
2026-09-15 06:19:45 FAIL fb golos-banka-2026-09-13 :: PUBLISH golos-banka-2026-09-13 ...
FAIL golos-banka-2026-09-13 -> PAGE=319271621473482
FB_FAIL {"error":{"message":"(#100) 0 does not resolve to a valid user ID","type":"OAuthException","code":100,"fbtrace_id":"AJTn2tU0uK8SegwjkIvQo2w"}}
DONE ok=0 skip=0 fail=1
2026-09-15 06:19:51 FAIL fb vybor-diktora-2026-09-14 :: PUBLISH vybor-diktora-2026-09-14 ...
FAIL vybor-diktora-2026-09-14 -> PAGE=319271621473482
FB_FAIL {"error":{"message":"(#100) 0 does not resolve to a valid user ID","type":"OAuthException","code":100,"fbtrace_id":"A5m2LMBDV66O-6tbGFpxwwj"}}
DONE ok=0 skip=0 fail=1
2026-09-15 06:19:53 PENDING ig (no IG token - run ig/ig-ensure-token.ps1)
2026-09-15 06:19:53 CYCLE 2026-09-15 06:19:53 :: tg=0/0 fb=0/2 vk=0/0
2026-09-15 06:24:57 FAIL fb golos-banka-2026-09-13 :: PUBLISH golos-banka-2026-09-13 ...
FAIL golos-banka-2026-09-13 -> PAGE=319271621473482
FB_FAIL {"error":{"message":"(#100) 0 does not resolve to a valid user ID","type":"OAuthException","code":100,"fbtrace_id":"ASSodtpizVLrrK2WNB7duYn"}}
DONE ok=0 skip=0 fail=1
2026-09-15 06:25:03 FAIL fb vybor-diktora-2026-09-14 :: PUBLISH vybor-diktora-2026-09-14 ...
FAIL vybor-diktora-2026-09-14 -> PAGE=319271621473482
FB_FAIL {"error":{"message":"(#100) 0 does not resolve to a valid user ID","type":"OAuthException","code":100,"fbtrace_id":"AUzJTXA_4NCGXKFVD7Txo7d"}}
DONE ok=0 skip=0 fail=1
2026-09-15 06:25:05 PENDING ig (no IG token - run ig/ig-ensure-token.ps1)
2026-09-15 06:25:05 CYCLE 2026-09-15 06:25:05 :: tg=0/0 fb=0/2 vk=0/0
2026-09-15 06:30:09 FAIL fb golos-banka-2026-09-13 :: PUBLISH golos-banka-2026-09-13 ...
FAIL golos-banka-2026-09-13 -> PAGE=319271621473482
FB_FAIL {"error":{"message":"(#100) 0 does not resolve to a valid user ID","type":"OAuthException","code":100,"fbtrace_id":"A1hNYMxoAzq2b-vwULfmBKH"}}
DONE ok=0 skip=0 fail=1
2026-09-15 06:30:14 FAIL fb vybor-diktora-2026-09-14 :: PUBLISH vybor-diktora-2026-09-14 ...
FAIL vybor-diktora-2026-09-14 -> PAGE=319271621473482
FB_FAIL {"error":{"message":"(#100) 0 does not resolve to a valid user ID","type":"OAuthException","code":100,"fbtrace_id":"Ax71IijMsr047eLKPDa5z45"}}
DONE ok=0 skip=0 fail=1
2026-09-15 06:30:16 PENDING ig (no IG token - run ig/ig-ensure-token.ps1)
2026-09-15 06:30:16 CYCLE 2026-09-15 06:30:16 :: tg=0/0 fb=0/2 vk=0/0
2026-09-15 06:35:20 FAIL fb golos-banka-2026-09-13 :: PUBLISH golos-banka-2026-09-13 ...
FAIL golos-banka-2026-09-13 -> PAGE=319271621473482
FB_FAIL {"error":{"message":"(#100) 0 does not resolve to a valid user ID","type":"OAuthException","code":100,"fbtrace_id":"AAgU0wNDfyJNGq-BU1XS55f"}}
DONE ok=0 skip=0 fail=1
2026-09-15 06:35:26 FAIL fb vybor-diktora-2026-09-14 :: PUBLISH vybor-diktora-2026-09-14 ...
FAIL vybor-diktora-2026-09-14 -> PAGE=319271621473482
FB_FAIL {"error":{"message":"(#100) 0 does not resolve to a valid user ID","type":"OAuthException","code":100,"fbtrace_id":"AwhptER8GX66L_TXt26Zuan"}}
DONE ok=0 skip=0 fail=1
2026-09-15 06:35:28 PENDING ig (no IG token - run ig/ig-ensure-token.ps1)
2026-09-15 06:35:28 CYCLE 2026-09-15 06:35:28 :: tg=0/0 fb=0/2 vk=0/0
2026-09-15 06:40:32 FAIL fb golos-banka-2026-09-13 :: PUBLISH golos-banka-2026-09-13 ...
FAIL golos-banka-2026-09-13 -> PAGE=319271621473482
FB_FAIL {"error":{"message":"(#100) 0 does not resolve to a valid user ID","type":"OAuthException","code":100,"fbtrace_id":"AXgR6beBAWK_uf7sFCwEXoe"}}
DONE ok=0 skip=0 fail=1
2026-09-15 06:40:38 FAIL fb vybor-diktora-2026-09-14 :: PUBLISH vybor-diktora-2026-09-14 ...
FAIL vybor-diktora-2026-09-14 -> PAGE=319271621473482
FB_FAIL {"error":{"message":"(#100) 0 does not resolve to a valid user ID","type":"OAuthException","code":100,"fbtrace_id":"A_2Jji-odTC8mGHt5l635_o"}}
DONE ok=0 skip=0 fail=1
2026-09-15 06:40:40 PENDING ig (no IG token - run ig/ig-ensure-token.ps1)
2026-09-15 06:40:40 CYCLE 2026-09-15 06:40:40 :: tg=0/0 fb=0/2 vk=0/0
2026-09-15 06:45:44 FAIL fb golos-banka-2026-09-13 :: PUBLISH golos-banka-2026-09-13 ...
FAIL golos-banka-2026-09-13 -> PAGE=319271621473482
FB_FAIL {"error":{"message":"(#100) 0 does not resolve to a valid user ID","type":"OAuthException","code":100,"fbtrace_id":"AmyoKNP-XAf3YkeHjEWQPra"}}
DONE ok=0 skip=0 fail=1
2026-09-15 06:45:50 FAIL fb vybor-diktora-2026-09-14 :: PUBLISH vybor-diktora-2026-09-14 ...
FAIL vybor-diktora-2026-09-14 -> PAGE=319271621473482
FB_FAIL {"error":{"message":"(#100) 0 does not resolve to a valid user ID","type":"OAuthException","code":100,"fbtrace_id":"Angnl9fXyHe-7fIoofoV525"}}
DONE ok=0 skip=0 fail=1
2026-09-15 06:45:52 PENDING ig (no IG token - run ig/ig-ensure-token.ps1)
2026-09-15 06:45:52 CYCLE 2026-09-15 06:45:52 :: tg=0/0 fb=0/2 vk=0/0
2026-09-15 06:50:56 FAIL fb golos-banka-2026-09-13 :: PUBLISH golos-banka-2026-09-13 ...
FAIL golos-banka-2026-09-13 -> PAGE=319271621473482
FB_FAIL {"error":{"message":"(#100) 0 does not resolve to a valid user ID","type":"OAuthException","code":100,"fbtrace_id":"AO4m2wckRsJ_BFIutw-bviK"}}
DONE ok=0 skip=0 fail=1
2026-09-15 06:51:02 FAIL fb vybor-diktora-2026-09-14 :: PUBLISH vybor-diktora-2026-09-14 ...
FAIL vybor-diktora-2026-09-14 -> PAGE=319271621473482
FB_FAIL {"error":{"message":"(#100) 0 does not resolve to a valid user ID","type":"OAuthException","code":100,"fbtrace_id":"Al45EU_m4qK95Sg2wJ2GI_t"}}
DONE ok=0 skip=0 fail=1
2026-09-15 06:51:04 PENDING ig (no IG token - run ig/ig-ensure-token.ps1)
2026-09-15 06:51:04 CYCLE 2026-09-15 06:51:04 :: tg=0/0 fb=0/2 vk=0/0
2026-09-15 06:56:07 FAIL fb golos-banka-2026-09-13 :: PUBLISH golos-banka-2026-09-13 ...
FAIL golos-banka-2026-09-13 -> PAGE=319271621473482
FB_FAIL {"error":{"message":"(#100) 0 does not resolve to a valid user ID","type":"OAuthException","code":100,"fbtrace_id":"APVUZ10H2agqe6lrR55WzGP"}}
DONE ok=0 skip=0 fail=1
2026-09-15 06:56:13 FAIL fb vybor-diktora-2026-09-14 :: PUBLISH vybor-diktora-2026-09-14 ...
FAIL vybor-diktora-2026-09-14 -> PAGE=319271621473482
FB_FAIL {"error":{"message":"(#100) 0 does not resolve to a valid user ID","type":"OAuthException","code":100,"fbtrace_id":"A3S2ZmCtW8ZNeSQkF5t5pRd"}}
DONE ok=0 skip=0 fail=1
2026-09-15 06:56:15 PENDING ig (no IG token - run ig/ig-ensure-token.ps1)
2026-09-15 06:56:15 CYCLE 2026-09-15 06:56:15 :: tg=0/0 fb=0/2 vk=0/0
2026-09-15 07:01:19 FAIL fb golos-banka-2026-09-13 :: PUBLISH golos-banka-2026-09-13 ...
FAIL golos-banka-2026-09-13 -> PAGE=319271621473482
FB_FAIL {"error":{"message":"(#100) 0 does not resolve to a valid user ID","type":"OAuthException","code":100,"fbtrace_id":"ApSkb0Fg77bxryNNoVmV1QE"}}
DONE ok=0 skip=0 fail=1
2026-09-15 07:01:25 FAIL fb vybor-diktora-2026-09-14 :: PUBLISH vybor-diktora-2026-09-14 ...
FAIL vybor-diktora-2026-09-14 -> PAGE=319271621473482
FB_FAIL {"error":{"message":"(#100) 0 does not resolve to a valid user ID","type":"OAuthException","code":100,"fbtrace_id":"AuhVyxfp5oZeW6xly_p0nZO"}}
DONE ok=0 skip=0 fail=1
2026-09-15 07:01:27 PENDING ig (no IG token - run ig/ig-ensure-token.ps1)
2026-09-15 07:01:27 CYCLE 2026-09-15 07:01:27 :: tg=0/0 fb=0/2 vk=0/0
2026-09-15 07:06:31 FAIL fb golos-banka-2026-09-13 :: PUBLISH golos-banka-2026-09-13 ...
FAIL golos-banka-2026-09-13 -> PAGE=319271621473482
FB_FAIL {"error":{"message":"(#100) 0 does not resolve to a valid user ID","type":"OAuthException","code":100,"fbtrace_id":"ABKAJkHrkcmkU-rjB28PDv8"}}
DONE ok=0 skip=0 fail=1
2026-09-15 07:06:37 FAIL fb vybor-diktora-2026-09-14 :: PUBLISH vybor-diktora-2026-09-14 ...
FAIL vybor-diktora-2026-09-14 -> PAGE=319271621473482
FB_FAIL {"error":{"message":"(#100) 0 does not resolve to a valid user ID","type":"OAuthException","code":100,"fbtrace_id":"AyfcIa4o0gWCIQR-CJI6dyL"}}
DONE ok=0 skip=0 fail=1
2026-09-15 07:06:39 PENDING ig (no IG token - run ig/ig-ensure-token.ps1)
2026-09-15 07:06:39 CYCLE 2026-09-15 07:06:39 :: tg=0/0 fb=0/2 vk=0/0
2026-09-15 07:11:43 FAIL fb golos-banka-2026-09-13 :: PUBLISH golos-banka-2026-09-13 ...
FAIL golos-banka-2026-09-13 -> PAGE=319271621473482
FB_FAIL {"error":{"message":"(#100) 0 does not resolve to a valid user ID","type":"OAuthException","code":100,"fbtrace_id":"AfUvKlYlFmj1S4_b84dvbMC"}}
DONE ok=0 skip=0 fail=1
2026-09-15 07:11:49 FAIL fb vybor-diktora-2026-09-14 :: PUBLISH vybor-diktora-2026-09-14 ...
FAIL vybor-diktora-2026-09-14 -> PAGE=319271621473482
FB_FAIL {"error":{"message":"(#100) 0 does not resolve to a valid user ID","type":"OAuthException","code":100,"fbtrace_id":"A1YbMsYogrgoQ3ZPB9U-GwH"}}
DONE ok=0 skip=0 fail=1
2026-09-15 07:11:51 PENDING ig (no IG token - run ig/ig-ensure-token.ps1)
2026-09-15 07:11:51 CYCLE 2026-09-15 07:11:51 :: tg=0/0 fb=0/2 vk=0/0
2026-09-15 07:16:54 FAIL fb golos-banka-2026-09-13 :: PUBLISH golos-banka-2026-09-13 ...
FAIL golos-banka-2026-09-13 -> PAGE=319271621473482
FB_FAIL {"error":{"message":"(#100) 0 does not resolve to a valid user ID","type":"OAuthException","code":100,"fbtrace_id":"ANL8yRsH_9M5hRwtlodM5ZF"}}
DONE ok=0 skip=0 fail=1
2026-09-15 07:17:00 FAIL fb vybor-diktora-2026-09-14 :: PUBLISH vybor-diktora-2026-09-14 ...
FAIL vybor-diktora-2026-09-14 -> PAGE=319271621473482
FB_FAIL {"error":{"message":"(#100) 0 does not resolve to a valid user ID","type":"OAuthException","code":100,"fbtrace_id":"ATlwTeHhM3t0HvpyhXH8ym2"}}
DONE ok=0 skip=0 fail=1
2026-09-15 07:17:02 PENDING ig (no IG token - run ig/ig-ensure-token.ps1)
2026-09-15 07:17:02 CYCLE 2026-09-15 07:17:02 :: tg=0/0 fb=0/2 vk=0/0
2026-09-15 07:22:06 FAIL fb golos-banka-2026-09-13 :: PUBLISH golos-banka-2026-09-13 ...
FAIL golos-banka-2026-09-13 -> PAGE=319271621473482
FB_FAIL {"error":{"message":"(#100) 0 does not resolve to a valid user ID","type":"OAuthException","code":100,"fbtrace_id":"AvOI7Z94cXKK3_EFFeqltaF"}}
DONE ok=0 skip=0 fail=1
2026-09-15 07:22:12 FAIL fb vybor-diktora-2026-09-14 :: PUBLISH vybor-diktora-2026-09-14 ...
FAIL vybor-diktora-2026-09-14 -> PAGE=319271621473482
FB_FAIL {"error":{"message":"(#100) 0 does not resolve to a valid user ID","type":"OAuthException","code":100,"fbtrace_id":"AZUzCAyQpdPh1dYmjdccLi_"}}
DONE ok=0 skip=0 fail=1
2026-09-15 07:22:14 PENDING ig (no IG token - run ig/ig-ensure-token.ps1)
2026-09-15 07:22:14 CYCLE 2026-09-15 07:22:14 :: tg=0/0 fb=0/2 vk=0/0
2026-09-15 07:27:18 FAIL fb golos-banka-2026-09-13 :: PUBLISH golos-banka-2026-09-13 ...
FAIL golos-banka-2026-09-13 -> PAGE=319271621473482
FB_FAIL {"error":{"message":"(#100) 0 does not resolve to a valid user ID","type":"OAuthException","code":100,"fbtrace_id":"ARyIco3jJqzu7Z4r7TGxsbE"}}
DONE ok=0 skip=0 fail=1
2026-09-15 07:27:24 FAIL fb vybor-diktora-2026-09-14 :: PUBLISH vybor-diktora-2026-09-14 ...
FAIL vybor-diktora-2026-09-14 -> PAGE=319271621473482
FB_FAIL {"error":{"message":"(#100) 0 does not resolve to a valid user ID","type":"OAuthException","code":100,"fbtrace_id":"Adb-vEvMoc88FO16DJeKF1C"}}
DONE ok=0 skip=0 fail=1
2026-09-15 07:27:26 PENDING ig (no IG token - run ig/ig-ensure-token.ps1)
2026-09-15 07:27:26 CYCLE 2026-09-15 07:27:26 :: tg=0/0 fb=0/2 vk=0/0
2026-09-15 07:32:30 FAIL fb golos-banka-2026-09-13 :: PUBLISH golos-banka-2026-09-13 ...
FAIL golos-banka-2026-09-13 -> PAGE=319271621473482
FB_FAIL {"error":{"message":"(#100) 0 does not resolve to a valid user ID","type":"OAuthException","code":100,"fbtrace_id":"A6M5UE_OKNEFLQkvJ1MIjhb"}}
DONE ok=0 skip=0 fail=1
2026-09-15 07:32:36 FAIL fb vybor-diktora-2026-09-14 :: PUBLISH vybor-diktora-2026-09-14 ...
FAIL vybor-diktora-2026-09-14 -> PAGE=319271621473482
FB_FAIL {"error":{"message":"(#100) 0 does not resolve to a valid user ID","type":"OAuthException","code":100,"fbtrace_id":"AbXFya7pSgZKCLrwKe9qH-V"}}
DONE ok=0 skip=0 fail=1
2026-09-15 07:32:38 PENDING ig (no IG token - run ig/ig-ensure-token.ps1)
2026-09-15 07:32:38 CYCLE 2026-09-15 07:32:38 :: tg=0/0 fb=0/2 vk=0/0
2026-09-15 07:37:41 FAIL fb golos-banka-2026-09-13 :: PUBLISH golos-banka-2026-09-13 ...
FAIL golos-banka-2026-09-13 -> PAGE=319271621473482
FB_FAIL {"error":{"message":"(#100) 0 does not resolve to a valid user ID","type":"OAuthException","code":100,"fbtrace_id":"APPww9GgcUksRap-Cusfgeg"}}
DONE ok=0 skip=0 fail=1
2026-09-15 07:37:47 FAIL fb vybor-diktora-2026-09-14 :: PUBLISH vybor-diktora-2026-09-14 ...
FAIL vybor-diktora-2026-09-14 -> PAGE=319271621473482
FB_FAIL {"error":{"message":"(#100) 0 does not resolve to a valid user ID","type":"OAuthException","code":100,"fbtrace_id":"A71Vf8o8x_CFerW0clI6UNV"}}
DONE ok=0 skip=0 fail=1
2026-09-15 07:37:49 PENDING ig (no IG token - run ig/ig-ensure-token.ps1)
2026-09-15 07:37:49 CYCLE 2026-09-15 07:37:49 :: tg=0/0 fb=0/2 vk=0/0
2026-09-15 07:42:53 FAIL fb golos-banka-2026-09-13 :: PUBLISH golos-banka-2026-09-13 ...
FAIL golos-banka-2026-09-13 -> PAGE=319271621473482
FB_FAIL {"error":{"message":"(#100) 0 does not resolve to a valid user ID","type":"OAuthException","code":100,"fbtrace_id":"AjJudaAOToAuaWd8XYZQnGz"}}
DONE ok=0 skip=0 fail=1
2026-09-15 07:42:59 FAIL fb vybor-diktora-2026-09-14 :: PUBLISH vybor-diktora-2026-09-14 ...
FAIL vybor-diktora-2026-09-14 -> PAGE=319271621473482
FB_FAIL {"error":{"message":"(#100) 0 does not resolve to a valid user ID","type":"OAuthException","code":100,"fbtrace_id":"AxJbJEJ2uDkNUqW3rUxOPaG"}}
DONE ok=0 skip=0 fail=1
2026-09-15 07:43:01 PENDING ig (no IG token - run ig/ig-ensure-token.ps1)
2026-09-15 07:43:01 CYCLE 2026-09-15 07:43:01 :: tg=0/0 fb=0/2 vk=0/0
2026-09-15 07:48:05 FAIL fb golos-banka-2026-09-13 :: PUBLISH golos-banka-2026-09-13 ...
FAIL golos-banka-2026-09-13 -> PAGE=319271621473482
FB_FAIL {"error":{"message":"(#100) 0 does not resolve to a valid user ID","type":"OAuthException","code":100,"fbtrace_id":"Acbhb9U3g888Mh6xSwe9_RM"}}
DONE ok=0 skip=0 fail=1
2026-09-15 07:48:11 FAIL fb vybor-diktora-2026-09-14 :: PUBLISH vybor-diktora-2026-09-14 ...
FAIL vybor-diktora-2026-09-14 -> PAGE=319271621473482
FB_FAIL {"error":{"message":"(#100) 0 does not resolve to a valid user ID","type":"OAuthException","code":100,"fbtrace_id":"AQvvcQMN6NxRrvt7eyzkW8L"}}
DONE ok=0 skip=0 fail=1
2026-09-15 07:48:13 PENDING ig (no IG token - run ig/ig-ensure-token.ps1)
2026-09-15 07:48:13 CYCLE 2026-09-15 07:48:13 :: tg=0/0 fb=0/2 vk=0/0
2026-09-15 07:53:17 FAIL fb golos-banka-2026-09-13 :: PUBLISH golos-banka-2026-09-13 ...
FAIL golos-banka-2026-09-13 -> PAGE=319271621473482
FB_FAIL {"error":{"message":"(#100) 0 does not resolve to a valid user ID","type":"OAuthException","code":100,"fbtrace_id":"AEJmSjb9_iqbkDCzyhNXxqN"}}
DONE ok=0 skip=0 fail=1
2026-09-15 07:53:23 FAIL fb vybor-diktora-2026-09-14 :: PUBLISH vybor-diktora-2026-09-14 ...
FAIL vybor-diktora-2026-09-14 -> PAGE=319271621473482
FB_FAIL {"error":{"message":"(#100) 0 does not resolve to a valid user ID","type":"OAuthException","code":100,"fbtrace_id":"Aj8m375E9SZhFuE01SUFTdY"}}
DONE ok=0 skip=0 fail=1
2026-09-15 07:53:25 PENDING ig (no IG token - run ig/ig-ensure-token.ps1)
2026-09-15 07:53:25 CYCLE 2026-09-15 07:53:25 :: tg=0/0 fb=0/2 vk=0/0
2026-09-15 07:58:28 FAIL fb golos-banka-2026-09-13 :: PUBLISH golos-banka-2026-09-13 ...
FAIL golos-banka-2026-09-13 -> PAGE=319271621473482
FB_FAIL {"error":{"message":"(#100) 0 does not resolve to a valid user ID","type":"OAuthException","code":100,"fbtrace_id":"A_9vCV6hKox9NNrBJaMFLv4"}}
DONE ok=0 skip=0 fail=1
2026-09-15 07:58:34 FAIL fb vybor-diktora-2026-09-14 :: PUBLISH vybor-diktora-2026-09-14 ...
FAIL vybor-diktora-2026-09-14 -> PAGE=319271621473482
FB_FAIL {"error":{"message":"(#100) 0 does not resolve to a valid user ID","type":"OAuthException","code":100,"fbtrace_id":"ANyMlJ02dWMMT5n-Y9uUGnD"}}
DONE ok=0 skip=0 fail=1
2026-09-15 07:58:36 PENDING ig (no IG token - run ig/ig-ensure-token.ps1)
2026-09-15 07:58:36 CYCLE 2026-09-15 07:58:36 :: tg=0/0 fb=0/2 vk=0/0
2026-09-15 08:03:40 FAIL fb golos-banka-2026-09-13 :: PUBLISH golos-banka-2026-09-13 ...
FAIL golos-banka-2026-09-13 -> PAGE=319271621473482
FB_FAIL {"error":{"message":"(#100) 0 does not resolve to a valid user ID","type":"OAuthException","code":100,"fbtrace_id":"AlBP_kfSlgo2pud8CP3NgrA"}}
DONE ok=0 skip=0 fail=1
2026-09-15 08:03:46 FAIL fb vybor-diktora-2026-09-14 :: PUBLISH vybor-diktora-2026-09-14 ...
FAIL vybor-diktora-2026-09-14 -> PAGE=319271621473482
FB_FAIL {"error":{"message":"(#100) 0 does not resolve to a valid user ID","type":"OAuthException","code":100,"fbtrace_id":"Am1tjwXjNPwfRm6AeEY6-vo"}}
DONE ok=0 skip=0 fail=1
2026-09-15 08:03:48 PENDING ig (no IG token - run ig/ig-ensure-token.ps1)
2026-09-15 08:03:48 CYCLE 2026-09-15 08:03:48 :: tg=0/0 fb=0/2 vk=0/0
2026-09-15 08:08:52 FAIL fb golos-banka-2026-09-13 :: PUBLISH golos-banka-2026-09-13 ...
FAIL golos-banka-2026-09-13 -> PAGE=319271621473482
FB_FAIL {"error":{"message":"(#100) 0 does not resolve to a valid user ID","type":"OAuthException","code":100,"fbtrace_id":"A4V1xDNd3XicDB2iadwZYDC"}}
DONE ok=0 skip=0 fail=1
2026-09-15 08:08:58 FAIL fb vybor-diktora-2026-09-14 :: PUBLISH vybor-diktora-2026-09-14 ...
FAIL vybor-diktora-2026-09-14 -> PAGE=319271621473482
FB_FAIL {"error":{"message":"(#100) 0 does not resolve to a valid user ID","type":"OAuthException","code":100,"fbtrace_id":"AR3OitLGw5YEfGzYzGYYTHC"}}
DONE ok=0 skip=0 fail=1
2026-09-15 08:09:00 PENDING ig (no IG token - run ig/ig-ensure-token.ps1)
2026-09-15 08:09:00 CYCLE 2026-09-15 08:09:00 :: tg=0/0 fb=0/2 vk=0/0
2026-09-15 08:14:05 FAIL fb golos-banka-2026-09-13 :: PUBLISH golos-banka-2026-09-13 ...
FAIL golos-banka-2026-09-13 -> PAGE=319271621473482
FB_FAIL {"error":{"message":"(#100) 0 does not resolve to a valid user ID","type":"OAuthException","code":100,"fbtrace_id":"A92kO5-JxLMuGhFiEqZlZ1W"}}
DONE ok=0 skip=0 fail=1
2026-09-15 08:14:11 FAIL fb vybor-diktora-2026-09-14 :: PUBLISH vybor-diktora-2026-09-14 ...
FAIL vybor-diktora-2026-09-14 -> PAGE=319271621473482
FB_FAIL {"error":{"message":"(#100) 0 does not resolve to a valid user ID","type":"OAuthException","code":100,"fbtrace_id":"AbMCLQCQf7dP4jx0gSb1DZ4"}}
DONE ok=0 skip=0 fail=1
2026-09-15 08:14:13 PENDING ig (no IG token - run ig/ig-ensure-token.ps1)
2026-09-15 08:14:13 CYCLE 2026-09-15 08:14:13 :: tg=0/0 fb=0/2 vk=0/0
2026-09-15 08:19:17 FAIL fb golos-banka-2026-09-13 :: PUBLISH golos-banka-2026-09-13 ...
FAIL golos-banka-2026-09-13 -> PAGE=319271621473482
FB_FAIL {"error":{"message":"(#100) 0 does not resolve to a valid user ID","type":"OAuthException","code":100,"fbtrace_id":"AyLPgdabtQJItBfEVUsbtZF"}}
DONE ok=0 skip=0 fail=1
2026-09-15 08:19:22 FAIL fb vybor-diktora-2026-09-14 :: PUBLISH vybor-diktora-2026-09-14 ...
FAIL vybor-diktora-2026-09-14 -> PAGE=319271621473482
FB_FAIL {"error":{"message":"(#100) 0 does not resolve to a valid user ID","type":"OAuthException","code":100,"fbtrace_id":"AfvjDS2SnGb3XP0ZoSkMaH2"}}
DONE ok=0 skip=0 fail=1
2026-09-15 08:19:24 PENDING ig (no IG token - run ig/ig-ensure-token.ps1)
2026-09-15 08:19:24 CYCLE 2026-09-15 08:19:24 :: tg=0/0 fb=0/2 vk=0/0
2026-09-15 08:24:28 FAIL fb golos-banka-2026-09-13 :: PUBLISH golos-banka-2026-09-13 ...
FAIL golos-banka-2026-09-13 -> PAGE=319271621473482
FB_FAIL {"error":{"message":"(#100) 0 does not resolve to a valid user ID","type":"OAuthException","code":100,"fbtrace_id":"AajayaPIIvYS52L3vbXx47Y"}}
DONE ok=0 skip=0 fail=1
2026-09-15 08:24:34 FAIL fb vybor-diktora-2026-09-14 :: PUBLISH vybor-diktora-2026-09-14 ...
FAIL vybor-diktora-2026-09-14 -> PAGE=319271621473482
FB_FAIL {"error":{"message":"(#100) 0 does not resolve to a valid user ID","type":"OAuthException","code":100,"fbtrace_id":"A5XGDz2l0TBGRjlR8VtX2uZ"}}
DONE ok=0 skip=0 fail=1
2026-09-15 08:24:36 PENDING ig (no IG token - run ig/ig-ensure-token.ps1)
2026-09-15 08:24:36 CYCLE 2026-09-15 08:24:36 :: tg=0/0 fb=0/2 vk=0/0
2026-09-15 08:29:40 FAIL fb golos-banka-2026-09-13 :: PUBLISH golos-banka-2026-09-13 ...
FAIL golos-banka-2026-09-13 -> PAGE=319271621473482
FB_FAIL {"error":{"message":"(#100) 0 does not resolve to a valid user ID","type":"OAuthException","code":100,"fbtrace_id":"Astrrs_YW2XyQUyPhDG0B22"}}
DONE ok=0 skip=0 fail=1
2026-09-15 08:29:46 FAIL fb vybor-diktora-2026-09-14 :: PUBLISH vybor-diktora-2026-09-14 ...
FAIL vybor-diktora-2026-09-14 -> PAGE=319271621473482
FB_FAIL {"error":{"message":"(#100) 0 does not resolve to a valid user ID","type":"OAuthException","code":100,"fbtrace_id":"AiKCcWevl0whOSq8RU6Tjwn"}}
DONE ok=0 skip=0 fail=1
2026-09-15 08:29:48 PENDING ig (no IG token - run ig/ig-ensure-token.ps1)
2026-09-15 08:29:48 CYCLE 2026-09-15 08:29:48 :: tg=0/0 fb=0/2 vk=0/0
2026-09-15 08:34:52 FAIL fb golos-banka-2026-09-13 :: PUBLISH golos-banka-2026-09-13 ...
FAIL golos-banka-2026-09-13 -> PAGE=319271621473482
FB_FAIL {"error":{"message":"(#100) 0 does not resolve to a valid user ID","type":"OAuthException","code":100,"fbtrace_id":"Av--N3rTJPj1JP_AQm-D8RH"}}
DONE ok=0 skip=0 fail=1
2026-09-15 08:34:58 FAIL fb vybor-diktora-2026-09-14 :: PUBLISH vybor-diktora-2026-09-14 ...
FAIL vybor-diktora-2026-09-14 -> PAGE=319271621473482
FB_FAIL {"error":{"message":"(#100) 0 does not resolve to a valid user ID","type":"OAuthException","code":100,"fbtrace_id":"A2bZarHC_ePx0gGztqJ5JrZ"}}
DONE ok=0 skip=0 fail=1
2026-09-15 08:35:00 PENDING ig (no IG token - run ig/ig-ensure-token.ps1)
2026-09-15 08:35:00 CYCLE 2026-09-15 08:35:00 :: tg=0/0 fb=0/2 vk=0/0
2026-09-15 08:40:04 FAIL fb golos-banka-2026-09-13 :: PUBLISH golos-banka-2026-09-13 ...
FAIL golos-banka-2026-09-13 -> PAGE=319271621473482
FB_FAIL {"error":{"message":"(#100) 0 does not resolve to a valid user ID","type":"OAuthException","code":100,"fbtrace_id":"A6V6LzwM1b8IdTHy9ByGNzK"}}
DONE ok=0 skip=0 fail=1
2026-09-15 08:40:10 FAIL fb vybor-diktora-2026-09-14 :: PUBLISH vybor-diktora-2026-09-14 ...
FAIL vybor-diktora-2026-09-14 -> PAGE=319271621473482
FB_FAIL {"error":{"message":"(#100) 0 does not resolve to a valid user ID","type":"OAuthException","code":100,"fbtrace_id":"AqAY-Tywk7Vv_XiuJ0bCeLQ"}}
DONE ok=0 skip=0 fail=1
2026-09-15 08:40:12 PENDING ig (no IG token - run ig/ig-ensure-token.ps1)
2026-09-15 08:40:12 CYCLE 2026-09-15 08:40:12 :: tg=0/0 fb=0/2 vk=0/0
2026-09-15 08:45:15 FAIL fb golos-banka-2026-09-13 :: PUBLISH golos-banka-2026-09-13 ...
FAIL golos-banka-2026-09-13 -> PAGE=319271621473482
FB_FAIL {"error":{"message":"(#100) 0 does not resolve to a valid user ID","type":"OAuthException","code":100,"fbtrace_id":"ANm6R3sDiwnHlPeN7lCDQ58"}}
DONE ok=0 skip=0 fail=1
2026-09-15 08:45:21 FAIL fb vybor-diktora-2026-09-14 :: PUBLISH vybor-diktora-2026-09-14 ...
FAIL vybor-diktora-2026-09-14 -> PAGE=319271621473482
FB_FAIL {"error":{"message":"(#100) 0 does not resolve to a valid user ID","type":"OAuthException","code":100,"fbtrace_id":"AkA1eozUdu3HT3AR5jvn5nv"}}
DONE ok=0 skip=0 fail=1
2026-09-15 08:45:23 PENDING ig (no IG token - run ig/ig-ensure-token.ps1)
2026-09-15 08:45:23 CYCLE 2026-09-15 08:45:23 :: tg=0/0 fb=0/2 vk=0/0
2026-09-15 08:50:27 FAIL fb golos-banka-2026-09-13 :: PUBLISH golos-banka-2026-09-13 ...
FAIL golos-banka-2026-09-13 -> PAGE=319271621473482
FB_FAIL {"error":{"message":"(#100) 0 does not resolve to a valid user ID","type":"OAuthException","code":100,"fbtrace_id":"Affatdu3INBpbgCqWJ11x39"}}
DONE ok=0 skip=0 fail=1
2026-09-15 08:50:33 FAIL fb vybor-diktora-2026-09-14 :: PUBLISH vybor-diktora-2026-09-14 ...
FAIL vybor-diktora-2026-09-14 -> PAGE=319271621473482
FB_FAIL {"error":{"message":"(#100) 0 does not resolve to a valid user ID","type":"OAuthException","code":100,"fbtrace_id":"AEmRhWzJrqxCJS32I7jTjGs"}}
DONE ok=0 skip=0 fail=1
2026-09-15 08:50:35 PENDING ig (no IG token - run ig/ig-ensure-token.ps1)
2026-09-15 08:50:35 CYCLE 2026-09-15 08:50:35 :: tg=0/0 fb=0/2 vk=0/0
2026-09-15 08:55:39 FAIL fb golos-banka-2026-09-13 :: PUBLISH golos-banka-2026-09-13 ...
FAIL golos-banka-2026-09-13 -> PAGE=319271621473482
FB_FAIL {"error":{"message":"(#100) 0 does not resolve to a valid user ID","type":"OAuthException","code":100,"fbtrace_id":"AjGDW-ba5yI_Qg9FxKA750r"}}
DONE ok=0 skip=0 fail=1
2026-09-15 08:55:45 FAIL fb vybor-diktora-2026-09-14 :: PUBLISH vybor-diktora-2026-09-14 ...
FAIL vybor-diktora-2026-09-14 -> PAGE=319271621473482
FB_FAIL {"error":{"message":"(#100) 0 does not resolve to a valid user ID","type":"OAuthException","code":100,"fbtrace_id":"A8Me1d0ND7-Bum8ugSEujEi"}}
DONE ok=0 skip=0 fail=1
2026-09-15 08:55:47 PENDING ig (no IG token - run ig/ig-ensure-token.ps1)
2026-09-15 08:55:47 CYCLE 2026-09-15 08:55:47 :: tg=0/0 fb=0/2 vk=0/0
2026-09-15 09:00:51 FAIL fb golos-banka-2026-09-13 :: PUBLISH golos-banka-2026-09-13 ...
FAIL golos-banka-2026-09-13 -> PAGE=319271621473482
FB_FAIL {"error":{"message":"(#100) 0 does not resolve to a valid user ID","type":"OAuthException","code":100,"fbtrace_id":"AO9yLdDA4UHGPdHK7gbu-SJ"}}
DONE ok=0 skip=0 fail=1
2026-09-15 09:00:56 FAIL fb vybor-diktora-2026-09-14 :: PUBLISH vybor-diktora-2026-09-14 ...
FAIL vybor-diktora-2026-09-14 -> PAGE=319271621473482
FB_FAIL {"error":{"message":"(#100) 0 does not resolve to a valid user ID","type":"OAuthException","code":100,"fbtrace_id":"AyWSheUrl9sSNrimmh7klnB"}}
DONE ok=0 skip=0 fail=1
2026-09-15 09:00:58 PENDING ig (no IG token - run ig/ig-ensure-token.ps1)
2026-09-15 09:00:58 CYCLE 2026-09-15 09:00:58 :: tg=0/0 fb=0/2 vk=0/0
2026-09-15 09:06:03 FAIL fb golos-banka-2026-09-13 :: PUBLISH golos-banka-2026-09-13 ...
FAIL golos-banka-2026-09-13 -> PAGE=319271621473482
FB_FAIL {"error":{"message":"(#100) 0 does not resolve to a valid user ID","type":"OAuthException","code":100,"fbtrace_id":"A7lXxFzwXFPgooBKU86lqir"}}
DONE ok=0 skip=0 fail=1
2026-09-15 09:06:09 FAIL fb vybor-diktora-2026-09-14 :: PUBLISH vybor-diktora-2026-09-14 ...
FAIL vybor-diktora-2026-09-14 -> PAGE=319271621473482
FB_FAIL {"error":{"message":"(#100) 0 does not resolve to a valid user ID","type":"OAuthException","code":100,"fbtrace_id":"A5DxcuSzx9r9S9p6njABpsL"}}
DONE ok=0 skip=0 fail=1
2026-09-15 09:06:11 PENDING ig (no IG token - run ig/ig-ensure-token.ps1)
2026-09-15 09:06:11 CYCLE 2026-09-15 09:06:11 :: tg=0/0 fb=0/2 vk=0/0
2026-09-15 09:11:14 FAIL fb golos-banka-2026-09-13 :: PUBLISH golos-banka-2026-09-13 ...
FAIL golos-banka-2026-09-13 -> PAGE=319271621473482
FB_FAIL {"error":{"message":"(#100) 0 does not resolve to a valid user ID","type":"OAuthException","code":100,"fbtrace_id":"AHfGzXztm-Cd8aY1pZXWqEJ"}}
DONE ok=0 skip=0 fail=1
2026-09-15 09:11:20 FAIL fb vybor-diktora-2026-09-14 :: PUBLISH vybor-diktora-2026-09-14 ...
FAIL vybor-diktora-2026-09-14 -> PAGE=319271621473482
FB_FAIL {"error":{"message":"(#100) 0 does not resolve to a valid user ID","type":"OAuthException","code":100,"fbtrace_id":"ACSc_ljXjeb96yuJm3vmYsO"}}
DONE ok=0 skip=0 fail=1
2026-09-15 09:11:22 PENDING ig (no IG token - run ig/ig-ensure-token.ps1)
2026-09-15 09:11:22 CYCLE 2026-09-15 09:11:22 :: tg=0/0 fb=0/2 vk=0/0
2026-09-15 09:16:26 FAIL fb golos-banka-2026-09-13 :: PUBLISH golos-banka-2026-09-13 ...
FAIL golos-banka-2026-09-13 -> PAGE=319271621473482
FB_FAIL {"error":{"message":"(#100) 0 does not resolve to a valid user ID","type":"OAuthException","code":100,"fbtrace_id":"AWmrbarDSfeVH8AfSqC3C2p"}}
DONE ok=0 skip=0 fail=1
2026-09-15 09:16:32 FAIL fb vybor-diktora-2026-09-14 :: PUBLISH vybor-diktora-2026-09-14 ...
FAIL vybor-diktora-2026-09-14 -> PAGE=319271621473482
FB_FAIL {"error":{"message":"(#100) 0 does not resolve to a valid user ID","type":"OAuthException","code":100,"fbtrace_id":"ADJGk6qoJcWkHlVdZzdcKtM"}}
DONE ok=0 skip=0 fail=1
2026-09-15 09:16:34 PENDING ig (no IG token - run ig/ig-ensure-token.ps1)
2026-09-15 09:16:34 CYCLE 2026-09-15 09:16:34 :: tg=0/0 fb=0/2 vk=0/0
2026-09-15 09:21:38 FAIL fb golos-banka-2026-09-13 :: PUBLISH golos-banka-2026-09-13 ...
FAIL golos-banka-2026-09-13 -> PAGE=319271621473482
FB_FAIL {"error":{"message":"(#100) 0 does not resolve to a valid user ID","type":"OAuthException","code":100,"fbtrace_id":"A6KfPDSQPAO7mUwiMoaPEm-"}}
DONE ok=0 skip=0 fail=1
2026-09-15 09:21:44 FAIL fb vybor-diktora-2026-09-14 :: PUBLISH vybor-diktora-2026-09-14 ...
FAIL vybor-diktora-2026-09-14 -> PAGE=319271621473482
FB_FAIL {"error":{"message":"(#100) 0 does not resolve to a valid user ID","type":"OAuthException","code":100,"fbtrace_id":"AfLMHkx6Kk3eSYg6VpGSNgA"}}
DONE ok=0 skip=0 fail=1
2026-09-15 09:21:46 PENDING ig (no IG token - run ig/ig-ensure-token.ps1)
2026-09-15 09:21:46 CYCLE 2026-09-15 09:21:46 :: tg=0/0 fb=0/2 vk=0/0
2026-09-15 09:26:50 FAIL fb golos-banka-2026-09-13 :: PUBLISH golos-banka-2026-09-13 ...
FAIL golos-banka-2026-09-13 -> PAGE=319271621473482
FB_FAIL {"error":{"message":"(#100) 0 does not resolve to a valid user ID","type":"OAuthException","code":100,"fbtrace_id":"A3c0kiwEQPTSiPLqhXsRV_y"}}
DONE ok=0 skip=0 fail=1
2026-09-15 09:26:56 FAIL fb vybor-diktora-2026-09-14 :: PUBLISH vybor-diktora-2026-09-14 ...
FAIL vybor-diktora-2026-09-14 -> PAGE=319271621473482
FB_FAIL {"error":{"message":"(#100) 0 does not resolve to a valid user ID","type":"OAuthException","code":100,"fbtrace_id":"AJNZw_C5haFRujl2PTQust-"}}
DONE ok=0 skip=0 fail=1
2026-09-15 09:26:58 PENDING ig (no IG token - run ig/ig-ensure-token.ps1)
2026-09-15 09:26:58 CYCLE 2026-09-15 09:26:58 :: tg=0/0 fb=0/2 vk=0/0
2026-09-15 09:32:02 FAIL fb golos-banka-2026-09-13 :: PUBLISH golos-banka-2026-09-13 ...
FAIL golos-banka-2026-09-13 -> PAGE=319271621473482
FB_FAIL {"error":{"message":"(#100) 0 does not resolve to a valid user ID","type":"OAuthException","code":100,"fbtrace_id":"AfDMdajjAtl3y8N36Uyc5xU"}}
DONE ok=0 skip=0 fail=1
2026-09-15 09:32:07 FAIL fb vybor-diktora-2026-09-14 :: PUBLISH vybor-diktora-2026-09-14 ...
FAIL vybor-diktora-2026-09-14 -> PAGE=319271621473482
FB_FAIL {"error":{"message":"(#100) 0 does not resolve to a valid user ID","type":"OAuthException","code":100,"fbtrace_id":"AmD9znXmmdMbFdY6yyZSFih"}}
DONE ok=0 skip=0 fail=1
2026-09-15 09:32:09 PENDING ig (no IG token - run ig/ig-ensure-token.ps1)
2026-09-15 09:32:09 CYCLE 2026-09-15 09:32:09 :: tg=0/0 fb=0/2 vk=0/0
2026-09-15 09:37:13 FAIL fb golos-banka-2026-09-13 :: PUBLISH golos-banka-2026-09-13 ...
FAIL golos-banka-2026-09-13 -> PAGE=319271621473482
FB_FAIL {"error":{"message":"(#100) 0 does not resolve to a valid user ID","type":"OAuthException","code":100,"fbtrace_id":"Ayiyac5Mwy3Wzl5H15ccjUJ"}}
DONE ok=0 skip=0 fail=1
2026-09-15 09:37:19 FAIL fb vybor-diktora-2026-09-14 :: PUBLISH vybor-diktora-2026-09-14 ...
FAIL vybor-diktora-2026-09-14 -> PAGE=319271621473482
FB_FAIL {"error":{"message":"(#100) 0 does not resolve to a valid user ID","type":"OAuthException","code":100,"fbtrace_id":"ActEq7d85uO_6NuH-VwmauW"}}
DONE ok=0 skip=0 fail=1
2026-09-15 09:37:21 PENDING ig (no IG token - run ig/ig-ensure-token.ps1)
2026-09-15 09:37:21 CYCLE 2026-09-15 09:37:21 :: tg=0/0 fb=0/2 vk=0/0
2026-09-15 09:42:25 FAIL fb golos-banka-2026-09-13 :: PUBLISH golos-banka-2026-09-13 ...
FAIL golos-banka-2026-09-13 -> PAGE=319271621473482
FB_FAIL {"error":{"message":"(#100) 0 does not resolve to a valid user ID","type":"OAuthException","code":100,"fbtrace_id":"AqIMp7dnOgwf6_v7irSvExn"}}
DONE ok=0 skip=0 fail=1
2026-09-15 09:42:31 FAIL fb vybor-diktora-2026-09-14 :: PUBLISH vybor-diktora-2026-09-14 ...
FAIL vybor-diktora-2026-09-14 -> PAGE=319271621473482
FB_FAIL {"error":{"message":"(#100) 0 does not resolve to a valid user ID","type":"OAuthException","code":100,"fbtrace_id":"AIxCFWe0ggi2ZeJDlDV6G11"}}
DONE ok=0 skip=0 fail=1
2026-09-15 09:42:33 PENDING ig (no IG token - run ig/ig-ensure-token.ps1)
2026-09-15 09:42:33 CYCLE 2026-09-15 09:42:33 :: tg=0/0 fb=0/2 vk=0/0
2026-09-15 09:47:37 FAIL fb golos-banka-2026-09-13 :: PUBLISH golos-banka-2026-09-13 ...
FAIL golos-banka-2026-09-13 -> PAGE=319271621473482
FB_FAIL {"error":{"message":"(#100) 0 does not resolve to a valid user ID","type":"OAuthException","code":100,"fbtrace_id":"AjKg1vnuR9-FuaoxuTP0EaE"}}
DONE ok=0 skip=0 fail=1
2026-09-15 09:47:43 FAIL fb vybor-diktora-2026-09-14 :: PUBLISH vybor-diktora-2026-09-14 ...
FAIL vybor-diktora-2026-09-14 -> PAGE=319271621473482
FB_FAIL {"error":{"message":"(#100) 0 does not resolve to a valid user ID","type":"OAuthException","code":100,"fbtrace_id":"Ar0bh7eylYMnYrWM3TZmU9B"}}
DONE ok=0 skip=0 fail=1
2026-09-15 09:47:45 PENDING ig (no IG token - run ig/ig-ensure-token.ps1)
2026-09-15 09:47:45 CYCLE 2026-09-15 09:47:45 :: tg=0/0 fb=0/2 vk=0/0
2026-09-15 09:52:49 FAIL fb golos-banka-2026-09-13 :: PUBLISH golos-banka-2026-09-13 ...
FAIL golos-banka-2026-09-13 -> PAGE=319271621473482
FB_FAIL {"error":{"message":"(#100) 0 does not resolve to a valid user ID","type":"OAuthException","code":100,"fbtrace_id":"ACGdzPpxBxyN9xzX1-8ogJw"}}
DONE ok=0 skip=0 fail=1
2026-09-15 09:52:55 FAIL fb vybor-diktora-2026-09-14 :: PUBLISH vybor-diktora-2026-09-14 ...
FAIL vybor-diktora-2026-09-14 -> PAGE=319271621473482
FB_FAIL {"error":{"message":"(#100) 0 does not resolve to a valid user ID","type":"OAuthException","code":100,"fbtrace_id":"AU2h7PreX2yKtuCNsqIqeir"}}
DONE ok=0 skip=0 fail=1
2026-09-15 09:52:57 PENDING ig (no IG token - run ig/ig-ensure-token.ps1)
2026-09-15 09:52:57 CYCLE 2026-09-15 09:52:57 :: tg=0/0 fb=0/2 vk=0/0
2026-09-15 09:58:01 FAIL fb golos-banka-2026-09-13 :: PUBLISH golos-banka-2026-09-13 ...
FAIL golos-banka-2026-09-13 -> PAGE=319271621473482
FB_FAIL {"error":{"message":"(#100) 0 does not resolve to a valid user ID","type":"OAuthException","code":100,"fbtrace_id":"A_PEiSDZACo2lyXqKpDc2bX"}}
DONE ok=0 skip=0 fail=1
2026-09-15 09:58:07 FAIL fb vybor-diktora-2026-09-14 :: PUBLISH vybor-diktora-2026-09-14 ...
FAIL vybor-diktora-2026-09-14 -> PAGE=319271621473482
FB_FAIL {"error":{"message":"(#100) 0 does not resolve to a valid user ID","type":"OAuthException","code":100,"fbtrace_id":"A2Q5LJ5teSP_RsnY66UaopO"}}
DONE ok=0 skip=0 fail=1
2026-09-15 09:58:09 PENDING ig (no IG token - run ig/ig-ensure-token.ps1)
2026-09-15 09:58:09 CYCLE 2026-09-15 09:58:09 :: tg=0/0 fb=0/2 vk=0/0
2026-09-15 10:03:13 FAIL fb golos-banka-2026-09-13 :: PUBLISH golos-banka-2026-09-13 ...
FAIL golos-banka-2026-09-13 -> PAGE=319271621473482
FB_FAIL {"error":{"message":"(#100) 0 does not resolve to a valid user ID","type":"OAuthException","code":100,"fbtrace_id":"A9G79JwkRiOjbeXxY2Cd2QS"}}
DONE ok=0 skip=0 fail=1
2026-09-15 10:03:19 FAIL fb vybor-diktora-2026-09-14 :: PUBLISH vybor-diktora-2026-09-14 ...
FAIL vybor-diktora-2026-09-14 -> PAGE=319271621473482
FB_FAIL {"error":{"message":"(#100) 0 does not resolve to a valid user ID","type":"OAuthException","code":100,"fbtrace_id":"AgAua7S1ggN1YamJAAqB4Ik"}}
DONE ok=0 skip=0 fail=1
2026-09-15 10:03:21 PENDING ig (no IG token - run ig/ig-ensure-token.ps1)
2026-09-15 10:03:21 CYCLE 2026-09-15 10:03:21 :: tg=0/0 fb=0/2 vk=0/0
2026-09-15 10:08:25 FAIL fb golos-banka-2026-09-13 :: PUBLISH golos-banka-2026-09-13 ...
FAIL golos-banka-2026-09-13 -> PAGE=319271621473482
FB_FAIL {"error":{"message":"(#100) 0 does not resolve to a valid user ID","type":"OAuthException","code":100,"fbtrace_id":"A3KPWIuDxKl0X22lWMcroZv"}}
DONE ok=0 skip=0 fail=1
2026-09-15 10:08:31 FAIL fb vybor-diktora-2026-09-14 :: PUBLISH vybor-diktora-2026-09-14 ...
FAIL vybor-diktora-2026-09-14 -> PAGE=319271621473482
FB_FAIL {"error":{"message":"(#100) 0 does not resolve to a valid user ID","type":"OAuthException","code":100,"fbtrace_id":"A-5xwpLezytsugbecqbafe1"}}
DONE ok=0 skip=0 fail=1
2026-09-15 10:08:33 PENDING ig (no IG token - run ig/ig-ensure-token.ps1)
2026-09-15 10:08:33 CYCLE 2026-09-15 10:08:33 :: tg=0/0 fb=0/2 vk=0/0
2026-09-15 10:13:37 FAIL fb golos-banka-2026-09-13 :: PUBLISH golos-banka-2026-09-13 ...
FAIL golos-banka-2026-09-13 -> PAGE=319271621473482
FB_FAIL {"error":{"message":"(#100) 0 does not resolve to a valid user ID","type":"OAuthException","code":100,"fbtrace_id":"AV-7h19nBtSxcn4HgEcdtbn"}}
DONE ok=0 skip=0 fail=1
2026-09-15 10:13:43 FAIL fb vybor-diktora-2026-09-14 :: PUBLISH vybor-diktora-2026-09-14 ...
FAIL vybor-diktora-2026-09-14 -> PAGE=319271621473482
FB_FAIL {"error":{"message":"(#100) 0 does not resolve to a valid user ID","type":"OAuthException","code":100,"fbtrace_id":"AtY9QXZhNtyAF6ItEiN_Fxo"}}
DONE ok=0 skip=0 fail=1
2026-09-15 10:13:45 PENDING ig (no IG token - run ig/ig-ensure-token.ps1)
2026-09-15 10:13:45 CYCLE 2026-09-15 10:13:45 :: tg=0/0 fb=0/2 vk=0/0
2026-09-15 10:18:49 FAIL fb golos-banka-2026-09-13 :: PUBLISH golos-banka-2026-09-13 ...
FAIL golos-banka-2026-09-13 -> PAGE=319271621473482
FB_FAIL {"error":{"message":"(#100) 0 does not resolve to a valid user ID","type":"OAuthException","code":100,"fbtrace_id":"AUBX6LnXw9-vxF5l_4G61-M"}}
DONE ok=0 skip=0 fail=1
2026-09-15 10:18:55 FAIL fb vybor-diktora-2026-09-14 :: PUBLISH vybor-diktora-2026-09-14 ...
FAIL vybor-diktora-2026-09-14 -> PAGE=319271621473482
FB_FAIL {"error":{"message":"(#100) 0 does not resolve to a valid user ID","type":"OAuthException","code":100,"fbtrace_id":"AQ8y50HATSXnWsa35oYyWYv"}}
DONE ok=0 skip=0 fail=1
2026-09-15 10:18:57 PENDING ig (no IG token - run ig/ig-ensure-token.ps1)
2026-09-15 10:18:57 CYCLE 2026-09-15 10:18:57 :: tg=0/0 fb=0/2 vk=0/0
2026-09-15 10:24:01 FAIL fb golos-banka-2026-09-13 :: PUBLISH golos-banka-2026-09-13 ...
FAIL golos-banka-2026-09-13 -> PAGE=319271621473482
FB_FAIL {"error":{"message":"(#100) 0 does not resolve to a valid user ID","type":"OAuthException","code":100,"fbtrace_id":"ALSTC9oCNnGtdKrDm5v3TxP"}}
DONE ok=0 skip=0 fail=1
2026-09-15 10:24:06 FAIL fb vybor-diktora-2026-09-14 :: PUBLISH vybor-diktora-2026-09-14 ...
FAIL vybor-diktora-2026-09-14 -> PAGE=319271621473482
FB_FAIL {"error":{"message":"(#100) 0 does not resolve to a valid user ID","type":"OAuthException","code":100,"fbtrace_id":"AjI094Soo-jxuVgze7FFJn0"}}
DONE ok=0 skip=0 fail=1
2026-09-15 10:24:08 PENDING ig (no IG token - run ig/ig-ensure-token.ps1)
2026-09-15 10:24:08 CYCLE 2026-09-15 10:24:08 :: tg=0/0 fb=0/2 vk=0/0
2026-09-15 10:29:13 FAIL fb golos-banka-2026-09-13 :: PUBLISH golos-banka-2026-09-13 ...
FAIL golos-banka-2026-09-13 -> PAGE=319271621473482
FB_FAIL {"error":{"message":"(#100) 0 does not resolve to a valid user ID","type":"OAuthException","code":100,"fbtrace_id":"AEHJqewsyAZfjG3mBFMzbo9"}}
DONE ok=0 skip=0 fail=1
2026-09-15 10:29:19 FAIL fb vybor-diktora-2026-09-14 :: PUBLISH vybor-diktora-2026-09-14 ...
FAIL vybor-diktora-2026-09-14 -> PAGE=319271621473482
FB_FAIL {"error":{"message":"(#100) 0 does not resolve to a valid user ID","type":"OAuthException","code":100,"fbtrace_id":"ARgU6x_mh9em3pHs6Z6a7ZX"}}
DONE ok=0 skip=0 fail=1
2026-09-15 10:29:21 PENDING ig (no IG token - run ig/ig-ensure-token.ps1)
2026-09-15 10:29:21 CYCLE 2026-09-15 10:29:21 :: tg=0/0 fb=0/2 vk=0/0
2026-09-15 10:34:25 FAIL fb golos-banka-2026-09-13 :: PUBLISH golos-banka-2026-09-13 ...
FAIL golos-banka-2026-09-13 -> PAGE=319271621473482
FB_FAIL {"error":{"message":"(#100) 0 does not resolve to a valid user ID","type":"OAuthException","code":100,"fbtrace_id":"AFcjEMdaSFvcCMW-yoaaqzR"}}
DONE ok=0 skip=0 fail=1
2026-09-15 10:34:31 FAIL fb vybor-diktora-2026-09-14 :: PUBLISH vybor-diktora-2026-09-14 ...
FAIL vybor-diktora-2026-09-14 -> PAGE=319271621473482
FB_FAIL {"error":{"message":"(#100) 0 does not resolve to a valid user ID","type":"OAuthException","code":100,"fbtrace_id":"AbQR_UVrBbfYhE8RQcB7Fbg"}}
DONE ok=0 skip=0 fail=1
2026-09-15 10:34:33 PENDING ig (no IG token - run ig/ig-ensure-token.ps1)
2026-09-15 10:34:33 CYCLE 2026-09-15 10:34:33 :: tg=0/0 fb=0/2 vk=0/0
2026-09-15 10:39:37 FAIL fb golos-banka-2026-09-13 :: PUBLISH golos-banka-2026-09-13 ...
FAIL golos-banka-2026-09-13 -> PAGE=319271621473482
FB_FAIL {"error":{"message":"(#100) 0 does not resolve to a valid user ID","type":"OAuthException","code":100,"fbtrace_id":"Aj44mkVQMjrrFKMp-XstX-P"}}
DONE ok=0 skip=0 fail=1
2026-09-15 10:39:42 FAIL fb vybor-diktora-2026-09-14 :: PUBLISH vybor-diktora-2026-09-14 ...
FAIL vybor-diktora-2026-09-14 -> PAGE=319271621473482
FB_FAIL {"error":{"message":"(#100) 0 does not resolve to a valid user ID","type":"OAuthException","code":100,"fbtrace_id":"A-HzuHr-QNQlVaBlU-DBv9C"}}
DONE ok=0 skip=0 fail=1
2026-09-15 10:39:44 PENDING ig (no IG token - run ig/ig-ensure-token.ps1)
2026-09-15 10:39:44 CYCLE 2026-09-15 10:39:44 :: tg=0/0 fb=0/2 vk=0/0
2026-09-15 10:44:48 FAIL fb golos-banka-2026-09-13 :: PUBLISH golos-banka-2026-09-13 ...
FAIL golos-banka-2026-09-13 -> PAGE=319271621473482
FB_FAIL {"error":{"message":"(#100) 0 does not resolve to a valid user ID","type":"OAuthException","code":100,"fbtrace_id":"AY6rM1InZJ-_xWyCvHOlxTf"}}
DONE ok=0 skip=0 fail=1
2026-09-15 10:44:54 FAIL fb vybor-diktora-2026-09-14 :: PUBLISH vybor-diktora-2026-09-14 ...
FAIL vybor-diktora-2026-09-14 -> PAGE=319271621473482
FB_FAIL {"error":{"message":"(#100) 0 does not resolve to a valid user ID","type":"OAuthException","code":100,"fbtrace_id":"A3yNyy_N2o9D7Vsn6Knd7KH"}}
DONE ok=0 skip=0 fail=1
2026-09-15 10:44:56 PENDING ig (no IG token - run ig/ig-ensure-token.ps1)
2026-09-15 10:44:56 CYCLE 2026-09-15 10:44:56 :: tg=0/0 fb=0/2 vk=0/0
2026-09-15 10:50:00 FAIL fb golos-banka-2026-09-13 :: PUBLISH golos-banka-2026-09-13 ...
FAIL golos-banka-2026-09-13 -> PAGE=319271621473482
FB_FAIL {"error":{"message":"(#100) 0 does not resolve to a valid user ID","type":"OAuthException","code":100,"fbtrace_id":"AuGwBhCeRILJPkKuLMIZObD"}}
DONE ok=0 skip=0 fail=1
2026-09-15 10:50:06 FAIL fb vybor-diktora-2026-09-14 :: PUBLISH vybor-diktora-2026-09-14 ...
FAIL vybor-diktora-2026-09-14 -> PAGE=319271621473482
FB_FAIL {"error":{"message":"(#100) 0 does not resolve to a valid user ID","type":"OAuthException","code":100,"fbtrace_id":"AvSLsbIQcwf31Ocbh3udKEk"}}
DONE ok=0 skip=0 fail=1
2026-09-15 10:50:08 PENDING ig (no IG token - run ig/ig-ensure-token.ps1)
2026-09-15 10:50:08 CYCLE 2026-09-15 10:50:08 :: tg=0/0 fb=0/2 vk=0/0
2026-09-15 10:55:12 FAIL fb golos-banka-2026-09-13 :: PUBLISH golos-banka-2026-09-13 ...
FAIL golos-banka-2026-09-13 -> PAGE=319271621473482
FB_FAIL {"error":{"message":"(#100) 0 does not resolve to a valid user ID","type":"OAuthException","code":100,"fbtrace_id":"AiDCqRNce7cw5weSriP0igi"}}
DONE ok=0 skip=0 fail=1
2026-09-15 10:55:18 FAIL fb vybor-diktora-2026-09-14 :: PUBLISH vybor-diktora-2026-09-14 ...
FAIL vybor-diktora-2026-09-14 -> PAGE=319271621473482
FB_FAIL {"error":{"message":"(#100) 0 does not resolve to a valid user ID","type":"OAuthException","code":100,"fbtrace_id":"AORk9lEjaEQ_TEOJ5NVC8Xm"}}
DONE ok=0 skip=0 fail=1
2026-09-15 10:55:20 PENDING ig (no IG token - run ig/ig-ensure-token.ps1)
2026-09-15 10:55:20 CYCLE 2026-09-15 10:55:20 :: tg=0/0 fb=0/2 vk=0/0
2026-09-15 11:00:24 FAIL fb golos-banka-2026-09-13 :: PUBLISH golos-banka-2026-09-13 ...
FAIL golos-banka-2026-09-13 -> PAGE=319271621473482
FB_FAIL {"error":{"message":"(#100) 0 does not resolve to a valid user ID","type":"OAuthException","code":100,"fbtrace_id":"AFjB1OiluyaYpRvZFOnNEkA"}}
DONE ok=0 skip=0 fail=1
2026-09-15 11:00:30 FAIL fb vybor-diktora-2026-09-14 :: PUBLISH vybor-diktora-2026-09-14 ...
FAIL vybor-diktora-2026-09-14 -> PAGE=319271621473482
FB_FAIL {"error":{"message":"(#100) 0 does not resolve to a valid user ID","type":"OAuthException","code":100,"fbtrace_id":"ADWG5oUQtrxAKQsetmsPyuG"}}
DONE ok=0 skip=0 fail=1
2026-09-15 11:00:32 PENDING ig (no IG token - run ig/ig-ensure-token.ps1)
2026-09-15 11:00:32 CYCLE 2026-09-15 11:00:32 :: tg=0/0 fb=0/2 vk=0/0
2026-09-15 11:05:36 FAIL fb golos-banka-2026-09-13 :: PUBLISH golos-banka-2026-09-13 ...
FAIL golos-banka-2026-09-13 -> PAGE=319271621473482
FB_FAIL {"error":{"message":"(#100) 0 does not resolve to a valid user ID","type":"OAuthException","code":100,"fbtrace_id":"ApTbcp4XXJIJIOJIBVUjXIH"}}
DONE ok=0 skip=0 fail=1
2026-09-15 11:05:44 FAIL fb vybor-diktora-2026-09-14 :: PUBLISH vybor-diktora-2026-09-14 ...
FAIL vybor-diktora-2026-09-14 -> PAGE=319271621473482
FB_FAIL {"error":{"message":"(#100) 0 does not resolve to a valid user ID","type":"OAuthException","code":100,"fbtrace_id":"AjIpkZXc74054W1pAcdS6ya"}}
DONE ok=0 skip=0 fail=1
2026-09-15 11:05:46 PENDING ig (no IG token - run ig/ig-ensure-token.ps1)
2026-09-15 11:05:46 CYCLE 2026-09-15 11:05:46 :: tg=0/0 fb=0/2 vk=0/0
2026-09-15 11:10:50 FAIL fb golos-banka-2026-09-13 :: PUBLISH golos-banka-2026-09-13 ...
FAIL golos-banka-2026-09-13 -> PAGE=319271621473482
FB_FAIL {"error":{"message":"(#100) 0 does not resolve to a valid user ID","type":"OAuthException","code":100,"fbtrace_id":"A68OjtWaS9xS1a98sOn1CfK"}}
DONE ok=0 skip=0 fail=1
2026-09-15 11:10:56 FAIL fb vybor-diktora-2026-09-14 :: PUBLISH vybor-diktora-2026-09-14 ...
FAIL vybor-diktora-2026-09-14 -> PAGE=319271621473482
FB_FAIL {"error":{"message":"(#100) 0 does not resolve to a valid user ID","type":"OAuthException","code":100,"fbtrace_id":"AKWgVpvW4M56fF5q6cHMbl6"}}
DONE ok=0 skip=0 fail=1
2026-09-15 11:10:58 PENDING ig (no IG token - run ig/ig-ensure-token.ps1)
2026-09-15 11:10:58 CYCLE 2026-09-15 11:10:58 :: tg=0/0 fb=0/2 vk=0/0
2026-09-15 11:16:02 FAIL fb golos-banka-2026-09-13 :: PUBLISH golos-banka-2026-09-13 ...
FAIL golos-banka-2026-09-13 -> PAGE=319271621473482
FB_FAIL {"error":{"message":"(#100) 0 does not resolve to a valid user ID","type":"OAuthException","code":100,"fbtrace_id":"A4NfUlcmBIlf3A6jZUDWOns"}}
DONE ok=0 skip=0 fail=1
2026-09-15 11:16:08 FAIL fb vybor-diktora-2026-09-14 :: PUBLISH vybor-diktora-2026-09-14 ...
FAIL vybor-diktora-2026-09-14 -> PAGE=319271621473482
FB_FAIL {"error":{"message":"(#100) 0 does not resolve to a valid user ID","type":"OAuthException","code":100,"fbtrace_id":"Av2alYzo70BZQhILE56w0s6"}}
DONE ok=0 skip=0 fail=1
2026-09-15 11:16:10 PENDING ig (no IG token - run ig/ig-ensure-token.ps1)
2026-09-15 11:16:10 CYCLE 2026-09-15 11:16:10 :: tg=0/0 fb=0/2 vk=0/0
2026-09-15 11:21:14 FAIL fb golos-banka-2026-09-13 :: PUBLISH golos-banka-2026-09-13 ...
FAIL golos-banka-2026-09-13 -> PAGE=319271621473482
FB_FAIL {"error":{"message":"(#100) 0 does not resolve to a valid user ID","type":"OAuthException","code":100,"fbtrace_id":"Aey7qK8Bt74D3BBUV5ljt-2"}}
DONE ok=0 skip=0 fail=1
2026-09-15 11:21:20 FAIL fb vybor-diktora-2026-09-14 :: PUBLISH vybor-diktora-2026-09-14 ...
FAIL vybor-diktora-2026-09-14 -> PAGE=319271621473482
FB_FAIL {"error":{"message":"(#100) 0 does not resolve to a valid user ID","type":"OAuthException","code":100,"fbtrace_id":"AFdBeMazocuRNZMpLs5j48D"}}
DONE ok=0 skip=0 fail=1
2026-09-15 11:21:22 PENDING ig (no IG token - run ig/ig-ensure-token.ps1)
2026-09-15 11:21:22 CYCLE 2026-09-15 11:21:22 :: tg=0/0 fb=0/2 vk=0/0
2026-09-15 11:26:26 FAIL fb golos-banka-2026-09-13 :: PUBLISH golos-banka-2026-09-13 ...
FAIL golos-banka-2026-09-13 -> PAGE=319271621473482
FB_FAIL {"error":{"message":"(#100) 0 does not resolve to a valid user ID","type":"OAuthException","code":100,"fbtrace_id":"AQ4zR3Ld7tfdBvvDGWjIJB8"}}
DONE ok=0 skip=0 fail=1
2026-09-15 11:26:32 FAIL fb vybor-diktora-2026-09-14 :: PUBLISH vybor-diktora-2026-09-14 ...
FAIL vybor-diktora-2026-09-14 -> PAGE=319271621473482
FB_FAIL {"error":{"message":"(#100) 0 does not resolve to a valid user ID","type":"OAuthException","code":100,"fbtrace_id":"AAp6Fk2cg5we9HJv-Tsm6K0"}}
DONE ok=0 skip=0 fail=1
2026-09-15 11:26:34 PENDING ig (no IG token - run ig/ig-ensure-token.ps1)
2026-09-15 11:26:34 CYCLE 2026-09-15 11:26:34 :: tg=0/0 fb=0/2 vk=0/0
2026-09-15 11:31:38 FAIL fb golos-banka-2026-09-13 :: PUBLISH golos-banka-2026-09-13 ...
FAIL golos-banka-2026-09-13 -> PAGE=319271621473482
FB_FAIL {"error":{"message":"(#100) 0 does not resolve to a valid user ID","type":"OAuthException","code":100,"fbtrace_id":"AuW1xmvXsAAtLas3FAwzRaE"}}
DONE ok=0 skip=0 fail=1
2026-09-15 11:31:44 FAIL fb vybor-diktora-2026-09-14 :: PUBLISH vybor-diktora-2026-09-14 ...
FAIL vybor-diktora-2026-09-14 -> PAGE=319271621473482
FB_FAIL {"error":{"message":"(#100) 0 does not resolve to a valid user ID","type":"OAuthException","code":100,"fbtrace_id":"AmBPtpItLE4uLv3L1Shu6ER"}}
DONE ok=0 skip=0 fail=1
2026-09-15 11:31:46 PENDING ig (no IG token - run ig/ig-ensure-token.ps1)
2026-09-15 11:31:46 CYCLE 2026-09-15 11:31:46 :: tg=0/0 fb=0/2 vk=0/0
2026-09-15 11:36:50 FAIL fb golos-banka-2026-09-13 :: PUBLISH golos-banka-2026-09-13 ...
FAIL golos-banka-2026-09-13 -> PAGE=319271621473482
FB_FAIL {"error":{"message":"(#100) 0 does not resolve to a valid user ID","type":"OAuthException","code":100,"fbtrace_id":"AsSx8UboY4IwljPx9bVkn9y"}}
DONE ok=0 skip=0 fail=1
2026-09-15 11:36:56 FAIL fb vybor-diktora-2026-09-14 :: PUBLISH vybor-diktora-2026-09-14 ...
FAIL vybor-diktora-2026-09-14 -> PAGE=319271621473482
FB_FAIL {"error":{"message":"(#100) 0 does not resolve to a valid user ID","type":"OAuthException","code":100,"fbtrace_id":"AnpNGMarFklgW4ysdPd7ciC"}}
DONE ok=0 skip=0 fail=1
2026-09-15 11:36:58 PENDING ig (no IG token - run ig/ig-ensure-token.ps1)
2026-09-15 11:36:58 CYCLE 2026-09-15 11:36:58 :: tg=0/0 fb=0/2 vk=0/0
2026-09-15 11:42:02 FAIL fb golos-banka-2026-09-13 :: PUBLISH golos-banka-2026-09-13 ...
FAIL golos-banka-2026-09-13 -> PAGE=319271621473482
FB_FAIL {"error":{"message":"(#100) 0 does not resolve to a valid user ID","type":"OAuthException","code":100,"fbtrace_id":"AFzWuBNkjPJevXQcr5tBL0E"}}
DONE ok=0 skip=0 fail=1
2026-09-15 11:42:08 FAIL fb vybor-diktora-2026-09-14 :: PUBLISH vybor-diktora-2026-09-14 ...
FAIL vybor-diktora-2026-09-14 -> PAGE=319271621473482
FB_FAIL {"error":{"message":"(#100) 0 does not resolve to a valid user ID","type":"OAuthException","code":100,"fbtrace_id":"AgDYBSnsdMUjOY5XO5groVa"}}
DONE ok=0 skip=0 fail=1
2026-09-15 11:42:10 PENDING ig (no IG token - run ig/ig-ensure-token.ps1)
2026-09-15 11:42:10 CYCLE 2026-09-15 11:42:10 :: tg=0/0 fb=0/2 vk=0/0
2026-09-15 11:47:14 FAIL fb golos-banka-2026-09-13 :: PUBLISH golos-banka-2026-09-13 ...
FAIL golos-banka-2026-09-13 -> PAGE=319271621473482
FB_FAIL {"error":{"message":"(#100) 0 does not resolve to a valid user ID","type":"OAuthException","code":100,"fbtrace_id":"AtQzxd0kklxhMaaE75qXKA1"}}
DONE ok=0 skip=0 fail=1
2026-09-15 11:47:20 FAIL fb vybor-diktora-2026-09-14 :: PUBLISH vybor-diktora-2026-09-14 ...
FAIL vybor-diktora-2026-09-14 -> PAGE=319271621473482
FB_FAIL {"error":{"message":"(#100) 0 does not resolve to a valid user ID","type":"OAuthException","code":100,"fbtrace_id":"ANSPCdcf2htdYWpBuBceP56"}}
DONE ok=0 skip=0 fail=1
2026-09-15 11:47:22 PENDING ig (no IG token - run ig/ig-ensure-token.ps1)
2026-09-15 11:47:22 CYCLE 2026-09-15 11:47:22 :: tg=0/0 fb=0/2 vk=0/0
2026-09-15 11:52:26 FAIL fb golos-banka-2026-09-13 :: PUBLISH golos-banka-2026-09-13 ...
FAIL golos-banka-2026-09-13 -> PAGE=319271621473482
FB_FAIL {"error":{"message":"(#100) 0 does not resolve to a valid user ID","type":"OAuthException","code":100,"fbtrace_id":"AxxZlaAmagT21kf93Z_xb97"}}
DONE ok=0 skip=0 fail=1
2026-09-15 11:52:32 FAIL fb vybor-diktora-2026-09-14 :: PUBLISH vybor-diktora-2026-09-14 ...
FAIL vybor-diktora-2026-09-14 -> PAGE=319271621473482
FB_FAIL {"error":{"message":"(#100) 0 does not resolve to a valid user ID","type":"OAuthException","code":100,"fbtrace_id":"AEqwkh64GkCKVebIUZi7BAe"}}
DONE ok=0 skip=0 fail=1
2026-09-15 11:52:34 PENDING ig (no IG token - run ig/ig-ensure-token.ps1)
2026-09-15 11:52:34 CYCLE 2026-09-15 11:52:34 :: tg=0/0 fb=0/2 vk=0/0
2026-09-15 11:57:41 FAIL fb golos-banka-2026-09-13 :: PUBLISH golos-banka-2026-09-13 ...
FAIL golos-banka-2026-09-13 -> PAGE=319271621473482
FB_FAIL {"error":{"message":"(#100) 0 does not resolve to a valid user ID","type":"OAuthException","code":100,"fbtrace_id":"Aht9j-vQ2HBdmSn5zp9hluj"}}
DONE ok=0 skip=0 fail=1
2026-09-15 11:57:54 FAIL fb vybor-diktora-2026-09-14 :: PUBLISH vybor-diktora-2026-09-14 ...
FAIL vybor-diktora-2026-09-14 -> PAGE=319271621473482
FB_FAIL {"error":{"message":"(#100) 0 does not resolve to a valid user ID","type":"OAuthException","code":100,"fbtrace_id":"AcDxckzwCV2xudXOP_eXPvH"}}
DONE ok=0 skip=0 fail=1
2026-09-15 11:57:56 PENDING ig (no IG token - run ig/ig-ensure-token.ps1)
2026-09-15 11:57:56 CYCLE 2026-09-15 11:57:56 :: tg=0/0 fb=0/2 vk=0/0
2026-09-15 12:02:59 FAIL tg ozvuchka-video-2026-09-15 :: SENT guid=ozvuchka-video-2026-09-15 msg=11 chat=Аудио-Рекламаru - флагман деловой звукозаписи
DONE ok=1 fail=0
2026-09-15 12:03:10 FAIL fb golos-banka-2026-09-13 :: PUBLISH golos-banka-2026-09-13 ...
FAIL golos-banka-2026-09-13 -> PAGE=319271621473482
FB_FAIL {"error":{"message":"(#100) 0 does not resolve to a valid user ID","type":"OAuthException","code":100,"fbtrace_id":"ASQxsHSLxxH_kb7M2iTEdoq"}}
DONE ok=0 skip=0 fail=1
2026-09-15 12:03:16 FAIL fb vybor-diktora-2026-09-14 :: PUBLISH vybor-diktora-2026-09-14 ...
FAIL vybor-diktora-2026-09-14 -> PAGE=319271621473482
FB_FAIL {"error":{"message":"(#100) 0 does not resolve to a valid user ID","type":"OAuthException","code":100,"fbtrace_id":"A3RGPXysKQguihJDboERLgS"}}
DONE ok=0 skip=0 fail=1
2026-09-15 12:03:22 FAIL fb ozvuchka-video-2026-09-15 :: PUBLISH ozvuchka-video-2026-09-15 ...
FAIL ozvuchka-video-2026-09-15 -> PAGE=319271621473482
FB_FAIL {"error":{"message":"(#100) 0 does not resolve to a valid user ID","type":"OAuthException","code":100,"fbtrace_id":"AO1Jba8zGQ9J9lHTyY3iDTb"}}
DONE ok=0 skip=0 fail=1
2026-09-15 12:03:24 PENDING ig (no IG token - run ig/ig-ensure-token.ps1)
2026-09-15 12:03:25 CYCLE 2026-09-15 12:03:25 :: tg=0/1 fb=0/3 vk=0/0
2026-09-15 12:08:29 FAIL fb golos-banka-2026-09-13 :: PUBLISH golos-banka-2026-09-13 ...
FAIL golos-banka-2026-09-13 -> PAGE=319271621473482
FB_FAIL {"error":{"message":"(#100) 0 does not resolve to a valid user ID","type":"OAuthException","code":100,"fbtrace_id":"Aqrg2FywXMGwX5MQZQKgnaM"}}
DONE ok=0 skip=0 fail=1
2026-09-15 12:08:35 FAIL fb vybor-diktora-2026-09-14 :: PUBLISH vybor-diktora-2026-09-14 ...
FAIL vybor-diktora-2026-09-14 -> PAGE=319271621473482
FB_FAIL {"error":{"message":"(#100) 0 does not resolve to a valid user ID","type":"OAuthException","code":100,"fbtrace_id":"Aim_BZrZ14VbNsgLQGYKiMZ"}}
DONE ok=0 skip=0 fail=1
2026-09-15 12:08:41 FAIL fb ozvuchka-video-2026-09-15 :: PUBLISH ozvuchka-video-2026-09-15 ...
FAIL ozvuchka-video-2026-09-15 -> PAGE=319271621473482
FB_FAIL {"error":{"message":"(#100) 0 does not resolve to a valid user ID","type":"OAuthException","code":100,"fbtrace_id":"Aox5PA6Z2VMhZJmOSrRe1sN"}}
DONE ok=0 skip=0 fail=1
2026-09-15 12:08:43 PENDING ig (no IG token - run ig/ig-ensure-token.ps1)
2026-09-15 12:08:43 CYCLE 2026-09-15 12:08:43 :: tg=0/0 fb=0/3 vk=0/0
2026-09-15 12:13:47 FAIL fb golos-banka-2026-09-13 :: PUBLISH golos-banka-2026-09-13 ...
FAIL golos-banka-2026-09-13 -> PAGE=319271621473482
FB_FAIL {"error":{"message":"(#100) 0 does not resolve to a valid user ID","type":"OAuthException","code":100,"fbtrace_id":"AojtK2LY4JqxEYvjQMlCmq5"}}
DONE ok=0 skip=0 fail=1
2026-09-15 12:13:53 FAIL fb vybor-diktora-2026-09-14 :: PUBLISH vybor-diktora-2026-09-14 ...
FAIL vybor-diktora-2026-09-14 -> PAGE=319271621473482
FB_FAIL {"error":{"message":"(#100) 0 does not resolve to a valid user ID","type":"OAuthException","code":100,"fbtrace_id":"Ai0aTrHMO-umKcGCyDD_zVL"}}
DONE ok=0 skip=0 fail=1
2026-09-15 12:13:59 FAIL fb ozvuchka-video-2026-09-15 :: PUBLISH ozvuchka-video-2026-09-15 ...
FAIL ozvuchka-video-2026-09-15 -> PAGE=319271621473482
FB_FAIL {"error":{"message":"(#100) 0 does not resolve to a valid user ID","type":"OAuthException","code":100,"fbtrace_id":"AcLuBEQH-CwxLOuoekszp31"}}
DONE ok=0 skip=0 fail=1
2026-09-15 12:14:01 PENDING ig (no IG token - run ig/ig-ensure-token.ps1)
2026-09-15 12:14:01 CYCLE 2026-09-15 12:14:01 :: tg=0/0 fb=0/3 vk=0/0
2026-09-15 12:19:05 FAIL fb golos-banka-2026-09-13 :: PUBLISH golos-banka-2026-09-13 ...
FAIL golos-banka-2026-09-13 -> PAGE=319271621473482
FB_FAIL {"error":{"message":"(#100) 0 does not resolve to a valid user ID","type":"OAuthException","code":100,"fbtrace_id":"A1FqUWoAsAgbBLhx-b2XDlT"}}
DONE ok=0 skip=0 fail=1
2026-09-15 12:19:11 FAIL fb vybor-diktora-2026-09-14 :: PUBLISH vybor-diktora-2026-09-14 ...
FAIL vybor-diktora-2026-09-14 -> PAGE=319271621473482
FB_FAIL {"error":{"message":"(#100) 0 does not resolve to a valid user ID","type":"OAuthException","code":100,"fbtrace_id":"A2JXa8A4N3AVo6dzvexcMt9"}}
DONE ok=0 skip=0 fail=1
2026-09-15 12:19:17 FAIL fb ozvuchka-video-2026-09-15 :: PUBLISH ozvuchka-video-2026-09-15 ...
FAIL ozvuchka-video-2026-09-15 -> PAGE=319271621473482
FB_FAIL {"error":{"message":"(#100) 0 does not resolve to a valid user ID","type":"OAuthException","code":100,"fbtrace_id":"AxRdP2zOS8AWT-CMf_HdK9c"}}
DONE ok=0 skip=0 fail=1
2026-09-15 12:19:19 PENDING ig (no IG token - run ig/ig-ensure-token.ps1)
2026-09-15 12:19:19 CYCLE 2026-09-15 12:19:19 :: tg=0/0 fb=0/3 vk=0/0
2026-09-15 12:24:23 FAIL fb golos-banka-2026-09-13 :: PUBLISH golos-banka-2026-09-13 ...
FAIL golos-banka-2026-09-13 -> PAGE=319271621473482
FB_FAIL {"error":{"message":"(#100) 0 does not resolve to a valid user ID","type":"OAuthException","code":100,"fbtrace_id":"AR9FmzgiL4agXeGfTUZ0Hhx"}}
DONE ok=0 skip=0 fail=1
2026-09-15 12:24:29 FAIL fb vybor-diktora-2026-09-14 :: PUBLISH vybor-diktora-2026-09-14 ...
FAIL vybor-diktora-2026-09-14 -> PAGE=319271621473482
FB_FAIL {"error":{"message":"(#100) 0 does not resolve to a valid user ID","type":"OAuthException","code":100,"fbtrace_id":"A376kyDIJF1IFHv7gaKPDB9"}}
DONE ok=0 skip=0 fail=1
2026-09-15 12:24:35 FAIL fb ozvuchka-video-2026-09-15 :: PUBLISH ozvuchka-video-2026-09-15 ...
FAIL ozvuchka-video-2026-09-15 -> PAGE=319271621473482
FB_FAIL {"error":{"message":"(#100) 0 does not resolve to a valid user ID","type":"OAuthException","code":100,"fbtrace_id":"Atu7UXyncjRZC1ScicoBBoU"}}
DONE ok=0 skip=0 fail=1
2026-09-15 12:24:37 PENDING ig (no IG token - run ig/ig-ensure-token.ps1)
2026-09-15 12:24:37 CYCLE 2026-09-15 12:24:37 :: tg=0/0 fb=0/3 vk=0/0
2026-09-15 12:29:41 FAIL fb golos-banka-2026-09-13 :: PUBLISH golos-banka-2026-09-13 ...
FAIL golos-banka-2026-09-13 -> PAGE=319271621473482
FB_FAIL {"error":{"message":"(#100) 0 does not resolve to a valid user ID","type":"OAuthException","code":100,"fbtrace_id":"AqPwOwj9wEGAL-HH0tbk17x"}}
DONE ok=0 skip=0 fail=1
2026-09-15 12:29:47 FAIL fb vybor-diktora-2026-09-14 :: PUBLISH vybor-diktora-2026-09-14 ...
FAIL vybor-diktora-2026-09-14 -> PAGE=319271621473482
FB_FAIL {"error":{"message":"(#100) 0 does not resolve to a valid user ID","type":"OAuthException","code":100,"fbtrace_id":"A2fpJh4pH3brFTIig6YYY7S"}}
DONE ok=0 skip=0 fail=1
2026-09-15 12:29:53 FAIL fb ozvuchka-video-2026-09-15 :: PUBLISH ozvuchka-video-2026-09-15 ...
FAIL ozvuchka-video-2026-09-15 -> PAGE=319271621473482
FB_FAIL {"error":{"message":"(#100) 0 does not resolve to a valid user ID","type":"OAuthException","code":100,"fbtrace_id":"Ai7GN11RJR3nCOfnnTDTbYB"}}
DONE ok=0 skip=0 fail=1
2026-09-15 12:29:55 PENDING ig (no IG token - run ig/ig-ensure-token.ps1)
2026-09-15 12:29:55 CYCLE 2026-09-15 12:29:55 :: tg=0/0 fb=0/3 vk=0/0
2026-09-15 12:34:59 FAIL fb golos-banka-2026-09-13 :: PUBLISH golos-banka-2026-09-13 ...
FAIL golos-banka-2026-09-13 -> PAGE=319271621473482
FB_FAIL {"error":{"message":"(#100) 0 does not resolve to a valid user ID","type":"OAuthException","code":100,"fbtrace_id":"AAaLrBf_Om3bNW6BLFVx--i"}}
DONE ok=0 skip=0 fail=1
2026-09-15 12:35:05 FAIL fb vybor-diktora-2026-09-14 :: PUBLISH vybor-diktora-2026-09-14 ...
FAIL vybor-diktora-2026-09-14 -> PAGE=319271621473482
FB_FAIL {"error":{"message":"(#100) 0 does not resolve to a valid user ID","type":"OAuthException","code":100,"fbtrace_id":"AY2hdQ-Licjg9qbrofUJwlX"}}
DONE ok=0 skip=0 fail=1
2026-09-15 12:35:11 FAIL fb ozvuchka-video-2026-09-15 :: PUBLISH ozvuchka-video-2026-09-15 ...
FAIL ozvuchka-video-2026-09-15 -> PAGE=319271621473482
FB_FAIL {"error":{"message":"(#100) 0 does not resolve to a valid user ID","type":"OAuthException","code":100,"fbtrace_id":"AOiDO1kfiXVxb4fZkIGzzO-"}}
DONE ok=0 skip=0 fail=1
2026-09-15 12:35:13 PENDING ig (no IG token - run ig/ig-ensure-token.ps1)
2026-09-15 12:35:13 CYCLE 2026-09-15 12:35:13 :: tg=0/0 fb=0/3 vk=0/0
2026-09-15 12:40:16 FAIL fb golos-banka-2026-09-13 :: PUBLISH golos-banka-2026-09-13 ...
FAIL golos-banka-2026-09-13 -> PAGE=319271621473482
FB_FAIL {"error":{"message":"(#100) 0 does not resolve to a valid user ID","type":"OAuthException","code":100,"fbtrace_id":"ATNiwmMOf-oRPYMeb_9h4Oa"}}
DONE ok=0 skip=0 fail=1
2026-09-15 12:40:22 FAIL fb vybor-diktora-2026-09-14 :: PUBLISH vybor-diktora-2026-09-14 ...
FAIL vybor-diktora-2026-09-14 -> PAGE=319271621473482
FB_FAIL {"error":{"message":"(#100) 0 does not resolve to a valid user ID","type":"OAuthException","code":100,"fbtrace_id":"AARkAYsaLGyRkGsIi_ZwSo5"}}
DONE ok=0 skip=0 fail=1
2026-09-15 12:40:28 FAIL fb ozvuchka-video-2026-09-15 :: PUBLISH ozvuchka-video-2026-09-15 ...
FAIL ozvuchka-video-2026-09-15 -> PAGE=319271621473482
FB_FAIL {"error":{"message":"(#100) 0 does not resolve to a valid user ID","type":"OAuthException","code":100,"fbtrace_id":"Ae7ArO18YEkQLrF-j_h7zWp"}}
DONE ok=0 skip=0 fail=1
2026-09-15 12:40:30 PENDING ig (no IG token - run ig/ig-ensure-token.ps1)
2026-09-15 12:40:30 CYCLE 2026-09-15 12:40:30 :: tg=0/0 fb=0/3 vk=0/0
2026-09-15 12:45:34 FAIL fb golos-banka-2026-09-13 :: PUBLISH golos-banka-2026-09-13 ...
FAIL golos-banka-2026-09-13 -> PAGE=319271621473482
FB_FAIL {"error":{"message":"(#100) 0 does not resolve to a valid user ID","type":"OAuthException","code":100,"fbtrace_id":"AwaTJec4bkZ7NK9DSJzYv_N"}}
DONE ok=0 skip=0 fail=1
2026-09-15 12:45:40 FAIL fb vybor-diktora-2026-09-14 :: PUBLISH vybor-diktora-2026-09-14 ...
FAIL vybor-diktora-2026-09-14 -> PAGE=319271621473482
FB_FAIL {"error":{"message":"(#100) 0 does not resolve to a valid user ID","type":"OAuthException","code":100,"fbtrace_id":"Am1_7crfla8R_7LfWhk2sbL"}}
DONE ok=0 skip=0 fail=1
2026-09-15 12:45:46 FAIL fb ozvuchka-video-2026-09-15 :: PUBLISH ozvuchka-video-2026-09-15 ...
FAIL ozvuchka-video-2026-09-15 -> PAGE=319271621473482
FB_FAIL {"error":{"message":"(#100) 0 does not resolve to a valid user ID","type":"OAuthException","code":100,"fbtrace_id":"AJV-hbEewQ5ZUE4RAQTb25M"}}
DONE ok=0 skip=0 fail=1
2026-09-15 12:45:48 PENDING ig (no IG token - run ig/ig-ensure-token.ps1)
2026-09-15 12:45:48 CYCLE 2026-09-15 12:45:48 :: tg=0/0 fb=0/3 vk=0/0
2026-09-15 12:50:53 FAIL fb golos-banka-2026-09-13 :: PUBLISH golos-banka-2026-09-13 ...
FAIL golos-banka-2026-09-13 -> PAGE=319271621473482
FB_FAIL {"error":{"message":"(#100) 0 does not resolve to a valid user ID","type":"OAuthException","code":100,"fbtrace_id":"AZg-jhwOabGA0x5T-2AvsS7"}}
DONE ok=0 skip=0 fail=1
2026-09-15 12:50:59 FAIL fb vybor-diktora-2026-09-14 :: PUBLISH vybor-diktora-2026-09-14 ...
FAIL vybor-diktora-2026-09-14 -> PAGE=319271621473482
FB_FAIL {"error":{"message":"(#100) 0 does not resolve to a valid user ID","type":"OAuthException","code":100,"fbtrace_id":"Ad1yvyFvZoCNPpkmEhwqbRR"}}
DONE ok=0 skip=0 fail=1
2026-09-15 12:51:05 FAIL fb ozvuchka-video-2026-09-15 :: PUBLISH ozvuchka-video-2026-09-15 ...
FAIL ozvuchka-video-2026-09-15 -> PAGE=319271621473482
FB_FAIL {"error":{"message":"(#100) 0 does not resolve to a valid user ID","type":"OAuthException","code":100,"fbtrace_id":"A8p650D42u7hfgBdGRQ3V3i"}}
DONE ok=0 skip=0 fail=1
2026-09-15 12:51:07 PENDING ig (no IG token - run ig/ig-ensure-token.ps1)
2026-09-15 12:51:07 CYCLE 2026-09-15 12:51:07 :: tg=0/0 fb=0/3 vk=0/0
2026-09-15 12:56:10 FAIL fb golos-banka-2026-09-13 :: PUBLISH golos-banka-2026-09-13 ...
FAIL golos-banka-2026-09-13 -> PAGE=319271621473482
FB_FAIL {"error":{"message":"(#100) 0 does not resolve to a valid user ID","type":"OAuthException","code":100,"fbtrace_id":"As_Qzyao2ZYJW_9fmgLnUF5"}}
DONE ok=0 skip=0 fail=1
2026-09-15 12:56:16 FAIL fb vybor-diktora-2026-09-14 :: PUBLISH vybor-diktora-2026-09-14 ...
FAIL vybor-diktora-2026-09-14 -> PAGE=319271621473482
FB_FAIL {"error":{"message":"(#100) 0 does not resolve to a valid user ID","type":"OAuthException","code":100,"fbtrace_id":"AyDwxJgcD8fsC96Kt3ANLdB"}}
DONE ok=0 skip=0 fail=1
2026-09-15 12:56:22 FAIL fb ozvuchka-video-2026-09-15 :: PUBLISH ozvuchka-video-2026-09-15 ...
FAIL ozvuchka-video-2026-09-15 -> PAGE=319271621473482
FB_FAIL {"error":{"message":"(#100) 0 does not resolve to a valid user ID","type":"OAuthException","code":100,"fbtrace_id":"AqjumyP_uX1xtsYvLq4aZ0c"}}
DONE ok=0 skip=0 fail=1
2026-09-15 12:56:24 PENDING ig (no IG token - run ig/ig-ensure-token.ps1)
2026-09-15 12:56:24 CYCLE 2026-09-15 12:56:24 :: tg=0/0 fb=0/3 vk=0/0
2026-09-15 13:01:28 FAIL fb golos-banka-2026-09-13 :: PUBLISH golos-banka-2026-09-13 ...
FAIL golos-banka-2026-09-13 -> PAGE=319271621473482
FB_FAIL {"error":{"message":"(#100) 0 does not resolve to a valid user ID","type":"OAuthException","code":100,"fbtrace_id":"ASkWuB4q2BdCD0KfF0wkBR7"}}
DONE ok=0 skip=0 fail=1
2026-09-15 13:01:34 FAIL fb vybor-diktora-2026-09-14 :: PUBLISH vybor-diktora-2026-09-14 ...
FAIL vybor-diktora-2026-09-14 -> PAGE=319271621473482
FB_FAIL {"error":{"message":"(#100) 0 does not resolve to a valid user ID","type":"OAuthException","code":100,"fbtrace_id":"ASQnBFsqjVDVjChJSjuPiyw"}}
DONE ok=0 skip=0 fail=1
2026-09-15 13:01:40 FAIL fb ozvuchka-video-2026-09-15 :: PUBLISH ozvuchka-video-2026-09-15 ...
FAIL ozvuchka-video-2026-09-15 -> PAGE=319271621473482
FB_FAIL {"error":{"message":"(#100) 0 does not resolve to a valid user ID","type":"OAuthException","code":100,"fbtrace_id":"AwX3mPsIJxza_ISu3jPBrFg"}}
DONE ok=0 skip=0 fail=1
2026-09-15 13:01:42 PENDING ig (no IG token - run ig/ig-ensure-token.ps1)
2026-09-15 13:01:42 CYCLE 2026-09-15 13:01:42 :: tg=0/0 fb=0/3 vk=0/0
2026-09-15 13:06:46 FAIL fb golos-banka-2026-09-13 :: PUBLISH golos-banka-2026-09-13 ...
FAIL golos-banka-2026-09-13 -> PAGE=319271621473482
FB_FAIL {"error":{"message":"(#100) 0 does not resolve to a valid user ID","type":"OAuthException","code":100,"fbtrace_id":"A1nhujvjSeiK1xelSVGTXym"}}
DONE ok=0 skip=0 fail=1
2026-09-15 13:06:51 FAIL fb vybor-diktora-2026-09-14 :: PUBLISH vybor-diktora-2026-09-14 ...
FAIL vybor-diktora-2026-09-14 -> PAGE=319271621473482
FB_FAIL {"error":{"message":"(#100) 0 does not resolve to a valid user ID","type":"OAuthException","code":100,"fbtrace_id":"AOi0BpzIJQsKjYqJqkkDIV_"}}
DONE ok=0 skip=0 fail=1
2026-09-15 13:06:57 FAIL fb ozvuchka-video-2026-09-15 :: PUBLISH ozvuchka-video-2026-09-15 ...
FAIL ozvuchka-video-2026-09-15 -> PAGE=319271621473482
FB_FAIL {"error":{"message":"(#100) 0 does not resolve to a valid user ID","type":"OAuthException","code":100,"fbtrace_id":"AQrSl6bIfvyTVxbkt3hNK1O"}}
DONE ok=0 skip=0 fail=1
2026-09-15 13:06:59 PENDING ig (no IG token - run ig/ig-ensure-token.ps1)
2026-09-15 13:06:59 CYCLE 2026-09-15 13:06:59 :: tg=0/0 fb=0/3 vk=0/0
2026-09-15 13:12:03 FAIL fb golos-banka-2026-09-13 :: PUBLISH golos-banka-2026-09-13 ...
FAIL golos-banka-2026-09-13 -> PAGE=319271621473482
FB_FAIL {"error":{"message":"(#100) 0 does not resolve to a valid user ID","type":"OAuthException","code":100,"fbtrace_id":"AoCACQcL9kn4y8CluMgv6_w"}}
DONE ok=0 skip=0 fail=1
2026-09-15 13:12:09 FAIL fb vybor-diktora-2026-09-14 :: PUBLISH vybor-diktora-2026-09-14 ...
FAIL vybor-diktora-2026-09-14 -> PAGE=319271621473482
FB_FAIL {"error":{"message":"(#100) 0 does not resolve to a valid user ID","type":"OAuthException","code":100,"fbtrace_id":"A3eoRGEjSYdW3N1e3RKL1SG"}}
DONE ok=0 skip=0 fail=1
2026-09-15 13:12:15 FAIL fb ozvuchka-video-2026-09-15 :: PUBLISH ozvuchka-video-2026-09-15 ...
FAIL ozvuchka-video-2026-09-15 -> PAGE=319271621473482
FB_FAIL {"error":{"message":"(#100) 0 does not resolve to a valid user ID","type":"OAuthException","code":100,"fbtrace_id":"AanqFU27ORbDoUcIwXUnKnX"}}
DONE ok=0 skip=0 fail=1
2026-09-15 13:12:17 PENDING ig (no IG token - run ig/ig-ensure-token.ps1)
2026-09-15 13:12:17 CYCLE 2026-09-15 13:12:17 :: tg=0/0 fb=0/3 vk=0/0
2026-09-15 13:17:21 FAIL fb golos-banka-2026-09-13 :: PUBLISH golos-banka-2026-09-13 ...
FAIL golos-banka-2026-09-13 -> PAGE=319271621473482
FB_FAIL {"error":{"message":"(#100) 0 does not resolve to a valid user ID","type":"OAuthException","code":100,"fbtrace_id":"AT3l2tJK8x9KQ823i3M4c2E"}}
DONE ok=0 skip=0 fail=1
2026-09-15 13:17:27 FAIL fb vybor-diktora-2026-09-14 :: PUBLISH vybor-diktora-2026-09-14 ...
FAIL vybor-diktora-2026-09-14 -> PAGE=319271621473482
FB_FAIL {"error":{"message":"(#100) 0 does not resolve to a valid user ID","type":"OAuthException","code":100,"fbtrace_id":"AQPTqkDmfaW2qDxGKldk9LX"}}
DONE ok=0 skip=0 fail=1
2026-09-15 13:17:33 FAIL fb ozvuchka-video-2026-09-15 :: PUBLISH ozvuchka-video-2026-09-15 ...
FAIL ozvuchka-video-2026-09-15 -> PAGE=319271621473482
FB_FAIL {"error":{"message":"(#100) 0 does not resolve to a valid user ID","type":"OAuthException","code":100,"fbtrace_id":"AePhIrINFoI1YhccOz9FwAd"}}
DONE ok=0 skip=0 fail=1
2026-09-15 13:17:35 PENDING ig (no IG token - run ig/ig-ensure-token.ps1)
2026-09-15 13:17:35 CYCLE 2026-09-15 13:17:35 :: tg=0/0 fb=0/3 vk=0/0
2026-09-15 13:22:38 FAIL fb golos-banka-2026-09-13 :: PUBLISH golos-banka-2026-09-13 ...
FAIL golos-banka-2026-09-13 -> PAGE=319271621473482
FB_FAIL {"error":{"message":"(#100) 0 does not resolve to a valid user ID","type":"OAuthException","code":100,"fbtrace_id":"A-oB0SyWgLKw20FzLAT0XWQ"}}
DONE ok=0 skip=0 fail=1
2026-09-15 13:22:44 FAIL fb vybor-diktora-2026-09-14 :: PUBLISH vybor-diktora-2026-09-14 ...
FAIL vybor-diktora-2026-09-14 -> PAGE=319271621473482
FB_FAIL {"error":{"message":"(#100) 0 does not resolve to a valid user ID","type":"OAuthException","code":100,"fbtrace_id":"Ay2B_zDRJTdBEimtIoh4yod"}}
DONE ok=0 skip=0 fail=1
2026-09-15 13:22:50 FAIL fb ozvuchka-video-2026-09-15 :: PUBLISH ozvuchka-video-2026-09-15 ...
FAIL ozvuchka-video-2026-09-15 -> PAGE=319271621473482
FB_FAIL {"error":{"message":"(#100) 0 does not resolve to a valid user ID","type":"OAuthException","code":100,"fbtrace_id":"ATeqXt_EXWHPEd0CvPH17mf"}}
DONE ok=0 skip=0 fail=1
2026-09-15 13:22:52 PENDING ig (no IG token - run ig/ig-ensure-token.ps1)
2026-09-15 13:22:52 CYCLE 2026-09-15 13:22:52 :: tg=0/0 fb=0/3 vk=0/0
2026-09-15 13:27:56 FAIL fb golos-banka-2026-09-13 :: PUBLISH golos-banka-2026-09-13 ...
FAIL golos-banka-2026-09-13 -> PAGE=319271621473482
FB_FAIL {"error":{"message":"(#100) 0 does not resolve to a valid user ID","type":"OAuthException","code":100,"fbtrace_id":"AoLKttyVaqzpCH5cg_LUncA"}}
DONE ok=0 skip=0 fail=1
2026-09-15 13:28:02 FAIL fb vybor-diktora-2026-09-14 :: PUBLISH vybor-diktora-2026-09-14 ...
FAIL vybor-diktora-2026-09-14 -> PAGE=319271621473482
FB_FAIL {"error":{"message":"(#100) 0 does not resolve to a valid user ID","type":"OAuthException","code":100,"fbtrace_id":"AGD_b2EJXIPmjn2bMMWvP6y"}}
DONE ok=0 skip=0 fail=1
2026-09-15 13:28:08 FAIL fb ozvuchka-video-2026-09-15 :: PUBLISH ozvuchka-video-2026-09-15 ...
FAIL ozvuchka-video-2026-09-15 -> PAGE=319271621473482
FB_FAIL {"error":{"message":"(#100) 0 does not resolve to a valid user ID","type":"OAuthException","code":100,"fbtrace_id":"ANhLRfQnr3DJzPxDX3CYL19"}}
DONE ok=0 skip=0 fail=1
2026-09-15 13:28:10 PENDING ig (no IG token - run ig/ig-ensure-token.ps1)
2026-09-15 13:28:10 CYCLE 2026-09-15 13:28:10 :: tg=0/0 fb=0/3 vk=0/0
2026-09-15 13:33:14 FAIL fb golos-banka-2026-09-13 :: PUBLISH golos-banka-2026-09-13 ...
FAIL golos-banka-2026-09-13 -> PAGE=319271621473482
FB_FAIL {"error":{"message":"(#100) 0 does not resolve to a valid user ID","type":"OAuthException","code":100,"fbtrace_id":"AilNGr0C8uBMLWVamNiC6QQ"}}
DONE ok=0 skip=0 fail=1
2026-09-15 13:33:19 FAIL fb vybor-diktora-2026-09-14 :: PUBLISH vybor-diktora-2026-09-14 ...
FAIL vybor-diktora-2026-09-14 -> PAGE=319271621473482
FB_FAIL {"error":{"message":"(#100) 0 does not resolve to a valid user ID","type":"OAuthException","code":100,"fbtrace_id":"AruZhlI_TVsbTB62R2wdiEg"}}
DONE ok=0 skip=0 fail=1
2026-09-15 13:33:25 FAIL fb ozvuchka-video-2026-09-15 :: PUBLISH ozvuchka-video-2026-09-15 ...
FAIL ozvuchka-video-2026-09-15 -> PAGE=319271621473482
FB_FAIL {"error":{"message":"(#100) 0 does not resolve to a valid user ID","type":"OAuthException","code":100,"fbtrace_id":"A2O9_X5MSQW3KX3jn-VTNxz"}}
DONE ok=0 skip=0 fail=1
2026-09-15 13:33:27 PENDING ig (no IG token - run ig/ig-ensure-token.ps1)
2026-09-15 13:33:27 CYCLE 2026-09-15 13:33:27 :: tg=0/0 fb=0/3 vk=0/0
2026-09-15 13:38:31 FAIL fb golos-banka-2026-09-13 :: PUBLISH golos-banka-2026-09-13 ...
FAIL golos-banka-2026-09-13 -> PAGE=319271621473482
FB_FAIL {"error":{"message":"(#100) 0 does not resolve to a valid user ID","type":"OAuthException","code":100,"fbtrace_id":"AUvBVzt8BobFiP3ksYPAGl-"}}
DONE ok=0 skip=0 fail=1
2026-09-15 13:38:37 FAIL fb vybor-diktora-2026-09-14 :: PUBLISH vybor-diktora-2026-09-14 ...
FAIL vybor-diktora-2026-09-14 -> PAGE=319271621473482
FB_FAIL {"error":{"message":"(#100) 0 does not resolve to a valid user ID","type":"OAuthException","code":100,"fbtrace_id":"Avh2Q8ByrajoiegbQ6EnYid"}}
DONE ok=0 skip=0 fail=1
2026-09-15 13:38:43 FAIL fb ozvuchka-video-2026-09-15 :: PUBLISH ozvuchka-video-2026-09-15 ...
FAIL ozvuchka-video-2026-09-15 -> PAGE=319271621473482
FB_FAIL {"error":{"message":"(#100) 0 does not resolve to a valid user ID","type":"OAuthException","code":100,"fbtrace_id":"Aqer8NxbCgNkn68Dqj8vnxD"}}
DONE ok=0 skip=0 fail=1
2026-09-15 13:38:45 PENDING ig (no IG token - run ig/ig-ensure-token.ps1)
2026-09-15 13:38:45 CYCLE 2026-09-15 13:38:45 :: tg=0/0 fb=0/3 vk=0/0
2026-09-15 13:43:49 FAIL fb golos-banka-2026-09-13 :: PUBLISH golos-banka-2026-09-13 ...
FAIL golos-banka-2026-09-13 -> PAGE=319271621473482
FB_FAIL {"error":{"message":"(#100) 0 does not resolve to a valid user ID","type":"OAuthException","code":100,"fbtrace_id":"AfhHrvedlC-pQi377h5w850"}}
DONE ok=0 skip=0 fail=1
2026-09-15 13:43:55 FAIL fb vybor-diktora-2026-09-14 :: PUBLISH vybor-diktora-2026-09-14 ...
FAIL vybor-diktora-2026-09-14 -> PAGE=319271621473482
FB_FAIL {"error":{"message":"(#100) 0 does not resolve to a valid user ID","type":"OAuthException","code":100,"fbtrace_id":"ApjxcTrgxMe0ZqOqjWDGHKv"}}
DONE ok=0 skip=0 fail=1
2026-09-15 13:44:01 FAIL fb ozvuchka-video-2026-09-15 :: PUBLISH ozvuchka-video-2026-09-15 ...
FAIL ozvuchka-video-2026-09-15 -> PAGE=319271621473482
FB_FAIL {"error":{"message":"(#100) 0 does not resolve to a valid user ID","type":"OAuthException","code":100,"fbtrace_id":"ANtffVqq7XBJdKESaIQzwsR"}}
DONE ok=0 skip=0 fail=1
2026-09-15 13:44:03 PENDING ig (no IG token - run ig/ig-ensure-token.ps1)
2026-09-15 13:44:03 CYCLE 2026-09-15 13:44:03 :: tg=0/0 fb=0/3 vk=0/0
2026-09-15 13:49:06 FAIL fb golos-banka-2026-09-13 :: PUBLISH golos-banka-2026-09-13 ...
FAIL golos-banka-2026-09-13 -> PAGE=319271621473482
FB_FAIL {"error":{"message":"(#100) 0 does not resolve to a valid user ID","type":"OAuthException","code":100,"fbtrace_id":"A621XXRZeFxpI2SZwF4ymE2"}}
DONE ok=0 skip=0 fail=1
2026-09-15 13:49:12 FAIL fb vybor-diktora-2026-09-14 :: PUBLISH vybor-diktora-2026-09-14 ...
FAIL vybor-diktora-2026-09-14 -> PAGE=319271621473482
FB_FAIL {"error":{"message":"(#100) 0 does not resolve to a valid user ID","type":"OAuthException","code":100,"fbtrace_id":"A_XVYDL1BZBtRzZz7mg9HIi"}}
DONE ok=0 skip=0 fail=1
2026-09-15 13:49:18 FAIL fb ozvuchka-video-2026-09-15 :: PUBLISH ozvuchka-video-2026-09-15 ...
FAIL ozvuchka-video-2026-09-15 -> PAGE=319271621473482
FB_FAIL {"error":{"message":"(#100) 0 does not resolve to a valid user ID","type":"OAuthException","code":100,"fbtrace_id":"Ab-mMIRWpmqj8iRraDpBwnJ"}}
DONE ok=0 skip=0 fail=1
2026-09-15 13:49:20 PENDING ig (no IG token - run ig/ig-ensure-token.ps1)
2026-09-15 13:49:20 CYCLE 2026-09-15 13:49:20 :: tg=0/0 fb=0/3 vk=0/0
2026-09-15 13:54:24 FAIL fb golos-banka-2026-09-13 :: PUBLISH golos-banka-2026-09-13 ...
FAIL golos-banka-2026-09-13 -> PAGE=319271621473482
FB_FAIL {"error":{"message":"(#100) 0 does not resolve to a valid user ID","type":"OAuthException","code":100,"fbtrace_id":"AgPO_9As7qynrZzZS1f3yR1"}}
DONE ok=0 skip=0 fail=1
2026-09-15 13:54:30 FAIL fb vybor-diktora-2026-09-14 :: PUBLISH vybor-diktora-2026-09-14 ...
FAIL vybor-diktora-2026-09-14 -> PAGE=319271621473482
FB_FAIL {"error":{"message":"(#100) 0 does not resolve to a valid user ID","type":"OAuthException","code":100,"fbtrace_id":"AWwMglniJiv7s3L9wZL37hX"}}
DONE ok=0 skip=0 fail=1
2026-09-15 13:54:36 FAIL fb ozvuchka-video-2026-09-15 :: PUBLISH ozvuchka-video-2026-09-15 ...
FAIL ozvuchka-video-2026-09-15 -> PAGE=319271621473482
FB_FAIL {"error":{"message":"(#100) 0 does not resolve to a valid user ID","type":"OAuthException","code":100,"fbtrace_id":"AdArxKZL4OnvvZyYl5R312N"}}
DONE ok=0 skip=0 fail=1
2026-09-15 13:54:38 PENDING ig (no IG token - run ig/ig-ensure-token.ps1)
2026-09-15 13:54:38 CYCLE 2026-09-15 13:54:38 :: tg=0/0 fb=0/3 vk=0/0
2026-09-15 13:59:42 FAIL fb golos-banka-2026-09-13 :: PUBLISH golos-banka-2026-09-13 ...
FAIL golos-banka-2026-09-13 -> PAGE=319271621473482
FB_FAIL {"error":{"message":"(#100) 0 does not resolve to a valid user ID","type":"OAuthException","code":100,"fbtrace_id":"A0BFRM5-4FkF5uUO_4fsBpd"}}
DONE ok=0 skip=0 fail=1
2026-09-15 13:59:48 FAIL fb vybor-diktora-2026-09-14 :: PUBLISH vybor-diktora-2026-09-14 ...
FAIL vybor-diktora-2026-09-14 -> PAGE=319271621473482
FB_FAIL {"error":{"message":"(#100) 0 does not resolve to a valid user ID","type":"OAuthException","code":100,"fbtrace_id":"AuBU_mG5dS5Gy8LmoWoHyk_"}}
DONE ok=0 skip=0 fail=1
2026-09-15 13:59:53 FAIL fb ozvuchka-video-2026-09-15 :: PUBLISH ozvuchka-video-2026-09-15 ...
FAIL ozvuchka-video-2026-09-15 -> PAGE=319271621473482
FB_FAIL {"error":{"message":"(#100) 0 does not resolve to a valid user ID","type":"OAuthException","code":100,"fbtrace_id":"AQlvT1TzpJO8NrzjCmiwIR1"}}
DONE ok=0 skip=0 fail=1
2026-09-15 13:59:55 PENDING ig (no IG token - run ig/ig-ensure-token.ps1)
2026-09-15 13:59:55 CYCLE 2026-09-15 13:59:55 :: tg=0/0 fb=0/3 vk=0/0
2026-09-15 14:04:59 FAIL fb golos-banka-2026-09-13 :: PUBLISH golos-banka-2026-09-13 ...
FAIL golos-banka-2026-09-13 -> PAGE=319271621473482
FB_FAIL {"error":{"message":"(#100) 0 does not resolve to a valid user ID","type":"OAuthException","code":100,"fbtrace_id":"AFa_FBYf9sGhF0n3CP3_a0n"}}
DONE ok=0 skip=0 fail=1
2026-09-15 14:05:05 FAIL fb vybor-diktora-2026-09-14 :: PUBLISH vybor-diktora-2026-09-14 ...
FAIL vybor-diktora-2026-09-14 -> PAGE=319271621473482
FB_FAIL {"error":{"message":"(#100) 0 does not resolve to a valid user ID","type":"OAuthException","code":100,"fbtrace_id":"AnJGt2osxeczn27eyO5NZ_y"}}
DONE ok=0 skip=0 fail=1
2026-09-15 14:05:11 FAIL fb ozvuchka-video-2026-09-15 :: PUBLISH ozvuchka-video-2026-09-15 ...
FAIL ozvuchka-video-2026-09-15 -> PAGE=319271621473482
FB_FAIL {"error":{"message":"(#100) 0 does not resolve to a valid user ID","type":"OAuthException","code":100,"fbtrace_id":"AoEScXJaPAtafrwN7ioTY9X"}}
DONE ok=0 skip=0 fail=1
2026-09-15 14:05:13 PENDING ig (no IG token - run ig/ig-ensure-token.ps1)
2026-09-15 14:05:13 CYCLE 2026-09-15 14:05:13 :: tg=0/0 fb=0/3 vk=0/0
2026-09-15 14:10:17 FAIL fb golos-banka-2026-09-13 :: PUBLISH golos-banka-2026-09-13 ...
FAIL golos-banka-2026-09-13 -> PAGE=319271621473482
FB_FAIL {"error":{"message":"(#100) 0 does not resolve to a valid user ID","type":"OAuthException","code":100,"fbtrace_id":"AxbeIs51_j6O2l1S3wBXmkt"}}
DONE ok=0 skip=0 fail=1
2026-09-15 14:10:23 FAIL fb vybor-diktora-2026-09-14 :: PUBLISH vybor-diktora-2026-09-14 ...
FAIL vybor-diktora-2026-09-14 -> PAGE=319271621473482
FB_FAIL {"error":{"message":"(#100) 0 does not resolve to a valid user ID","type":"OAuthException","code":100,"fbtrace_id":"Afty68o4aA8rI-QJM-6LQaz"}}
DONE ok=0 skip=0 fail=1
2026-09-15 14:10:29 FAIL fb ozvuchka-video-2026-09-15 :: PUBLISH ozvuchka-video-2026-09-15 ...
FAIL ozvuchka-video-2026-09-15 -> PAGE=319271621473482
FB_FAIL {"error":{"message":"(#100) 0 does not resolve to a valid user ID","type":"OAuthException","code":100,"fbtrace_id":"AvSFdOzvJIEc7EDD8N0qQOq"}}
DONE ok=0 skip=0 fail=1
2026-09-15 14:10:31 PENDING ig (no IG token - run ig/ig-ensure-token.ps1)
2026-09-15 14:10:31 CYCLE 2026-09-15 14:10:31 :: tg=0/0 fb=0/3 vk=0/0
2026-09-15 14:15:34 FAIL fb golos-banka-2026-09-13 :: PUBLISH golos-banka-2026-09-13 ...
FAIL golos-banka-2026-09-13 -> PAGE=319271621473482
FB_FAIL {"error":{"message":"(#100) 0 does not resolve to a valid user ID","type":"OAuthException","code":100,"fbtrace_id":"AikOfm9r6sn3BicogYdOXiv"}}
DONE ok=0 skip=0 fail=1
2026-09-15 14:15:40 FAIL fb vybor-diktora-2026-09-14 :: PUBLISH vybor-diktora-2026-09-14 ...
FAIL vybor-diktora-2026-09-14 -> PAGE=319271621473482
FB_FAIL {"error":{"message":"(#100) 0 does not resolve to a valid user ID","type":"OAuthException","code":100,"fbtrace_id":"AWfebj0tepzt5aUxUcL6XKF"}}
DONE ok=0 skip=0 fail=1
2026-09-15 14:15:46 FAIL fb ozvuchka-video-2026-09-15 :: PUBLISH ozvuchka-video-2026-09-15 ...
FAIL ozvuchka-video-2026-09-15 -> PAGE=319271621473482
FB_FAIL {"error":{"message":"(#100) 0 does not resolve to a valid user ID","type":"OAuthException","code":100,"fbtrace_id":"A-hEBDB8obS9TbyThdxHqUp"}}
DONE ok=0 skip=0 fail=1
2026-09-15 14:15:48 PENDING ig (no IG token - run ig/ig-ensure-token.ps1)
2026-09-15 14:15:48 CYCLE 2026-09-15 14:15:48 :: tg=0/0 fb=0/3 vk=0/0
2026-09-15 14:20:52 FAIL fb golos-banka-2026-09-13 :: PUBLISH golos-banka-2026-09-13 ...
FAIL golos-banka-2026-09-13 -> PAGE=319271621473482
FB_FAIL {"error":{"message":"(#100) 0 does not resolve to a valid user ID","type":"OAuthException","code":100,"fbtrace_id":"AwlRi6EVBXppqSTVCMmKg8b"}}
DONE ok=0 skip=0 fail=1
2026-09-15 14:20:58 FAIL fb vybor-diktora-2026-09-14 :: PUBLISH vybor-diktora-2026-09-14 ...
FAIL vybor-diktora-2026-09-14 -> PAGE=319271621473482
FB_FAIL {"error":{"message":"(#100) 0 does not resolve to a valid user ID","type":"OAuthException","code":100,"fbtrace_id":"A8RU_l_y569848hGPcCLHU1"}}
DONE ok=0 skip=0 fail=1
2026-09-15 14:21:04 FAIL fb ozvuchka-video-2026-09-15 :: PUBLISH ozvuchka-video-2026-09-15 ...
FAIL ozvuchka-video-2026-09-15 -> PAGE=319271621473482
FB_FAIL {"error":{"message":"(#100) 0 does not resolve to a valid user ID","type":"OAuthException","code":100,"fbtrace_id":"ATefgnCk0o_toHQtiDnehZM"}}
DONE ok=0 skip=0 fail=1
2026-09-15 14:21:06 PENDING ig (no IG token - run ig/ig-ensure-token.ps1)
2026-09-15 14:21:06 CYCLE 2026-09-15 14:21:06 :: tg=0/0 fb=0/3 vk=0/0
2026-09-15 14:26:10 FAIL fb golos-banka-2026-09-13 :: PUBLISH golos-banka-2026-09-13 ...
FAIL golos-banka-2026-09-13 -> PAGE=319271621473482
FB_FAIL {"error":{"message":"(#100) 0 does not resolve to a valid user ID","type":"OAuthException","code":100,"fbtrace_id":"AetV7zZjTNk0dKbfUvCro2u"}}
DONE ok=0 skip=0 fail=1
2026-09-15 14:26:15 FAIL fb vybor-diktora-2026-09-14 :: PUBLISH vybor-diktora-2026-09-14 ...
FAIL vybor-diktora-2026-09-14 -> PAGE=319271621473482
FB_FAIL {"error":{"message":"(#100) 0 does not resolve to a valid user ID","type":"OAuthException","code":100,"fbtrace_id":"AfUpicHgRPD9rBszSEOsi6N"}}
DONE ok=0 skip=0 fail=1
2026-09-15 14:26:21 FAIL fb ozvuchka-video-2026-09-15 :: PUBLISH ozvuchka-video-2026-09-15 ...
FAIL ozvuchka-video-2026-09-15 -> PAGE=319271621473482
FB_FAIL {"error":{"message":"(#100) 0 does not resolve to a valid user ID","type":"OAuthException","code":100,"fbtrace_id":"A-86IBkXQzF7M6pOe46J-By"}}
DONE ok=0 skip=0 fail=1
2026-09-15 14:26:23 PENDING ig (no IG token - run ig/ig-ensure-token.ps1)
2026-09-15 14:26:23 CYCLE 2026-09-15 14:26:23 :: tg=0/0 fb=0/3 vk=0/0
2026-09-15 14:31:27 FAIL fb golos-banka-2026-09-13 :: PUBLISH golos-banka-2026-09-13 ...
FAIL golos-banka-2026-09-13 -> PAGE=319271621473482
FB_FAIL {"error":{"message":"(#100) 0 does not resolve to a valid user ID","type":"OAuthException","code":100,"fbtrace_id":"AfROPQ-l4u5cblNpd7Twfb8"}}
DONE ok=0 skip=0 fail=1
2026-09-15 14:31:33 FAIL fb vybor-diktora-2026-09-14 :: PUBLISH vybor-diktora-2026-09-14 ...
FAIL vybor-diktora-2026-09-14 -> PAGE=319271621473482
FB_FAIL {"error":{"message":"(#100) 0 does not resolve to a valid user ID","type":"OAuthException","code":100,"fbtrace_id":"ALuxwx-zdRWvcDSmjHZZGrC"}}
DONE ok=0 skip=0 fail=1
2026-09-15 14:31:39 FAIL fb ozvuchka-video-2026-09-15 :: PUBLISH ozvuchka-video-2026-09-15 ...
FAIL ozvuchka-video-2026-09-15 -> PAGE=319271621473482
FB_FAIL {"error":{"message":"(#100) 0 does not resolve to a valid user ID","type":"OAuthException","code":100,"fbtrace_id":"AZtA9JZj5lIgceGSxKwQq7S"}}
DONE ok=0 skip=0 fail=1
2026-09-15 14:31:41 PENDING ig (no IG token - run ig/ig-ensure-token.ps1)
2026-09-15 14:31:41 CYCLE 2026-09-15 14:31:41 :: tg=0/0 fb=0/3 vk=0/0
2026-09-15 14:36:45 FAIL fb golos-banka-2026-09-13 :: PUBLISH golos-banka-2026-09-13 ...
FAIL golos-banka-2026-09-13 -> PAGE=319271621473482
FB_FAIL {"error":{"message":"(#100) 0 does not resolve to a valid user ID","type":"OAuthException","code":100,"fbtrace_id":"ATdUG_anm0oarEFmgb1qZNl"}}
DONE ok=0 skip=0 fail=1
2026-09-15 14:36:51 FAIL fb vybor-diktora-2026-09-14 :: PUBLISH vybor-diktora-2026-09-14 ...
FAIL vybor-diktora-2026-09-14 -> PAGE=319271621473482
FB_FAIL {"error":{"message":"(#100) 0 does not resolve to a valid user ID","type":"OAuthException","code":100,"fbtrace_id":"AA_9MbJniO1Tz141bzGHl0G"}}
DONE ok=0 skip=0 fail=1
2026-09-15 14:36:57 FAIL fb ozvuchka-video-2026-09-15 :: PUBLISH ozvuchka-video-2026-09-15 ...
FAIL ozvuchka-video-2026-09-15 -> PAGE=319271621473482
FB_FAIL {"error":{"message":"(#100) 0 does not resolve to a valid user ID","type":"OAuthException","code":100,"fbtrace_id":"AEHhKD_MDhhyDR0IIZ9yFFz"}}
DONE ok=0 skip=0 fail=1
2026-09-15 14:36:59 PENDING ig (no IG token - run ig/ig-ensure-token.ps1)
2026-09-15 14:36:59 CYCLE 2026-09-15 14:36:59 :: tg=0/0 fb=0/3 vk=0/0
2026-09-15 14:42:02 FAIL fb golos-banka-2026-09-13 :: PUBLISH golos-banka-2026-09-13 ...
FAIL golos-banka-2026-09-13 -> PAGE=319271621473482
FB_FAIL {"error":{"message":"(#100) 0 does not resolve to a valid user ID","type":"OAuthException","code":100,"fbtrace_id":"A4cfle9hZspDw_tr9Ci--91"}}
DONE ok=0 skip=0 fail=1
2026-09-15 14:42:08 FAIL fb vybor-diktora-2026-09-14 :: PUBLISH vybor-diktora-2026-09-14 ...
FAIL vybor-diktora-2026-09-14 -> PAGE=319271621473482
FB_FAIL {"error":{"message":"(#100) 0 does not resolve to a valid user ID","type":"OAuthException","code":100,"fbtrace_id":"AjqX1InbuRzEaO_eApBGEFZ"}}
DONE ok=0 skip=0 fail=1
2026-09-15 14:42:14 FAIL fb ozvuchka-video-2026-09-15 :: PUBLISH ozvuchka-video-2026-09-15 ...
FAIL ozvuchka-video-2026-09-15 -> PAGE=319271621473482
FB_FAIL {"error":{"message":"(#100) 0 does not resolve to a valid user ID","type":"OAuthException","code":100,"fbtrace_id":"AI4KamlrZFtFd_v7A2G-fP-"}}
DONE ok=0 skip=0 fail=1
2026-09-15 14:42:16 PENDING ig (no IG token - run ig/ig-ensure-token.ps1)
2026-09-15 14:42:16 CYCLE 2026-09-15 14:42:16 :: tg=0/0 fb=0/3 vk=0/0
2026-09-15 14:47:20 FAIL fb golos-banka-2026-09-13 :: PUBLISH golos-banka-2026-09-13 ...
FAIL golos-banka-2026-09-13 -> PAGE=319271621473482
FB_FAIL {"error":{"message":"(#100) 0 does not resolve to a valid user ID","type":"OAuthException","code":100,"fbtrace_id":"AoEGLOA7x2npbTWoFgvl_ZU"}}
DONE ok=0 skip=0 fail=1
2026-09-15 14:47:26 FAIL fb vybor-diktora-2026-09-14 :: PUBLISH vybor-diktora-2026-09-14 ...
FAIL vybor-diktora-2026-09-14 -> PAGE=319271621473482
FB_FAIL {"error":{"message":"(#100) 0 does not resolve to a valid user ID","type":"OAuthException","code":100,"fbtrace_id":"AnFHC1I_P4h6s0_RfXSI-7Y"}}
DONE ok=0 skip=0 fail=1
2026-09-15 14:47:32 FAIL fb ozvuchka-video-2026-09-15 :: PUBLISH ozvuchka-video-2026-09-15 ...
FAIL ozvuchka-video-2026-09-15 -> PAGE=319271621473482
FB_FAIL {"error":{"message":"(#100) 0 does not resolve to a valid user ID","type":"OAuthException","code":100,"fbtrace_id":"AHYtqeAkM8rPVykDW7q_6WJ"}}
DONE ok=0 skip=0 fail=1
2026-09-15 14:47:34 PENDING ig (no IG token - run ig/ig-ensure-token.ps1)
2026-09-15 14:47:34 CYCLE 2026-09-15 14:47:34 :: tg=0/0 fb=0/3 vk=0/0
2026-09-15 14:52:38 FAIL fb golos-banka-2026-09-13 :: PUBLISH golos-banka-2026-09-13 ...
FAIL golos-banka-2026-09-13 -> PAGE=319271621473482
FB_FAIL {"error":{"message":"(#100) 0 does not resolve to a valid user ID","type":"OAuthException","code":100,"fbtrace_id":"Aj5prFypOIlBGqeOVZKhQ6f"}}
DONE ok=0 skip=0 fail=1
2026-09-15 14:52:44 FAIL fb vybor-diktora-2026-09-14 :: PUBLISH vybor-diktora-2026-09-14 ...
FAIL vybor-diktora-2026-09-14 -> PAGE=319271621473482
FB_FAIL {"error":{"message":"(#100) 0 does not resolve to a valid user ID","type":"OAuthException","code":100,"fbtrace_id":"A44hWs2Dd2e-0lYAJ948-kr"}}
DONE ok=0 skip=0 fail=1
2026-09-15 14:52:51 FAIL fb ozvuchka-video-2026-09-15 :: PUBLISH ozvuchka-video-2026-09-15 ...
FAIL ozvuchka-video-2026-09-15 -> PAGE=319271621473482
FB_FAIL {"error":{"message":"(#100) 0 does not resolve to a valid user ID","type":"OAuthException","code":100,"fbtrace_id":"Aai6BPRXImqbKVUZ9EdeiGj"}}
DONE ok=0 skip=0 fail=1
2026-09-15 14:52:53 PENDING ig (no IG token - run ig/ig-ensure-token.ps1)
2026-09-15 14:52:53 CYCLE 2026-09-15 14:52:53 :: tg=0/0 fb=0/3 vk=0/0
2026-09-15 14:57:57 FAIL fb golos-banka-2026-09-13 :: PUBLISH golos-banka-2026-09-13 ...
FAIL golos-banka-2026-09-13 -> PAGE=319271621473482
FB_FAIL {"error":{"message":"(#100) 0 does not resolve to a valid user ID","type":"OAuthException","code":100,"fbtrace_id":"Aprd_g1aIGdAB23f3-FbyKk"}}
DONE ok=0 skip=0 fail=1
2026-09-15 14:58:02 FAIL fb vybor-diktora-2026-09-14 :: PUBLISH vybor-diktora-2026-09-14 ...
FAIL vybor-diktora-2026-09-14 -> PAGE=319271621473482
FB_FAIL {"error":{"message":"(#100) 0 does not resolve to a valid user ID","type":"OAuthException","code":100,"fbtrace_id":"A0fFr8ao6-naiat9nm4nZcQ"}}
DONE ok=0 skip=0 fail=1
2026-09-15 14:58:08 FAIL fb ozvuchka-video-2026-09-15 :: PUBLISH ozvuchka-video-2026-09-15 ...
FAIL ozvuchka-video-2026-09-15 -> PAGE=319271621473482
FB_FAIL {"error":{"message":"(#100) 0 does not resolve to a valid user ID","type":"OAuthException","code":100,"fbtrace_id":"A3VzPjG6rYCZlroUIai4mvy"}}
DONE ok=0 skip=0 fail=1
2026-09-15 14:58:10 PENDING ig (no IG token - run ig/ig-ensure-token.ps1)
2026-09-15 14:58:10 CYCLE 2026-09-15 14:58:10 :: tg=0/0 fb=0/3 vk=0/0
2026-09-15 15:03:14 FAIL fb golos-banka-2026-09-13 :: PUBLISH golos-banka-2026-09-13 ...
FAIL golos-banka-2026-09-13 -> PAGE=319271621473482
FB_FAIL {"error":{"message":"(#100) 0 does not resolve to a valid user ID","type":"OAuthException","code":100,"fbtrace_id":"A55lYx-3zz58HcHkGohRnCQ"}}
DONE ok=0 skip=0 fail=1
2026-09-15 15:03:20 FAIL fb vybor-diktora-2026-09-14 :: PUBLISH vybor-diktora-2026-09-14 ...
FAIL vybor-diktora-2026-09-14 -> PAGE=319271621473482
FB_FAIL {"error":{"message":"(#100) 0 does not resolve to a valid user ID","type":"OAuthException","code":100,"fbtrace_id":"AcgIpy1eeulPUCt7eE-27WK"}}
DONE ok=0 skip=0 fail=1
2026-09-15 15:03:26 FAIL fb ozvuchka-video-2026-09-15 :: PUBLISH ozvuchka-video-2026-09-15 ...
FAIL ozvuchka-video-2026-09-15 -> PAGE=319271621473482
FB_FAIL {"error":{"message":"(#100) 0 does not resolve to a valid user ID","type":"OAuthException","code":100,"fbtrace_id":"AbwINYnDx4jTEJ8hvWUv-wo"}}
DONE ok=0 skip=0 fail=1
2026-09-15 15:03:28 PENDING ig (no IG token - run ig/ig-ensure-token.ps1)
2026-09-15 15:03:28 CYCLE 2026-09-15 15:03:28 :: tg=0/0 fb=0/3 vk=0/0
2026-09-15 15:08:32 FAIL fb golos-banka-2026-09-13 :: PUBLISH golos-banka-2026-09-13 ...
FAIL golos-banka-2026-09-13 -> PAGE=319271621473482
FB_FAIL {"error":{"message":"(#100) 0 does not resolve to a valid user ID","type":"OAuthException","code":100,"fbtrace_id":"A6lLHL5Lyw3Ov4r6huGd9VV"}}
DONE ok=0 skip=0 fail=1
2026-09-15 15:08:38 FAIL fb vybor-diktora-2026-09-14 :: PUBLISH vybor-diktora-2026-09-14 ...
FAIL vybor-diktora-2026-09-14 -> PAGE=319271621473482
FB_FAIL {"error":{"message":"(#100) 0 does not resolve to a valid user ID","type":"OAuthException","code":100,"fbtrace_id":"APr_d6GAennD4ddg6ejFvg9"}}
DONE ok=0 skip=0 fail=1
2026-09-15 15:08:44 FAIL fb ozvuchka-video-2026-09-15 :: PUBLISH ozvuchka-video-2026-09-15 ...
FAIL ozvuchka-video-2026-09-15 -> PAGE=319271621473482
FB_FAIL {"error":{"message":"(#100) 0 does not resolve to a valid user ID","type":"OAuthException","code":100,"fbtrace_id":"A5H6y84-OtHQr2gf9lEUOin"}}
DONE ok=0 skip=0 fail=1
2026-09-15 15:08:46 PENDING ig (no IG token - run ig/ig-ensure-token.ps1)
2026-09-15 15:08:46 CYCLE 2026-09-15 15:08:46 :: tg=0/0 fb=0/3 vk=0/0
2026-09-15 15:13:49 FAIL fb golos-banka-2026-09-13 :: PUBLISH golos-banka-2026-09-13 ...
FAIL golos-banka-2026-09-13 -> PAGE=319271621473482
FB_FAIL {"error":{"message":"(#100) 0 does not resolve to a valid user ID","type":"OAuthException","code":100,"fbtrace_id":"AeP-Be8l0uVZ-lyy3Wbes5C"}}
DONE ok=0 skip=0 fail=1
2026-09-15 15:13:55 FAIL fb vybor-diktora-2026-09-14 :: PUBLISH vybor-diktora-2026-09-14 ...
FAIL vybor-diktora-2026-09-14 -> PAGE=319271621473482
FB_FAIL {"error":{"message":"(#100) 0 does not resolve to a valid user ID","type":"OAuthException","code":100,"fbtrace_id":"Av26OGRsUHADGRZBRYrUA6L"}}
DONE ok=0 skip=0 fail=1
2026-09-15 15:14:01 FAIL fb ozvuchka-video-2026-09-15 :: PUBLISH ozvuchka-video-2026-09-15 ...
FAIL ozvuchka-video-2026-09-15 -> PAGE=319271621473482
FB_FAIL {"error":{"message":"(#100) 0 does not resolve to a valid user ID","type":"OAuthException","code":100,"fbtrace_id":"AbnUqZ3-N96LTMZOiuo4dvw"}}
DONE ok=0 skip=0 fail=1
2026-09-15 15:14:03 PENDING ig (no IG token - run ig/ig-ensure-token.ps1)
2026-09-15 15:14:03 CYCLE 2026-09-15 15:14:03 :: tg=0/0 fb=0/3 vk=0/0
2026-09-15 15:19:07 FAIL fb golos-banka-2026-09-13 :: PUBLISH golos-banka-2026-09-13 ...
FAIL golos-banka-2026-09-13 -> PAGE=319271621473482
FB_FAIL {"error":{"message":"(#100) 0 does not resolve to a valid user ID","type":"OAuthException","code":100,"fbtrace_id":"A0LTklnngbi_V3vq365W1ol"}}
DONE ok=0 skip=0 fail=1
2026-09-15 15:19:13 FAIL fb vybor-diktora-2026-09-14 :: PUBLISH vybor-diktora-2026-09-14 ...
FAIL vybor-diktora-2026-09-14 -> PAGE=319271621473482
FB_FAIL {"error":{"message":"(#100) 0 does not resolve to a valid user ID","type":"OAuthException","code":100,"fbtrace_id":"Akz63lxXkst-UU65Z1U0fek"}}
DONE ok=0 skip=0 fail=1
2026-09-15 15:19:19 FAIL fb ozvuchka-video-2026-09-15 :: PUBLISH ozvuchka-video-2026-09-15 ...
FAIL ozvuchka-video-2026-09-15 -> PAGE=319271621473482
FB_FAIL {"error":{"message":"(#100) 0 does not resolve to a valid user ID","type":"OAuthException","code":100,"fbtrace_id":"ACtqaZlyKAsugoZQxvVew_s"}}
DONE ok=0 skip=0 fail=1
2026-09-15 15:19:21 PENDING ig (no IG token - run ig/ig-ensure-token.ps1)
2026-09-15 15:19:21 CYCLE 2026-09-15 15:19:21 :: tg=0/0 fb=0/3 vk=0/0
2026-09-15 15:24:25 FAIL fb golos-banka-2026-09-13 :: PUBLISH golos-banka-2026-09-13 ...
FAIL golos-banka-2026-09-13 -> PAGE=319271621473482
FB_FAIL {"error":{"message":"(#100) 0 does not resolve to a valid user ID","type":"OAuthException","code":100,"fbtrace_id":"AOTdptlg9xcWn_XwK3cMDh6"}}
DONE ok=0 skip=0 fail=1
2026-09-15 15:24:31 FAIL fb vybor-diktora-2026-09-14 :: PUBLISH vybor-diktora-2026-09-14 ...
FAIL vybor-diktora-2026-09-14 -> PAGE=319271621473482
FB_FAIL {"error":{"message":"(#100) 0 does not resolve to a valid user ID","type":"OAuthException","code":100,"fbtrace_id":"Amj3VwDWNtiTyK71APxcZsn"}}
DONE ok=0 skip=0 fail=1
2026-09-15 15:24:37 FAIL fb ozvuchka-video-2026-09-15 :: PUBLISH ozvuchka-video-2026-09-15 ...
FAIL ozvuchka-video-2026-09-15 -> PAGE=319271621473482
FB_FAIL {"error":{"message":"(#100) 0 does not resolve to a valid user ID","type":"OAuthException","code":100,"fbtrace_id":"Aj98PUIKeQLPTiX9cLO0ScC"}}
DONE ok=0 skip=0 fail=1
2026-09-15 15:24:39 PENDING ig (no IG token - run ig/ig-ensure-token.ps1)
2026-09-15 15:24:39 CYCLE 2026-09-15 15:24:39 :: tg=0/0 fb=0/3 vk=0/0
2026-09-15 15:29:43 FAIL fb golos-banka-2026-09-13 :: PUBLISH golos-banka-2026-09-13 ...
FAIL golos-banka-2026-09-13 -> PAGE=319271621473482
FB_FAIL {"error":{"message":"(#100) 0 does not resolve to a valid user ID","type":"OAuthException","code":100,"fbtrace_id":"AIwl5kIIMwyV3LR9Tw4bWFg"}}
DONE ok=0 skip=0 fail=1
2026-09-15 15:29:48 FAIL fb vybor-diktora-2026-09-14 :: PUBLISH vybor-diktora-2026-09-14 ...
FAIL vybor-diktora-2026-09-14 -> PAGE=319271621473482
FB_FAIL {"error":{"message":"(#100) 0 does not resolve to a valid user ID","type":"OAuthException","code":100,"fbtrace_id":"ALugY6LASIa2LQqMqRJ4ehn"}}
DONE ok=0 skip=0 fail=1
2026-09-15 15:29:54 FAIL fb ozvuchka-video-2026-09-15 :: PUBLISH ozvuchka-video-2026-09-15 ...
FAIL ozvuchka-video-2026-09-15 -> PAGE=319271621473482
FB_FAIL {"error":{"message":"(#100) 0 does not resolve to a valid user ID","type":"OAuthException","code":100,"fbtrace_id":"AHa9AavdTY4r44hHtZ2y87K"}}
DONE ok=0 skip=0 fail=1
2026-09-15 15:29:56 PENDING ig (no IG token - run ig/ig-ensure-token.ps1)
2026-09-15 15:29:56 CYCLE 2026-09-15 15:29:56 :: tg=0/0 fb=0/3 vk=0/0
2026-09-15 15:35:00 FAIL fb golos-banka-2026-09-13 :: PUBLISH golos-banka-2026-09-13 ...
FAIL golos-banka-2026-09-13 -> PAGE=319271621473482
FB_FAIL {"error":{"message":"(#100) 0 does not resolve to a valid user ID","type":"OAuthException","code":100,"fbtrace_id":"AJdUm_aUs5anfAZ8NB6nnIp"}}
DONE ok=0 skip=0 fail=1
2026-09-15 15:35:06 FAIL fb vybor-diktora-2026-09-14 :: PUBLISH vybor-diktora-2026-09-14 ...
FAIL vybor-diktora-2026-09-14 -> PAGE=319271621473482
FB_FAIL {"error":{"message":"(#100) 0 does not resolve to a valid user ID","type":"OAuthException","code":100,"fbtrace_id":"AmaS4jLhu91i9OmkfwVofT_"}}
DONE ok=0 skip=0 fail=1
2026-09-15 15:35:12 FAIL fb ozvuchka-video-2026-09-15 :: PUBLISH ozvuchka-video-2026-09-15 ...
FAIL ozvuchka-video-2026-09-15 -> PAGE=319271621473482
FB_FAIL {"error":{"message":"(#100) 0 does not resolve to a valid user ID","type":"OAuthException","code":100,"fbtrace_id":"AZx9siNX9MQw4mLsvf1m5SK"}}
DONE ok=0 skip=0 fail=1
2026-09-15 15:35:14 PENDING ig (no IG token - run ig/ig-ensure-token.ps1)
2026-09-15 15:35:14 CYCLE 2026-09-15 15:35:14 :: tg=0/0 fb=0/3 vk=0/0
2026-09-15 15:40:18 FAIL fb golos-banka-2026-09-13 :: PUBLISH golos-banka-2026-09-13 ...
FAIL golos-banka-2026-09-13 -> PAGE=319271621473482
FB_FAIL {"error":{"message":"(#100) 0 does not resolve to a valid user ID","type":"OAuthException","code":100,"fbtrace_id":"AqPOotM9919XS2QyzrlqmIL"}}
DONE ok=0 skip=0 fail=1
2026-09-15 15:40:24 FAIL fb vybor-diktora-2026-09-14 :: PUBLISH vybor-diktora-2026-09-14 ...
FAIL vybor-diktora-2026-09-14 -> PAGE=319271621473482
FB_FAIL {"error":{"message":"(#100) 0 does not resolve to a valid user ID","type":"OAuthException","code":100,"fbtrace_id":"AOgUsE7nSR8PJY4X6LgMWTg"}}
DONE ok=0 skip=0 fail=1
2026-09-15 15:40:30 FAIL fb ozvuchka-video-2026-09-15 :: PUBLISH ozvuchka-video-2026-09-15 ...
FAIL ozvuchka-video-2026-09-15 -> PAGE=319271621473482
FB_FAIL {"error":{"message":"(#100) 0 does not resolve to a valid user ID","type":"OAuthException","code":100,"fbtrace_id":"Ah-J3qfHxypu9Dh7X3xACqZ"}}
DONE ok=0 skip=0 fail=1
2026-09-15 15:40:32 PENDING ig (no IG token - run ig/ig-ensure-token.ps1)
2026-09-15 15:40:32 CYCLE 2026-09-15 15:40:32 :: tg=0/0 fb=0/3 vk=0/0
2026-09-15 15:45:36 FAIL fb golos-banka-2026-09-13 :: PUBLISH golos-banka-2026-09-13 ...
FAIL golos-banka-2026-09-13 -> PAGE=319271621473482
FB_FAIL {"error":{"message":"(#100) 0 does not resolve to a valid user ID","type":"OAuthException","code":100,"fbtrace_id":"AYPCXJKcmYwrgGOVirpj6jY"}}
DONE ok=0 skip=0 fail=1
2026-09-15 15:45:42 FAIL fb vybor-diktora-2026-09-14 :: PUBLISH vybor-diktora-2026-09-14 ...
FAIL vybor-diktora-2026-09-14 -> PAGE=319271621473482
FB_FAIL {"error":{"message":"(#100) 0 does not resolve to a valid user ID","type":"OAuthException","code":100,"fbtrace_id":"AoIYKcinrwZJ9lIAXm5ucw4"}}
DONE ok=0 skip=0 fail=1
2026-09-15 15:45:47 FAIL fb ozvuchka-video-2026-09-15 :: PUBLISH ozvuchka-video-2026-09-15 ...
FAIL ozvuchka-video-2026-09-15 -> PAGE=319271621473482
FB_FAIL {"error":{"message":"(#100) 0 does not resolve to a valid user ID","type":"OAuthException","code":100,"fbtrace_id":"AM4R1j75oBKT6wanJcui4lX"}}
DONE ok=0 skip=0 fail=1
2026-09-15 15:45:49 PENDING ig (no IG token - run ig/ig-ensure-token.ps1)
2026-09-15 15:45:49 CYCLE 2026-09-15 15:45:49 :: tg=0/0 fb=0/3 vk=0/0
2026-09-15 15:50:53 FAIL fb golos-banka-2026-09-13 :: PUBLISH golos-banka-2026-09-13 ...
FAIL golos-banka-2026-09-13 -> PAGE=319271621473482
FB_FAIL {"error":{"message":"(#100) 0 does not resolve to a valid user ID","type":"OAuthException","code":100,"fbtrace_id":"AE5_CSujDKOGQ0ovNc9ZuZe"}}
DONE ok=0 skip=0 fail=1
2026-09-15 15:50:59 FAIL fb vybor-diktora-2026-09-14 :: PUBLISH vybor-diktora-2026-09-14 ...
FAIL vybor-diktora-2026-09-14 -> PAGE=319271621473482
FB_FAIL {"error":{"message":"(#100) 0 does not resolve to a valid user ID","type":"OAuthException","code":100,"fbtrace_id":"AzbJxL8sOLePU-LaJOWxtq8"}}
DONE ok=0 skip=0 fail=1
2026-09-15 15:51:05 FAIL fb ozvuchka-video-2026-09-15 :: PUBLISH ozvuchka-video-2026-09-15 ...
FAIL ozvuchka-video-2026-09-15 -> PAGE=319271621473482
FB_FAIL {"error":{"message":"(#100) 0 does not resolve to a valid user ID","type":"OAuthException","code":100,"fbtrace_id":"ArEfRdo9pCrytlhsbpM_3zI"}}
DONE ok=0 skip=0 fail=1
2026-09-15 15:51:07 PENDING ig (no IG token - run ig/ig-ensure-token.ps1)
2026-09-15 15:51:07 CYCLE 2026-09-15 15:51:07 :: tg=0/0 fb=0/3 vk=0/0
2026-09-15 15:56:12 FAIL fb golos-banka-2026-09-13 :: PUBLISH golos-banka-2026-09-13 ...
FAIL golos-banka-2026-09-13 -> PAGE=319271621473482
FB_FAIL {"error":{"message":"(#100) 0 does not resolve to a valid user ID","type":"OAuthException","code":100,"fbtrace_id":"An32bs_qZALw6hzP3g4ypFV"}}
DONE ok=0 skip=0 fail=1
2026-09-15 15:56:19 FAIL fb vybor-diktora-2026-09-14 :: PUBLISH vybor-diktora-2026-09-14 ...
FAIL vybor-diktora-2026-09-14 -> PAGE=319271621473482
FB_FAIL {"error":{"message":"(#100) 0 does not resolve to a valid user ID","type":"OAuthException","code":100,"fbtrace_id":"A466C_pYo6LeXuPNudJAf5F"}}
DONE ok=0 skip=0 fail=1
2026-09-15 15:56:26 FAIL fb ozvuchka-video-2026-09-15 :: PUBLISH ozvuchka-video-2026-09-15 ...
FAIL ozvuchka-video-2026-09-15 -> PAGE=319271621473482
FB_FAIL {"error":{"message":"(#100) 0 does not resolve to a valid user ID","type":"OAuthException","code":100,"fbtrace_id":"AIrMvJZcEy6ewi9BU0s_kam"}}
DONE ok=0 skip=0 fail=1
2026-09-15 15:56:28 PENDING ig (no IG token - run ig/ig-ensure-token.ps1)
2026-09-15 15:56:28 CYCLE 2026-09-15 15:56:28 :: tg=0/0 fb=0/3 vk=0/0
2026-09-15 16:01:32 FAIL fb golos-banka-2026-09-13 :: PUBLISH golos-banka-2026-09-13 ...
FAIL golos-banka-2026-09-13 -> PAGE=319271621473482
FB_FAIL {"error":{"message":"(#100) 0 does not resolve to a valid user ID","type":"OAuthException","code":100,"fbtrace_id":"AiicBlm8kkj_XijiENA1Tg3"}}
DONE ok=0 skip=0 fail=1
2026-09-15 16:01:37 FAIL fb vybor-diktora-2026-09-14 :: PUBLISH vybor-diktora-2026-09-14 ...
FAIL vybor-diktora-2026-09-14 -> PAGE=319271621473482
FB_FAIL {"error":{"message":"(#100) 0 does not resolve to a valid user ID","type":"OAuthException","code":100,"fbtrace_id":"AUflCMj5BX273Z1V3FpxA9s"}}
DONE ok=0 skip=0 fail=1
2026-09-15 16:01:43 FAIL fb ozvuchka-video-2026-09-15 :: PUBLISH ozvuchka-video-2026-09-15 ...
FAIL ozvuchka-video-2026-09-15 -> PAGE=319271621473482
FB_FAIL {"error":{"message":"(#100) 0 does not resolve to a valid user ID","type":"OAuthException","code":100,"fbtrace_id":"AGOwf-2CWTXCMyZyJ2pZVIl"}}
DONE ok=0 skip=0 fail=1
2026-09-15 16:01:45 PENDING ig (no IG token - run ig/ig-ensure-token.ps1)
2026-09-15 16:01:45 CYCLE 2026-09-15 16:01:45 :: tg=0/0 fb=0/3 vk=0/0
2026-09-15 16:06:49 FAIL fb golos-banka-2026-09-13 :: PUBLISH golos-banka-2026-09-13 ...
FAIL golos-banka-2026-09-13 -> PAGE=319271621473482
FB_FAIL {"error":{"message":"(#100) 0 does not resolve to a valid user ID","type":"OAuthException","code":100,"fbtrace_id":"AHSXPtQNWpORjV60oKy9ncr"}}
DONE ok=0 skip=0 fail=1
2026-09-15 16:06:55 FAIL fb vybor-diktora-2026-09-14 :: PUBLISH vybor-diktora-2026-09-14 ...
FAIL vybor-diktora-2026-09-14 -> PAGE=319271621473482
FB_FAIL {"error":{"message":"(#100) 0 does not resolve to a valid user ID","type":"OAuthException","code":100,"fbtrace_id":"AaeAGDKJvEBOL-n9bwSGcad"}}
DONE ok=0 skip=0 fail=1
2026-09-15 16:07:01 FAIL fb ozvuchka-video-2026-09-15 :: PUBLISH ozvuchka-video-2026-09-15 ...
FAIL ozvuchka-video-2026-09-15 -> PAGE=319271621473482
FB_FAIL {"error":{"message":"(#100) 0 does not resolve to a valid user ID","type":"OAuthException","code":100,"fbtrace_id":"AaZhOwvJ6oEt-0fOM1IheL8"}}
DONE ok=0 skip=0 fail=1
2026-09-15 16:07:03 PENDING ig (no IG token - run ig/ig-ensure-token.ps1)
2026-09-15 16:07:03 CYCLE 2026-09-15 16:07:03 :: tg=0/0 fb=0/3 vk=0/0
2026-09-15 16:12:07 FAIL fb golos-banka-2026-09-13 :: PUBLISH golos-banka-2026-09-13 ...
FAIL golos-banka-2026-09-13 -> PAGE=319271621473482
FB_FAIL {"error":{"message":"(#100) 0 does not resolve to a valid user ID","type":"OAuthException","code":100,"fbtrace_id":"A-lHkfYNT0GhkHNgTPgfFRD"}}
DONE ok=0 skip=0 fail=1
2026-09-15 16:12:13 FAIL fb vybor-diktora-2026-09-14 :: PUBLISH vybor-diktora-2026-09-14 ...
FAIL vybor-diktora-2026-09-14 -> PAGE=319271621473482
FB_FAIL {"error":{"message":"(#100) 0 does not resolve to a valid user ID","type":"OAuthException","code":100,"fbtrace_id":"AZjyDeMJijpkJ1Oo50udivS"}}
DONE ok=0 skip=0 fail=1
2026-09-15 16:12:18 FAIL fb ozvuchka-video-2026-09-15 :: PUBLISH ozvuchka-video-2026-09-15 ...
FAIL ozvuchka-video-2026-09-15 -> PAGE=319271621473482
FB_FAIL {"error":{"message":"(#100) 0 does not resolve to a valid user ID","type":"OAuthException","code":100,"fbtrace_id":"AxET2rf-qeSI9V3mD_k2ZW4"}}
DONE ok=0 skip=0 fail=1
2026-09-15 16:12:20 PENDING ig (no IG token - run ig/ig-ensure-token.ps1)
2026-09-15 16:12:20 CYCLE 2026-09-15 16:12:20 :: tg=0/0 fb=0/3 vk=0/0
2026-09-15 16:17:24 FAIL fb golos-banka-2026-09-13 :: PUBLISH golos-banka-2026-09-13 ...
FAIL golos-banka-2026-09-13 -> PAGE=319271621473482
FB_FAIL {"error":{"message":"(#100) 0 does not resolve to a valid user ID","type":"OAuthException","code":100,"fbtrace_id":"ArkGFKviDlvPH5Te7TwGTZ-"}}
DONE ok=0 skip=0 fail=1
2026-09-15 16:17:30 FAIL fb vybor-diktora-2026-09-14 :: PUBLISH vybor-diktora-2026-09-14 ...
FAIL vybor-diktora-2026-09-14 -> PAGE=319271621473482
FB_FAIL {"error":{"message":"(#100) 0 does not resolve to a valid user ID","type":"OAuthException","code":100,"fbtrace_id":"AykOscKko_Ka9RJFoSq6s7X"}}
DONE ok=0 skip=0 fail=1
2026-09-15 16:17:36 FAIL fb ozvuchka-video-2026-09-15 :: PUBLISH ozvuchka-video-2026-09-15 ...
FAIL ozvuchka-video-2026-09-15 -> PAGE=319271621473482
FB_FAIL {"error":{"message":"(#100) 0 does not resolve to a valid user ID","type":"OAuthException","code":100,"fbtrace_id":"AeF0lqNKFRaU7wdq1vGgXdR"}}
DONE ok=0 skip=0 fail=1
2026-09-15 16:17:38 PENDING ig (no IG token - run ig/ig-ensure-token.ps1)
2026-09-15 16:17:38 CYCLE 2026-09-15 16:17:38 :: tg=0/0 fb=0/3 vk=0/0
2026-09-15 16:22:42 FAIL fb golos-banka-2026-09-13 :: PUBLISH golos-banka-2026-09-13 ...
FAIL golos-banka-2026-09-13 -> PAGE=319271621473482
FB_FAIL {"error":{"message":"(#100) 0 does not resolve to a valid user ID","type":"OAuthException","code":100,"fbtrace_id":"AOPmjbLuxnU5tZ24scFllxK"}}
DONE ok=0 skip=0 fail=1
2026-09-15 16:22:48 FAIL fb vybor-diktora-2026-09-14 :: PUBLISH vybor-diktora-2026-09-14 ...
FAIL vybor-diktora-2026-09-14 -> PAGE=319271621473482
FB_FAIL {"error":{"message":"(#100) 0 does not resolve to a valid user ID","type":"OAuthException","code":100,"fbtrace_id":"AFPoBSS0DsDgAJVfn5JmRWz"}}
DONE ok=0 skip=0 fail=1
2026-09-15 16:22:54 FAIL fb ozvuchka-video-2026-09-15 :: PUBLISH ozvuchka-video-2026-09-15 ...
FAIL ozvuchka-video-2026-09-15 -> PAGE=319271621473482
FB_FAIL {"error":{"message":"(#100) 0 does not resolve to a valid user ID","type":"OAuthException","code":100,"fbtrace_id":"ARHydNlkbbA74dV7uo9AIm9"}}
DONE ok=0 skip=0 fail=1
2026-09-15 16:22:56 PENDING ig (no IG token - run ig/ig-ensure-token.ps1)
2026-09-15 16:22:56 CYCLE 2026-09-15 16:22:56 :: tg=0/0 fb=0/3 vk=0/0
2026-09-15 16:28:00 FAIL fb golos-banka-2026-09-13 :: PUBLISH golos-banka-2026-09-13 ...
FAIL golos-banka-2026-09-13 -> PAGE=319271621473482
FB_FAIL {"error":{"message":"(#100) 0 does not resolve to a valid user ID","type":"OAuthException","code":100,"fbtrace_id":"ABZlqzPG1wC_9gUbRlZxtS_"}}
DONE ok=0 skip=0 fail=1
2026-09-15 16:28:05 FAIL fb vybor-diktora-2026-09-14 :: PUBLISH vybor-diktora-2026-09-14 ...
FAIL vybor-diktora-2026-09-14 -> PAGE=319271621473482
FB_FAIL {"error":{"message":"(#100) 0 does not resolve to a valid user ID","type":"OAuthException","code":100,"fbtrace_id":"A34mKIJ-SxhflmAZXmVInRY"}}
DONE ok=0 skip=0 fail=1
2026-09-15 16:28:11 FAIL fb ozvuchka-video-2026-09-15 :: PUBLISH ozvuchka-video-2026-09-15 ...
FAIL ozvuchka-video-2026-09-15 -> PAGE=319271621473482
FB_FAIL {"error":{"message":"(#100) 0 does not resolve to a valid user ID","type":"OAuthException","code":100,"fbtrace_id":"A5qHQzSFta7foxWk1MNz7ic"}}
DONE ok=0 skip=0 fail=1
2026-09-15 16:28:13 PENDING ig (no IG token - run ig/ig-ensure-token.ps1)
2026-09-15 16:28:13 CYCLE 2026-09-15 16:28:13 :: tg=0/0 fb=0/3 vk=0/0
2026-09-15 16:33:17 FAIL fb golos-banka-2026-09-13 :: PUBLISH golos-banka-2026-09-13 ...
FAIL golos-banka-2026-09-13 -> PAGE=319271621473482
FB_FAIL {"error":{"message":"(#100) 0 does not resolve to a valid user ID","type":"OAuthException","code":100,"fbtrace_id":"ApjZTLSrdGBdkYyhIMsYH-k"}}
DONE ok=0 skip=0 fail=1
2026-09-15 16:33:23 FAIL fb vybor-diktora-2026-09-14 :: PUBLISH vybor-diktora-2026-09-14 ...
FAIL vybor-diktora-2026-09-14 -> PAGE=319271621473482
FB_FAIL {"error":{"message":"(#100) 0 does not resolve to a valid user ID","type":"OAuthException","code":100,"fbtrace_id":"AtI7T0xGXa63VF0rpUqHzik"}}
DONE ok=0 skip=0 fail=1
2026-09-15 16:33:29 FAIL fb ozvuchka-video-2026-09-15 :: PUBLISH ozvuchka-video-2026-09-15 ...
FAIL ozvuchka-video-2026-09-15 -> PAGE=319271621473482
FB_FAIL {"error":{"message":"(#100) 0 does not resolve to a valid user ID","type":"OAuthException","code":100,"fbtrace_id":"Ay1qIS9jSgYr7E_YV0SMQ5K"}}
DONE ok=0 skip=0 fail=1
2026-09-15 16:33:31 PENDING ig (no IG token - run ig/ig-ensure-token.ps1)
2026-09-15 16:33:31 CYCLE 2026-09-15 16:33:31 :: tg=0/0 fb=0/3 vk=0/0
2026-09-15 16:38:35 FAIL fb golos-banka-2026-09-13 :: PUBLISH golos-banka-2026-09-13 ...
FAIL golos-banka-2026-09-13 -> PAGE=319271621473482
FB_FAIL {"error":{"message":"(#100) 0 does not resolve to a valid user ID","type":"OAuthException","code":100,"fbtrace_id":"AMJBx09s0DLcI80d56NfmVr"}}
DONE ok=0 skip=0 fail=1
2026-09-15 16:38:41 FAIL fb vybor-diktora-2026-09-14 :: PUBLISH vybor-diktora-2026-09-14 ...
FAIL vybor-diktora-2026-09-14 -> PAGE=319271621473482
FB_FAIL {"error":{"message":"(#100) 0 does not resolve to a valid user ID","type":"OAuthException","code":100,"fbtrace_id":"AuvRQbeyB4mNkCP2VRfAsWu"}}
DONE ok=0 skip=0 fail=1
2026-09-15 16:38:47 FAIL fb ozvuchka-video-2026-09-15 :: PUBLISH ozvuchka-video-2026-09-15 ...
FAIL ozvuchka-video-2026-09-15 -> PAGE=319271621473482
FB_FAIL {"error":{"message":"(#100) 0 does not resolve to a valid user ID","type":"OAuthException","code":100,"fbtrace_id":"ABTe3nXL2FuJTGCBUTwAYKp"}}
DONE ok=0 skip=0 fail=1
2026-09-15 16:38:49 PENDING ig (no IG token - run ig/ig-ensure-token.ps1)
2026-09-15 16:38:49 CYCLE 2026-09-15 16:38:49 :: tg=0/0 fb=0/3 vk=0/0
2026-09-15 16:43:53 FAIL fb golos-banka-2026-09-13 :: PUBLISH golos-banka-2026-09-13 ...
FAIL golos-banka-2026-09-13 -> PAGE=319271621473482
FB_FAIL {"error":{"message":"(#100) 0 does not resolve to a valid user ID","type":"OAuthException","code":100,"fbtrace_id":"APbn2C2sjgp4LLjD0xIAN6G"}}
DONE ok=0 skip=0 fail=1
2026-09-15 16:43:58 FAIL fb vybor-diktora-2026-09-14 :: PUBLISH vybor-diktora-2026-09-14 ...
FAIL vybor-diktora-2026-09-14 -> PAGE=319271621473482
FB_FAIL {"error":{"message":"(#100) 0 does not resolve to a valid user ID","type":"OAuthException","code":100,"fbtrace_id":"AJqSVR4-Zrij-ewtegb-VBG"}}
DONE ok=0 skip=0 fail=1
2026-09-15 16:44:04 FAIL fb ozvuchka-video-2026-09-15 :: PUBLISH ozvuchka-video-2026-09-15 ...
FAIL ozvuchka-video-2026-09-15 -> PAGE=319271621473482
FB_FAIL {"error":{"message":"(#100) 0 does not resolve to a valid user ID","type":"OAuthException","code":100,"fbtrace_id":"ATO4_Tbz44h88jW_CgsGkSk"}}
DONE ok=0 skip=0 fail=1
2026-09-15 16:44:06 PENDING ig (no IG token - run ig/ig-ensure-token.ps1)
2026-09-15 16:44:06 CYCLE 2026-09-15 16:44:06 :: tg=0/0 fb=0/3 vk=0/0
2026-09-15 16:49:10 FAIL fb golos-banka-2026-09-13 :: PUBLISH golos-banka-2026-09-13 ...
FAIL golos-banka-2026-09-13 -> PAGE=319271621473482
FB_FAIL {"error":{"message":"(#100) 0 does not resolve to a valid user ID","type":"OAuthException","code":100,"fbtrace_id":"Azj62No7pnw7Y_Voayna460"}}
DONE ok=0 skip=0 fail=1
2026-09-15 16:49:16 FAIL fb vybor-diktora-2026-09-14 :: PUBLISH vybor-diktora-2026-09-14 ...
FAIL vybor-diktora-2026-09-14 -> PAGE=319271621473482
FB_FAIL {"error":{"message":"(#100) 0 does not resolve to a valid user ID","type":"OAuthException","code":100,"fbtrace_id":"AbTTtgNPdCiwDSl1DhCSDZI"}}
DONE ok=0 skip=0 fail=1
2026-09-15 16:49:22 FAIL fb ozvuchka-video-2026-09-15 :: PUBLISH ozvuchka-video-2026-09-15 ...
FAIL ozvuchka-video-2026-09-15 -> PAGE=319271621473482
FB_FAIL {"error":{"message":"(#100) 0 does not resolve to a valid user ID","type":"OAuthException","code":100,"fbtrace_id":"AgBMz05_aVyGXaXeaoohkaO"}}
DONE ok=0 skip=0 fail=1
2026-09-15 16:49:24 PENDING ig (no IG token - run ig/ig-ensure-token.ps1)
2026-09-15 16:49:24 CYCLE 2026-09-15 16:49:24 :: tg=0/0 fb=0/3 vk=0/0
2026-09-15 16:54:28 FAIL fb golos-banka-2026-09-13 :: PUBLISH golos-banka-2026-09-13 ...
FAIL golos-banka-2026-09-13 -> PAGE=319271621473482
FB_FAIL {"error":{"message":"(#100) 0 does not resolve to a valid user ID","type":"OAuthException","code":100,"fbtrace_id":"AmJyuOmENjI74iVp41vGMbP"}}
DONE ok=0 skip=0 fail=1
2026-09-15 16:54:34 FAIL fb vybor-diktora-2026-09-14 :: PUBLISH vybor-diktora-2026-09-14 ...
FAIL vybor-diktora-2026-09-14 -> PAGE=319271621473482
FB_FAIL {"error":{"message":"(#100) 0 does not resolve to a valid user ID","type":"OAuthException","code":100,"fbtrace_id":"AlXBSdnMXkU-n9a2j_E50r1"}}
DONE ok=0 skip=0 fail=1
2026-09-15 16:54:40 FAIL fb ozvuchka-video-2026-09-15 :: PUBLISH ozvuchka-video-2026-09-15 ...
FAIL ozvuchka-video-2026-09-15 -> PAGE=319271621473482
FB_FAIL {"error":{"message":"(#100) 0 does not resolve to a valid user ID","type":"OAuthException","code":100,"fbtrace_id":"AqcoL7ZgExvIkp8grLpoxFY"}}
DONE ok=0 skip=0 fail=1
2026-09-15 16:54:42 PENDING ig (no IG token - run ig/ig-ensure-token.ps1)
2026-09-15 16:54:42 CYCLE 2026-09-15 16:54:42 :: tg=0/0 fb=0/3 vk=0/0
2026-09-15 16:59:45 FAIL fb golos-banka-2026-09-13 :: PUBLISH golos-banka-2026-09-13 ...
FAIL golos-banka-2026-09-13 -> PAGE=319271621473482
FB_FAIL {"error":{"message":"(#100) 0 does not resolve to a valid user ID","type":"OAuthException","code":100,"fbtrace_id":"A5ACZBS2o99jyTLB-LVsy4n"}}
DONE ok=0 skip=0 fail=1
2026-09-15 16:59:51 FAIL fb vybor-diktora-2026-09-14 :: PUBLISH vybor-diktora-2026-09-14 ...
FAIL vybor-diktora-2026-09-14 -> PAGE=319271621473482
FB_FAIL {"error":{"message":"(#100) 0 does not resolve to a valid user ID","type":"OAuthException","code":100,"fbtrace_id":"A8HTaXxm6K838EVYD-Nzne7"}}
DONE ok=0 skip=0 fail=1
2026-09-15 16:59:57 FAIL fb ozvuchka-video-2026-09-15 :: PUBLISH ozvuchka-video-2026-09-15 ...
FAIL ozvuchka-video-2026-09-15 -> PAGE=319271621473482
FB_FAIL {"error":{"message":"(#100) 0 does not resolve to a valid user ID","type":"OAuthException","code":100,"fbtrace_id":"AJGn7UDNs2Pb1x19-mULR7b"}}
DONE ok=0 skip=0 fail=1
2026-09-15 16:59:59 PENDING ig (no IG token - run ig/ig-ensure-token.ps1)
2026-09-15 16:59:59 CYCLE 2026-09-15 16:59:59 :: tg=0/0 fb=0/3 vk=0/0
2026-09-15 17:05:03 FAIL fb golos-banka-2026-09-13 :: PUBLISH golos-banka-2026-09-13 ...
FAIL golos-banka-2026-09-13 -> PAGE=319271621473482
FB_FAIL {"error":{"message":"(#100) 0 does not resolve to a valid user ID","type":"OAuthException","code":100,"fbtrace_id":"ACr7DIG48raU371w9OrWTMx"}}
DONE ok=0 skip=0 fail=1
2026-09-15 17:05:09 FAIL fb vybor-diktora-2026-09-14 :: PUBLISH vybor-diktora-2026-09-14 ...
FAIL vybor-diktora-2026-09-14 -> PAGE=319271621473482
FB_FAIL {"error":{"message":"(#100) 0 does not resolve to a valid user ID","type":"OAuthException","code":100,"fbtrace_id":"AmB8gehrkODRQ5svtua_LwP"}}
DONE ok=0 skip=0 fail=1
2026-09-15 17:05:15 FAIL fb ozvuchka-video-2026-09-15 :: PUBLISH ozvuchka-video-2026-09-15 ...
FAIL ozvuchka-video-2026-09-15 -> PAGE=319271621473482
FB_FAIL {"error":{"message":"(#100) 0 does not resolve to a valid user ID","type":"OAuthException","code":100,"fbtrace_id":"As5VMPBKfzmUQ8F2UwRYg4F"}}
DONE ok=0 skip=0 fail=1
2026-09-15 17:05:17 PENDING ig (no IG token - run ig/ig-ensure-token.ps1)
2026-09-15 17:05:17 CYCLE 2026-09-15 17:05:17 :: tg=0/0 fb=0/3 vk=0/0
2026-09-15 17:10:21 FAIL fb golos-banka-2026-09-13 :: PUBLISH golos-banka-2026-09-13 ...
FAIL golos-banka-2026-09-13 -> PAGE=319271621473482
FB_FAIL {"error":{"message":"(#100) 0 does not resolve to a valid user ID","type":"OAuthException","code":100,"fbtrace_id":"A3TtE4VqYbB4wOPf0HVo4WQ"}}
DONE ok=0 skip=0 fail=1
2026-09-15 17:10:27 FAIL fb vybor-diktora-2026-09-14 :: PUBLISH vybor-diktora-2026-09-14 ...
FAIL vybor-diktora-2026-09-14 -> PAGE=319271621473482
FB_FAIL {"error":{"message":"(#100) 0 does not resolve to a valid user ID","type":"OAuthException","code":100,"fbtrace_id":"Ap0GAJ7iHc5xLoRMcDEnkbA"}}
DONE ok=0 skip=0 fail=1
2026-09-15 17:10:33 FAIL fb ozvuchka-video-2026-09-15 :: PUBLISH ozvuchka-video-2026-09-15 ...
FAIL ozvuchka-video-2026-09-15 -> PAGE=319271621473482
FB_FAIL {"error":{"message":"(#100) 0 does not resolve to a valid user ID","type":"OAuthException","code":100,"fbtrace_id":"AwbLYLO55ujQv6uhOfenlei"}}
DONE ok=0 skip=0 fail=1
2026-09-15 17:10:35 PENDING ig (no IG token - run ig/ig-ensure-token.ps1)
2026-09-15 17:10:35 CYCLE 2026-09-15 17:10:35 :: tg=0/0 fb=0/3 vk=0/0
2026-09-15 17:15:39 FAIL fb golos-banka-2026-09-13 :: PUBLISH golos-banka-2026-09-13 ...
FAIL golos-banka-2026-09-13 -> PAGE=319271621473482
FB_FAIL {"error":{"message":"(#100) 0 does not resolve to a valid user ID","type":"OAuthException","code":100,"fbtrace_id":"AjIu-T0xGUuT_yhIaN30EVd"}}
DONE ok=0 skip=0 fail=1
2026-09-15 17:15:45 FAIL fb vybor-diktora-2026-09-14 :: PUBLISH vybor-diktora-2026-09-14 ...
FAIL vybor-diktora-2026-09-14 -> PAGE=319271621473482
FB_FAIL {"error":{"message":"(#100) 0 does not resolve to a valid user ID","type":"OAuthException","code":100,"fbtrace_id":"AShphl6QrcGzugVCtYAWgiJ"}}
DONE ok=0 skip=0 fail=1
2026-09-15 17:15:51 FAIL fb ozvuchka-video-2026-09-15 :: PUBLISH ozvuchka-video-2026-09-15 ...
FAIL ozvuchka-video-2026-09-15 -> PAGE=319271621473482
FB_FAIL {"error":{"message":"(#100) 0 does not resolve to a valid user ID","type":"OAuthException","code":100,"fbtrace_id":"AzjiOVkJOhWKtsTftUAK6Mc"}}
DONE ok=0 skip=0 fail=1
2026-09-15 17:15:53 PENDING ig (no IG token - run ig/ig-ensure-token.ps1)
2026-09-15 17:15:53 CYCLE 2026-09-15 17:15:53 :: tg=0/0 fb=0/3 vk=0/0
2026-09-15 17:20:57 FAIL fb golos-banka-2026-09-13 :: PUBLISH golos-banka-2026-09-13 ...
FAIL golos-banka-2026-09-13 -> PAGE=319271621473482
FB_FAIL {"error":{"message":"(#100) 0 does not resolve to a valid user ID","type":"OAuthException","code":100,"fbtrace_id":"ATxkkLjME-0XPjO-4LOXWPD"}}
DONE ok=0 skip=0 fail=1
2026-09-15 17:21:03 FAIL fb vybor-diktora-2026-09-14 :: PUBLISH vybor-diktora-2026-09-14 ...
FAIL vybor-diktora-2026-09-14 -> PAGE=319271621473482
FB_FAIL {"error":{"message":"(#100) 0 does not resolve to a valid user ID","type":"OAuthException","code":100,"fbtrace_id":"A-nwRbFm3v1zTjF2SBopBgO"}}
DONE ok=0 skip=0 fail=1
2026-09-15 17:21:09 FAIL fb ozvuchka-video-2026-09-15 :: PUBLISH ozvuchka-video-2026-09-15 ...
FAIL ozvuchka-video-2026-09-15 -> PAGE=319271621473482
FB_FAIL {"error":{"message":"(#100) 0 does not resolve to a valid user ID","type":"OAuthException","code":100,"fbtrace_id":"ABQ5FIRHpd_EvaUGsCz39Ui"}}
DONE ok=0 skip=0 fail=1
2026-09-15 17:21:11 PENDING ig (no IG token - run ig/ig-ensure-token.ps1)
2026-09-15 17:21:11 CYCLE 2026-09-15 17:21:11 :: tg=0/0 fb=0/3 vk=0/0
2026-09-15 17:26:15 FAIL fb golos-banka-2026-09-13 :: PUBLISH golos-banka-2026-09-13 ...
FAIL golos-banka-2026-09-13 -> PAGE=319271621473482
FB_FAIL {"error":{"message":"(#100) 0 does not resolve to a valid user ID","type":"OAuthException","code":100,"fbtrace_id":"AsuWw_XA9c-F3nUIdG0kWsX"}}
DONE ok=0 skip=0 fail=1
2026-09-15 17:26:22 FAIL fb vybor-diktora-2026-09-14 :: PUBLISH vybor-diktora-2026-09-14 ...
FAIL vybor-diktora-2026-09-14 -> PAGE=319271621473482
FB_FAIL {"error":{"message":"(#100) 0 does not resolve to a valid user ID","type":"OAuthException","code":100,"fbtrace_id":"A68sNGL7Itg7Sh9ajVdwNzn"}}
DONE ok=0 skip=0 fail=1
2026-09-15 17:26:28 FAIL fb ozvuchka-video-2026-09-15 :: PUBLISH ozvuchka-video-2026-09-15 ...
FAIL ozvuchka-video-2026-09-15 -> PAGE=319271621473482
FB_FAIL {"error":{"message":"(#100) 0 does not resolve to a valid user ID","type":"OAuthException","code":100,"fbtrace_id":"AnUuclEdhvBih8Ka3bAvR6C"}}
DONE ok=0 skip=0 fail=1
2026-09-15 17:26:30 PENDING ig (no IG token - run ig/ig-ensure-token.ps1)
2026-09-15 17:26:30 CYCLE 2026-09-15 17:26:30 :: tg=0/0 fb=0/3 vk=0/0
2026-09-15 17:31:36 FAIL fb golos-banka-2026-09-13 :: PUBLISH golos-banka-2026-09-13 ...
FAIL golos-banka-2026-09-13 -> PAGE=319271621473482
FB_FAIL {"error":{"message":"(#100) 0 does not resolve to a valid user ID","type":"OAuthException","code":100,"fbtrace_id":"ALcxfvReS1U_TWv8WJKnHOP"}}
DONE ok=0 skip=0 fail=1
2026-09-15 17:31:42 FAIL fb vybor-diktora-2026-09-14 :: PUBLISH vybor-diktora-2026-09-14 ...
FAIL vybor-diktora-2026-09-14 -> PAGE=319271621473482
FB_FAIL {"error":{"message":"(#100) 0 does not resolve to a valid user ID","type":"OAuthException","code":100,"fbtrace_id":"A11sbj883-Nt9MNM3csOfCo"}}
DONE ok=0 skip=0 fail=1
2026-09-15 17:31:48 FAIL fb ozvuchka-video-2026-09-15 :: PUBLISH ozvuchka-video-2026-09-15 ...
FAIL ozvuchka-video-2026-09-15 -> PAGE=319271621473482
FB_FAIL {"error":{"message":"(#100) 0 does not resolve to a valid user ID","type":"OAuthException","code":100,"fbtrace_id":"AxI0nQeap5m7x5Oiz0wZ2Fm"}}
DONE ok=0 skip=0 fail=1
2026-09-15 17:31:50 PENDING ig (no IG token - run ig/ig-ensure-token.ps1)
2026-09-15 17:31:50 CYCLE 2026-09-15 17:31:50 :: tg=0/0 fb=0/3 vk=0/0
2026-09-15 17:36:54 FAIL fb golos-banka-2026-09-13 :: PUBLISH golos-banka-2026-09-13 ...
FAIL golos-banka-2026-09-13 -> PAGE=319271621473482
FB_FAIL {"error":{"message":"(#100) 0 does not resolve to a valid user ID","type":"OAuthException","code":100,"fbtrace_id":"AKOBkZGAAENofM1CmzeyZeF"}}
DONE ok=0 skip=0 fail=1
2026-09-15 17:37:00 FAIL fb vybor-diktora-2026-09-14 :: PUBLISH vybor-diktora-2026-09-14 ...
FAIL vybor-diktora-2026-09-14 -> PAGE=319271621473482
FB_FAIL {"error":{"message":"(#100) 0 does not resolve to a valid user ID","type":"OAuthException","code":100,"fbtrace_id":"AhAzehi1rM6aYIAVH2RrqBJ"}}
DONE ok=0 skip=0 fail=1
2026-09-15 17:37:06 FAIL fb ozvuchka-video-2026-09-15 :: PUBLISH ozvuchka-video-2026-09-15 ...
FAIL ozvuchka-video-2026-09-15 -> PAGE=319271621473482
FB_FAIL {"error":{"message":"(#100) 0 does not resolve to a valid user ID","type":"OAuthException","code":100,"fbtrace_id":"AUIhNygSE4vNJAw-Mwb7YdM"}}
DONE ok=0 skip=0 fail=1
2026-09-15 17:37:08 PENDING ig (no IG token - run ig/ig-ensure-token.ps1)
2026-09-15 17:37:08 CYCLE 2026-09-15 17:37:08 :: tg=0/0 fb=0/3 vk=0/0
2026-09-15 17:42:13 FAIL fb golos-banka-2026-09-13 :: PUBLISH golos-banka-2026-09-13 ...
FAIL golos-banka-2026-09-13 -> PAGE=319271621473482
FB_FAIL {"error":{"message":"(#100) 0 does not resolve to a valid user ID","type":"OAuthException","code":100,"fbtrace_id":"ATrQDTfzi1WMkrdNzQn5htw"}}
DONE ok=0 skip=0 fail=1
2026-09-15 17:42:19 FAIL fb vybor-diktora-2026-09-14 :: PUBLISH vybor-diktora-2026-09-14 ...
FAIL vybor-diktora-2026-09-14 -> PAGE=319271621473482
FB_FAIL {"error":{"message":"(#100) 0 does not resolve to a valid user ID","type":"OAuthException","code":100,"fbtrace_id":"A9zo9umrtVlT9pyrXf6mEMn"}}
DONE ok=0 skip=0 fail=1
2026-09-15 17:42:25 FAIL fb ozvuchka-video-2026-09-15 :: PUBLISH ozvuchka-video-2026-09-15 ...
FAIL ozvuchka-video-2026-09-15 -> PAGE=319271621473482
FB_FAIL {"error":{"message":"(#100) 0 does not resolve to a valid user ID","type":"OAuthException","code":100,"fbtrace_id":"Awn6rGLC8tncObg4omPj81v"}}
DONE ok=0 skip=0 fail=1
2026-09-15 17:42:27 PENDING ig (no IG token - run ig/ig-ensure-token.ps1)
2026-09-15 17:42:27 CYCLE 2026-09-15 17:42:27 :: tg=0/0 fb=0/3 vk=0/0
2026-09-15 17:47:31 FAIL fb golos-banka-2026-09-13 :: PUBLISH golos-banka-2026-09-13 ...
FAIL golos-banka-2026-09-13 -> PAGE=319271621473482
FB_FAIL {"error":{"message":"(#100) 0 does not resolve to a valid user ID","type":"OAuthException","code":100,"fbtrace_id":"A4Ow_ObMHP4iCuoDHtd8X0n"}}
DONE ok=0 skip=0 fail=1
2026-09-15 17:47:37 FAIL fb vybor-diktora-2026-09-14 :: PUBLISH vybor-diktora-2026-09-14 ...
FAIL vybor-diktora-2026-09-14 -> PAGE=319271621473482
FB_FAIL {"error":{"message":"(#100) 0 does not resolve to a valid user ID","type":"OAuthException","code":100,"fbtrace_id":"A6q1ltHRCbAMImyObyl6yYG"}}
DONE ok=0 skip=0 fail=1
2026-09-15 17:47:43 FAIL fb ozvuchka-video-2026-09-15 :: PUBLISH ozvuchka-video-2026-09-15 ...
FAIL ozvuchka-video-2026-09-15 -> PAGE=319271621473482
FB_FAIL {"error":{"message":"(#100) 0 does not resolve to a valid user ID","type":"OAuthException","code":100,"fbtrace_id":"AbgnHJUXqP_-6pG-GeDBH5c"}}
DONE ok=0 skip=0 fail=1
2026-09-15 17:47:45 PENDING ig (no IG token - run ig/ig-ensure-token.ps1)
2026-09-15 17:47:45 CYCLE 2026-09-15 17:47:45 :: tg=0/0 fb=0/3 vk=0/0
2026-09-15 17:52:49 FAIL fb golos-banka-2026-09-13 :: PUBLISH golos-banka-2026-09-13 ...
FAIL golos-banka-2026-09-13 -> PAGE=319271621473482
FB_FAIL {"error":{"message":"(#100) 0 does not resolve to a valid user ID","type":"OAuthException","code":100,"fbtrace_id":"AWccp-kI5-chQV4dl3IW66K"}}
DONE ok=0 skip=0 fail=1
2026-09-15 17:52:56 FAIL fb vybor-diktora-2026-09-14 :: PUBLISH vybor-diktora-2026-09-14 ...
FAIL vybor-diktora-2026-09-14 -> PAGE=319271621473482
FB_FAIL {"error":{"message":"(#100) 0 does not resolve to a valid user ID","type":"OAuthException","code":100,"fbtrace_id":"AtfuVlCdhJV0F1gllrpJmIc"}}
DONE ok=0 skip=0 fail=1
2026-09-15 17:53:02 FAIL fb ozvuchka-video-2026-09-15 :: PUBLISH ozvuchka-video-2026-09-15 ...
FAIL ozvuchka-video-2026-09-15 -> PAGE=319271621473482
FB_FAIL {"error":{"message":"(#100) 0 does not resolve to a valid user ID","type":"OAuthException","code":100,"fbtrace_id":"A1rTgN-iRrv_Gz7qCFfc9di"}}
DONE ok=0 skip=0 fail=1
2026-09-15 17:53:04 PENDING ig (no IG token - run ig/ig-ensure-token.ps1)
2026-09-15 17:53:04 CYCLE 2026-09-15 17:53:04 :: tg=0/0 fb=0/3 vk=0/0
2026-09-15 17:58:08 FAIL fb golos-banka-2026-09-13 :: PUBLISH golos-banka-2026-09-13 ...
FAIL golos-banka-2026-09-13 -> PAGE=319271621473482
FB_FAIL {"error":{"message":"(#100) 0 does not resolve to a valid user ID","type":"OAuthException","code":100,"fbtrace_id":"A_qj2XvM-n2YsnF7eve3h0V"}}
DONE ok=0 skip=0 fail=1
2026-09-15 17:58:14 FAIL fb vybor-diktora-2026-09-14 :: PUBLISH vybor-diktora-2026-09-14 ...
FAIL vybor-diktora-2026-09-14 -> PAGE=319271621473482
FB_FAIL {"error":{"message":"(#100) 0 does not resolve to a valid user ID","type":"OAuthException","code":100,"fbtrace_id":"AcfZzqDYV-8kkJSaCekCjny"}}
DONE ok=0 skip=0 fail=1
2026-09-15 17:58:21 FAIL fb ozvuchka-video-2026-09-15 :: PUBLISH ozvuchka-video-2026-09-15 ...
FAIL ozvuchka-video-2026-09-15 -> PAGE=319271621473482
FB_FAIL {"error":{"message":"(#100) 0 does not resolve to a valid user ID","type":"OAuthException","code":100,"fbtrace_id":"AK8WRiFZ4nFZfsDAnz2eN2c"}}
DONE ok=0 skip=0 fail=1
2026-09-15 17:58:23 PENDING ig (no IG token - run ig/ig-ensure-token.ps1)
2026-09-15 17:58:23 CYCLE 2026-09-15 17:58:23 :: tg=0/0 fb=0/3 vk=0/0
2026-09-15 18:03:27 FAIL fb golos-banka-2026-09-13 :: PUBLISH golos-banka-2026-09-13 ...
FAIL golos-banka-2026-09-13 -> PAGE=319271621473482
FB_FAIL {"error":{"message":"(#100) 0 does not resolve to a valid user ID","type":"OAuthException","code":100,"fbtrace_id":"ARpCuUxJ6hQ6Ke9mnM3inDs"}}
DONE ok=0 skip=0 fail=1
2026-09-15 18:03:32 FAIL fb vybor-diktora-2026-09-14 :: PUBLISH vybor-diktora-2026-09-14 ...
FAIL vybor-diktora-2026-09-14 -> PAGE=319271621473482
FB_FAIL {"error":{"message":"(#100) 0 does not resolve to a valid user ID","type":"OAuthException","code":100,"fbtrace_id":"Aw8KnYqV20C9S9p-HfQx_EH"}}
DONE ok=0 skip=0 fail=1
2026-09-15 18:03:38 FAIL fb ozvuchka-video-2026-09-15 :: PUBLISH ozvuchka-video-2026-09-15 ...
FAIL ozvuchka-video-2026-09-15 -> PAGE=319271621473482
FB_FAIL {"error":{"message":"(#100) 0 does not resolve to a valid user ID","type":"OAuthException","code":100,"fbtrace_id":"AFhDvnKIuGxjF1khbeks93p"}}
DONE ok=0 skip=0 fail=1
2026-09-15 18:03:40 PENDING ig (no IG token - run ig/ig-ensure-token.ps1)
2026-09-15 18:03:40 CYCLE 2026-09-15 18:03:40 :: tg=0/0 fb=0/3 vk=0/0
2026-09-15 18:08:44 FAIL fb golos-banka-2026-09-13 :: PUBLISH golos-banka-2026-09-13 ...
FAIL golos-banka-2026-09-13 -> PAGE=319271621473482
FB_FAIL {"error":{"message":"(#100) 0 does not resolve to a valid user ID","type":"OAuthException","code":100,"fbtrace_id":"AynSLQyXpZcRfTLd8YbCZtL"}}
DONE ok=0 skip=0 fail=1
2026-09-15 18:08:50 FAIL fb vybor-diktora-2026-09-14 :: PUBLISH vybor-diktora-2026-09-14 ...
FAIL vybor-diktora-2026-09-14 -> PAGE=319271621473482
FB_FAIL {"error":{"message":"(#100) 0 does not resolve to a valid user ID","type":"OAuthException","code":100,"fbtrace_id":"AkFqaPkNoXYCllRglD__XRR"}}
DONE ok=0 skip=0 fail=1
2026-09-15 18:08:56 FAIL fb ozvuchka-video-2026-09-15 :: PUBLISH ozvuchka-video-2026-09-15 ...
FAIL ozvuchka-video-2026-09-15 -> PAGE=319271621473482
FB_FAIL {"error":{"message":"(#100) 0 does not resolve to a valid user ID","type":"OAuthException","code":100,"fbtrace_id":"AFY7cFXHAKDYvefC_AUM8UF"}}
DONE ok=0 skip=0 fail=1
2026-09-15 18:08:58 PENDING ig (no IG token - run ig/ig-ensure-token.ps1)
2026-09-15 18:08:58 CYCLE 2026-09-15 18:08:58 :: tg=0/0 fb=0/3 vk=0/0
2026-09-15 18:14:02 FAIL fb golos-banka-2026-09-13 :: PUBLISH golos-banka-2026-09-13 ...
FAIL golos-banka-2026-09-13 -> PAGE=319271621473482
FB_FAIL {"error":{"message":"(#100) 0 does not resolve to a valid user ID","type":"OAuthException","code":100,"fbtrace_id":"AOPUPhRgjyOR8h8xCOy-SXx"}}
DONE ok=0 skip=0 fail=1
2026-09-15 18:14:08 FAIL fb vybor-diktora-2026-09-14 :: PUBLISH vybor-diktora-2026-09-14 ...
FAIL vybor-diktora-2026-09-14 -> PAGE=319271621473482
FB_FAIL {"error":{"message":"(#100) 0 does not resolve to a valid user ID","type":"OAuthException","code":100,"fbtrace_id":"A8cXfTuRzJcCnIGUAnFCp14"}}
DONE ok=0 skip=0 fail=1
2026-09-15 18:14:14 FAIL fb ozvuchka-video-2026-09-15 :: PUBLISH ozvuchka-video-2026-09-15 ...
FAIL ozvuchka-video-2026-09-15 -> PAGE=319271621473482
FB_FAIL {"error":{"message":"(#100) 0 does not resolve to a valid user ID","type":"OAuthException","code":100,"fbtrace_id":"A7rAsljDWI-9lv7b13CzTkt"}}
DONE ok=0 skip=0 fail=1
2026-09-15 18:14:16 PENDING ig (no IG token - run ig/ig-ensure-token.ps1)
2026-09-15 18:14:16 CYCLE 2026-09-15 18:14:16 :: tg=0/0 fb=0/3 vk=0/0
2026-09-15 18:19:20 FAIL fb golos-banka-2026-09-13 :: PUBLISH golos-banka-2026-09-13 ...
FAIL golos-banka-2026-09-13 -> PAGE=319271621473482
FB_FAIL {"error":{"message":"(#100) 0 does not resolve to a valid user ID","type":"OAuthException","code":100,"fbtrace_id":"Azp09qJNdsR_UNTukedrHbc"}}
DONE ok=0 skip=0 fail=1
2026-09-15 18:19:26 FAIL fb vybor-diktora-2026-09-14 :: PUBLISH vybor-diktora-2026-09-14 ...
FAIL vybor-diktora-2026-09-14 -> PAGE=319271621473482
FB_FAIL {"error":{"message":"(#100) 0 does not resolve to a valid user ID","type":"OAuthException","code":100,"fbtrace_id":"Av2i6yphVgpkvDom4AuKMso"}}
DONE ok=0 skip=0 fail=1
2026-09-15 18:19:32 FAIL fb ozvuchka-video-2026-09-15 :: PUBLISH ozvuchka-video-2026-09-15 ...
FAIL ozvuchka-video-2026-09-15 -> PAGE=319271621473482
FB_FAIL {"error":{"message":"(#100) 0 does not resolve to a valid user ID","type":"OAuthException","code":100,"fbtrace_id":"AwJoRhChB23HVE1sEt1UmqS"}}
DONE ok=0 skip=0 fail=1
2026-09-15 18:19:34 PENDING ig (no IG token - run ig/ig-ensure-token.ps1)
2026-09-15 18:19:34 CYCLE 2026-09-15 18:19:34 :: tg=0/0 fb=0/3 vk=0/0
2026-09-15 18:24:38 FAIL fb golos-banka-2026-09-13 :: PUBLISH golos-banka-2026-09-13 ...
FAIL golos-banka-2026-09-13 -> PAGE=319271621473482
FB_FAIL {"error":{"message":"(#100) 0 does not resolve to a valid user ID","type":"OAuthException","code":100,"fbtrace_id":"AjgJt_psCrI5YzN_xloh-G_"}}
DONE ok=0 skip=0 fail=1
2026-09-15 18:24:44 FAIL fb vybor-diktora-2026-09-14 :: PUBLISH vybor-diktora-2026-09-14 ...
FAIL vybor-diktora-2026-09-14 -> PAGE=319271621473482
FB_FAIL {"error":{"message":"(#100) 0 does not resolve to a valid user ID","type":"OAuthException","code":100,"fbtrace_id":"AefEjU2D-I9-X1IQjtjrH-z"}}
DONE ok=0 skip=0 fail=1
2026-09-15 18:24:50 FAIL fb ozvuchka-video-2026-09-15 :: PUBLISH ozvuchka-video-2026-09-15 ...
FAIL ozvuchka-video-2026-09-15 -> PAGE=319271621473482
FB_FAIL {"error":{"message":"(#100) 0 does not resolve to a valid user ID","type":"OAuthException","code":100,"fbtrace_id":"A7md5zsukftQInRy-tinQRV"}}
DONE ok=0 skip=0 fail=1
2026-09-15 18:24:52 PENDING ig (no IG token - run ig/ig-ensure-token.ps1)
2026-09-15 18:24:52 CYCLE 2026-09-15 18:24:52 :: tg=0/0 fb=0/3 vk=0/0
2026-09-15 18:29:56 FAIL fb golos-banka-2026-09-13 :: PUBLISH golos-banka-2026-09-13 ...
FAIL golos-banka-2026-09-13 -> PAGE=319271621473482
FB_FAIL {"error":{"message":"(#100) 0 does not resolve to a valid user ID","type":"OAuthException","code":100,"fbtrace_id":"A-Y8TcK9pNa6_QqVLjKxL0u"}}
DONE ok=0 skip=0 fail=1
2026-09-15 18:30:02 FAIL fb vybor-diktora-2026-09-14 :: PUBLISH vybor-diktora-2026-09-14 ...
FAIL vybor-diktora-2026-09-14 -> PAGE=319271621473482
FB_FAIL {"error":{"message":"(#100) 0 does not resolve to a valid user ID","type":"OAuthException","code":100,"fbtrace_id":"ADHLjPjDAUT1Z_aLe_3IDYH"}}
DONE ok=0 skip=0 fail=1
2026-09-15 18:30:08 FAIL fb ozvuchka-video-2026-09-15 :: PUBLISH ozvuchka-video-2026-09-15 ...
FAIL ozvuchka-video-2026-09-15 -> PAGE=319271621473482
FB_FAIL {"error":{"message":"(#100) 0 does not resolve to a valid user ID","type":"OAuthException","code":100,"fbtrace_id":"Akh5P7rh5l9Y0VrakDRK_r4"}}
DONE ok=0 skip=0 fail=1
2026-09-15 18:30:10 PENDING ig (no IG token - run ig/ig-ensure-token.ps1)
2026-09-15 18:30:10 CYCLE 2026-09-15 18:30:10 :: tg=0/0 fb=0/3 vk=0/0
2026-09-15 18:35:14 FAIL fb golos-banka-2026-09-13 :: PUBLISH golos-banka-2026-09-13 ...
FAIL golos-banka-2026-09-13 -> PAGE=319271621473482
FB_FAIL {"error":{"message":"(#100) 0 does not resolve to a valid user ID","type":"OAuthException","code":100,"fbtrace_id":"A2_vnFjE_UgqI6BTwGpIqmX"}}
DONE ok=0 skip=0 fail=1
2026-09-15 18:35:20 FAIL fb vybor-diktora-2026-09-14 :: PUBLISH vybor-diktora-2026-09-14 ...
FAIL vybor-diktora-2026-09-14 -> PAGE=319271621473482
FB_FAIL {"error":{"message":"(#100) 0 does not resolve to a valid user ID","type":"OAuthException","code":100,"fbtrace_id":"APG28In605B_cbWztE0MJcK"}}
DONE ok=0 skip=0 fail=1
2026-09-15 18:35:26 FAIL fb ozvuchka-video-2026-09-15 :: PUBLISH ozvuchka-video-2026-09-15 ...
FAIL ozvuchka-video-2026-09-15 -> PAGE=319271621473482
FB_FAIL {"error":{"message":"(#100) 0 does not resolve to a valid user ID","type":"OAuthException","code":100,"fbtrace_id":"Aob2G942a9DZNiN9bKhsO-3"}}
DONE ok=0 skip=0 fail=1
2026-09-15 18:35:28 PENDING ig (no IG token - run ig/ig-ensure-token.ps1)
2026-09-15 18:35:28 CYCLE 2026-09-15 18:35:28 :: tg=0/0 fb=0/3 vk=0/0
2026-09-15 18:40:32 FAIL fb golos-banka-2026-09-13 :: PUBLISH golos-banka-2026-09-13 ...
FAIL golos-banka-2026-09-13 -> PAGE=319271621473482
FB_FAIL {"error":{"message":"(#100) 0 does not resolve to a valid user ID","type":"OAuthException","code":100,"fbtrace_id":"AU2_zEy76BX47cgATfzz67-"}}
DONE ok=0 skip=0 fail=1
2026-09-15 18:40:38 FAIL fb vybor-diktora-2026-09-14 :: PUBLISH vybor-diktora-2026-09-14 ...
FAIL vybor-diktora-2026-09-14 -> PAGE=319271621473482
FB_FAIL {"error":{"message":"(#100) 0 does not resolve to a valid user ID","type":"OAuthException","code":100,"fbtrace_id":"AGgUcLgRRaSic2tfvoDuGiG"}}
DONE ok=0 skip=0 fail=1
2026-09-15 18:40:44 FAIL fb ozvuchka-video-2026-09-15 :: PUBLISH ozvuchka-video-2026-09-15 ...
FAIL ozvuchka-video-2026-09-15 -> PAGE=319271621473482
FB_FAIL {"error":{"message":"(#100) 0 does not resolve to a valid user ID","type":"OAuthException","code":100,"fbtrace_id":"A4JJTs2NCw0jlLdatEG7mjH"}}
DONE ok=0 skip=0 fail=1
2026-09-15 18:40:46 PENDING ig (no IG token - run ig/ig-ensure-token.ps1)
2026-09-15 18:40:46 CYCLE 2026-09-15 18:40:46 :: tg=0/0 fb=0/3 vk=0/0
2026-09-15 18:45:50 FAIL fb golos-banka-2026-09-13 :: PUBLISH golos-banka-2026-09-13 ...
FAIL golos-banka-2026-09-13 -> PAGE=319271621473482
FB_FAIL {"error":{"message":"(#100) 0 does not resolve to a valid user ID","type":"OAuthException","code":100,"fbtrace_id":"Ak40iWIsHORC0wiPmnrlbN9"}}
DONE ok=0 skip=0 fail=1
2026-09-15 18:45:55 FAIL fb vybor-diktora-2026-09-14 :: PUBLISH vybor-diktora-2026-09-14 ...
FAIL vybor-diktora-2026-09-14 -> PAGE=319271621473482
FB_FAIL {"error":{"message":"(#100) 0 does not resolve to a valid user ID","type":"OAuthException","code":100,"fbtrace_id":"Ait548gKwxRWDNjU_ozkRNI"}}
DONE ok=0 skip=0 fail=1
2026-09-15 18:46:01 FAIL fb ozvuchka-video-2026-09-15 :: PUBLISH ozvuchka-video-2026-09-15 ...
FAIL ozvuchka-video-2026-09-15 -> PAGE=319271621473482
FB_FAIL {"error":{"message":"(#100) 0 does not resolve to a valid user ID","type":"OAuthException","code":100,"fbtrace_id":"A0BYbJU7RiSmAwbxTz8C0tP"}}
DONE ok=0 skip=0 fail=1
2026-09-15 18:46:03 PENDING ig (no IG token - run ig/ig-ensure-token.ps1)
2026-09-15 18:46:03 CYCLE 2026-09-15 18:46:03 :: tg=0/0 fb=0/3 vk=0/0
2026-09-15 18:51:07 FAIL fb golos-banka-2026-09-13 :: PUBLISH golos-banka-2026-09-13 ...
FAIL golos-banka-2026-09-13 -> PAGE=319271621473482
FB_FAIL {"error":{"message":"(#100) 0 does not resolve to a valid user ID","type":"OAuthException","code":100,"fbtrace_id":"AIQ_DxuELDCxjdkXAzM4-c4"}}
DONE ok=0 skip=0 fail=1
2026-09-15 18:51:13 FAIL fb vybor-diktora-2026-09-14 :: PUBLISH vybor-diktora-2026-09-14 ...
FAIL vybor-diktora-2026-09-14 -> PAGE=319271621473482
FB_FAIL {"error":{"message":"(#100) 0 does not resolve to a valid user ID","type":"OAuthException","code":100,"fbtrace_id":"AaCVMZnbh79xYsTb3v6ZRsE"}}
DONE ok=0 skip=0 fail=1
2026-09-15 18:51:19 FAIL fb ozvuchka-video-2026-09-15 :: PUBLISH ozvuchka-video-2026-09-15 ...
FAIL ozvuchka-video-2026-09-15 -> PAGE=319271621473482
FB_FAIL {"error":{"message":"(#100) 0 does not resolve to a valid user ID","type":"OAuthException","code":100,"fbtrace_id":"ANE-ffNuaxqi36ue4ulq8qg"}}
DONE ok=0 skip=0 fail=1
2026-09-15 18:51:21 PENDING ig (no IG token - run ig/ig-ensure-token.ps1)
2026-09-15 18:51:21 CYCLE 2026-09-15 18:51:21 :: tg=0/0 fb=0/3 vk=0/0
2026-09-15 18:56:25 FAIL fb golos-banka-2026-09-13 :: PUBLISH golos-banka-2026-09-13 ...
FAIL golos-banka-2026-09-13 -> PAGE=319271621473482
FB_FAIL {"error":{"message":"(#100) 0 does not resolve to a valid user ID","type":"OAuthException","code":100,"fbtrace_id":"AEBjEEgp4SFvFeOMnN1nX_8"}}
DONE ok=0 skip=0 fail=1
2026-09-15 18:56:31 FAIL fb vybor-diktora-2026-09-14 :: PUBLISH vybor-diktora-2026-09-14 ...
FAIL vybor-diktora-2026-09-14 -> PAGE=319271621473482
FB_FAIL {"error":{"message":"(#100) 0 does not resolve to a valid user ID","type":"OAuthException","code":100,"fbtrace_id":"AgOlNaZFFlaantID__uOaF1"}}
DONE ok=0 skip=0 fail=1
2026-09-15 18:56:37 FAIL fb ozvuchka-video-2026-09-15 :: PUBLISH ozvuchka-video-2026-09-15 ...
FAIL ozvuchka-video-2026-09-15 -> PAGE=319271621473482
FB_FAIL {"error":{"message":"(#100) 0 does not resolve to a valid user ID","type":"OAuthException","code":100,"fbtrace_id":"AM870RXzYd-rJA9-_CmVfkC"}}
DONE ok=0 skip=0 fail=1
2026-09-15 18:56:39 PENDING ig (no IG token - run ig/ig-ensure-token.ps1)
2026-09-15 18:56:39 CYCLE 2026-09-15 18:56:39 :: tg=0/0 fb=0/3 vk=0/0
2026-09-15 19:01:43 FAIL fb golos-banka-2026-09-13 :: PUBLISH golos-banka-2026-09-13 ...
FAIL golos-banka-2026-09-13 -> PAGE=319271621473482
FB_FAIL {"error":{"message":"(#100) 0 does not resolve to a valid user ID","type":"OAuthException","code":100,"fbtrace_id":"Ag8ix9E4QywWQnefWeoiaGT"}}
DONE ok=0 skip=0 fail=1
2026-09-15 19:01:49 FAIL fb vybor-diktora-2026-09-14 :: PUBLISH vybor-diktora-2026-09-14 ...
FAIL vybor-diktora-2026-09-14 -> PAGE=319271621473482
FB_FAIL {"error":{"message":"(#100) 0 does not resolve to a valid user ID","type":"OAuthException","code":100,"fbtrace_id":"AHYd6c4e1oJe1qjyEomj9vv"}}
DONE ok=0 skip=0 fail=1
2026-09-15 19:01:55 FAIL fb ozvuchka-video-2026-09-15 :: PUBLISH ozvuchka-video-2026-09-15 ...
FAIL ozvuchka-video-2026-09-15 -> PAGE=319271621473482
FB_FAIL {"error":{"message":"(#100) 0 does not resolve to a valid user ID","type":"OAuthException","code":100,"fbtrace_id":"A3K01giD2JpyhrK0GeL3sMj"}}
DONE ok=0 skip=0 fail=1
2026-09-15 19:01:57 PENDING ig (no IG token - run ig/ig-ensure-token.ps1)
2026-09-15 19:01:57 CYCLE 2026-09-15 19:01:57 :: tg=0/0 fb=0/3 vk=0/0
2026-09-15 19:07:01 FAIL fb golos-banka-2026-09-13 :: PUBLISH golos-banka-2026-09-13 ...
FAIL golos-banka-2026-09-13 -> PAGE=319271621473482
FB_FAIL {"error":{"message":"(#100) 0 does not resolve to a valid user ID","type":"OAuthException","code":100,"fbtrace_id":"ACmVp9GUuzFq4QrwxOt0_z1"}}
DONE ok=0 skip=0 fail=1
2026-09-15 19:07:07 FAIL fb vybor-diktora-2026-09-14 :: PUBLISH vybor-diktora-2026-09-14 ...
FAIL vybor-diktora-2026-09-14 -> PAGE=319271621473482
FB_FAIL {"error":{"message":"(#100) 0 does not resolve to a valid user ID","type":"OAuthException","code":100,"fbtrace_id":"AbXh91f92jX4kEZkgxR-Djb"}}
DONE ok=0 skip=0 fail=1
2026-09-15 19:07:13 FAIL fb ozvuchka-video-2026-09-15 :: PUBLISH ozvuchka-video-2026-09-15 ...
FAIL ozvuchka-video-2026-09-15 -> PAGE=319271621473482
FB_FAIL {"error":{"message":"(#100) 0 does not resolve to a valid user ID","type":"OAuthException","code":100,"fbtrace_id":"AL0Bz1gkJEuSFAhyBOAUnQW"}}
DONE ok=0 skip=0 fail=1
2026-09-15 19:07:15 PENDING ig (no IG token - run ig/ig-ensure-token.ps1)
2026-09-15 19:07:15 CYCLE 2026-09-15 19:07:15 :: tg=0/0 fb=0/3 vk=0/0
2026-09-15 19:12:20 FAIL fb golos-banka-2026-09-13 :: PUBLISH golos-banka-2026-09-13 ...
FAIL golos-banka-2026-09-13 -> PAGE=319271621473482
FB_FAIL {"error":{"message":"(#100) 0 does not resolve to a valid user ID","type":"OAuthException","code":100,"fbtrace_id":"AJMvP0SiokWk09EGbAe3oI5"}}
DONE ok=0 skip=0 fail=1
2026-09-15 19:12:26 FAIL fb vybor-diktora-2026-09-14 :: PUBLISH vybor-diktora-2026-09-14 ...
FAIL vybor-diktora-2026-09-14 -> PAGE=319271621473482
FB_FAIL {"error":{"message":"(#100) 0 does not resolve to a valid user ID","type":"OAuthException","code":100,"fbtrace_id":"AWOXGOmSG-qF3ekOONzuWdQ"}}
DONE ok=0 skip=0 fail=1
2026-09-15 19:12:32 FAIL fb ozvuchka-video-2026-09-15 :: PUBLISH ozvuchka-video-2026-09-15 ...
FAIL ozvuchka-video-2026-09-15 -> PAGE=319271621473482
FB_FAIL {"error":{"message":"(#100) 0 does not resolve to a valid user ID","type":"OAuthException","code":100,"fbtrace_id":"A-OBrsSNtdzDRngFJTs61Ip"}}
DONE ok=0 skip=0 fail=1
2026-09-15 19:12:34 PENDING ig (no IG token - run ig/ig-ensure-token.ps1)
2026-09-15 19:12:34 CYCLE 2026-09-15 19:12:34 :: tg=0/0 fb=0/3 vk=0/0
2026-09-15 19:17:38 FAIL fb golos-banka-2026-09-13 :: PUBLISH golos-banka-2026-09-13 ...
FAIL golos-banka-2026-09-13 -> PAGE=319271621473482
FB_FAIL {"error":{"message":"(#100) 0 does not resolve to a valid user ID","type":"OAuthException","code":100,"fbtrace_id":"AF75EI1vBGpktWpfFDeS6w1"}}
DONE ok=0 skip=0 fail=1
2026-09-15 19:17:44 FAIL fb vybor-diktora-2026-09-14 :: PUBLISH vybor-diktora-2026-09-14 ...
FAIL vybor-diktora-2026-09-14 -> PAGE=319271621473482
FB_FAIL {"error":{"message":"(#100) 0 does not resolve to a valid user ID","type":"OAuthException","code":100,"fbtrace_id":"Ah9g-PrOpreRjlHa8klmCQK"}}
DONE ok=0 skip=0 fail=1
2026-09-15 19:17:50 FAIL fb ozvuchka-video-2026-09-15 :: PUBLISH ozvuchka-video-2026-09-15 ...
FAIL ozvuchka-video-2026-09-15 -> PAGE=319271621473482
FB_FAIL {"error":{"message":"(#100) 0 does not resolve to a valid user ID","type":"OAuthException","code":100,"fbtrace_id":"A9QDkWJ4xw_lVgJ0GSVaL3h"}}
DONE ok=0 skip=0 fail=1
2026-09-15 19:17:52 PENDING ig (no IG token - run ig/ig-ensure-token.ps1)
2026-09-15 19:17:52 CYCLE 2026-09-15 19:17:52 :: tg=0/0 fb=0/3 vk=0/0
2026-09-15 19:22:57 FAIL fb golos-banka-2026-09-13 :: PUBLISH golos-banka-2026-09-13 ...
FAIL golos-banka-2026-09-13 -> PAGE=319271621473482
FB_FAIL {"error":{"message":"(#100) 0 does not resolve to a valid user ID","type":"OAuthException","code":100,"fbtrace_id":"AJdrztHR-IngkGBdbQXc7nj"}}
DONE ok=0 skip=0 fail=1
2026-09-15 19:23:03 FAIL fb vybor-diktora-2026-09-14 :: PUBLISH vybor-diktora-2026-09-14 ...
FAIL vybor-diktora-2026-09-14 -> PAGE=319271621473482
FB_FAIL {"error":{"message":"(#100) 0 does not resolve to a valid user ID","type":"OAuthException","code":100,"fbtrace_id":"ACZ5G5TB4F2zWmq9RbRAX79"}}
DONE ok=0 skip=0 fail=1
2026-09-15 19:23:09 FAIL fb ozvuchka-video-2026-09-15 :: PUBLISH ozvuchka-video-2026-09-15 ...
FAIL ozvuchka-video-2026-09-15 -> PAGE=319271621473482
FB_FAIL {"error":{"message":"(#100) 0 does not resolve to a valid user ID","type":"OAuthException","code":100,"fbtrace_id":"ApA6IMUCVK-9KJWjbzEcDPF"}}
DONE ok=0 skip=0 fail=1
2026-09-15 19:23:11 PENDING ig (no IG token - run ig/ig-ensure-token.ps1)
2026-09-15 19:23:11 CYCLE 2026-09-15 19:23:11 :: tg=0/0 fb=0/3 vk=0/0
2026-09-15 19:28:15 FAIL fb golos-banka-2026-09-13 :: PUBLISH golos-banka-2026-09-13 ...
FAIL golos-banka-2026-09-13 -> PAGE=319271621473482
FB_FAIL {"error":{"message":"(#100) 0 does not resolve to a valid user ID","type":"OAuthException","code":100,"fbtrace_id":"AeQ2j1VZNmW_f6L9qt-1SNQ"}}
DONE ok=0 skip=0 fail=1
2026-09-15 19:28:21 FAIL fb vybor-diktora-2026-09-14 :: PUBLISH vybor-diktora-2026-09-14 ...
FAIL vybor-diktora-2026-09-14 -> PAGE=319271621473482
FB_FAIL {"error":{"message":"(#100) 0 does not resolve to a valid user ID","type":"OAuthException","code":100,"fbtrace_id":"A77f047ob_k-edfIBEx8I4N"}}
DONE ok=0 skip=0 fail=1
2026-09-15 19:28:27 FAIL fb ozvuchka-video-2026-09-15 :: PUBLISH ozvuchka-video-2026-09-15 ...
FAIL ozvuchka-video-2026-09-15 -> PAGE=319271621473482
FB_FAIL {"error":{"message":"(#100) 0 does not resolve to a valid user ID","type":"OAuthException","code":100,"fbtrace_id":"AR2m6e5rfoZCptzAqaUe07i"}}
DONE ok=0 skip=0 fail=1
2026-09-15 19:28:29 PENDING ig (no IG token - run ig/ig-ensure-token.ps1)
2026-09-15 19:28:29 CYCLE 2026-09-15 19:28:29 :: tg=0/0 fb=0/3 vk=0/0
2026-09-15 19:33:33 FAIL fb golos-banka-2026-09-13 :: PUBLISH golos-banka-2026-09-13 ...
FAIL golos-banka-2026-09-13 -> PAGE=319271621473482
FB_FAIL {"error":{"message":"(#100) 0 does not resolve to a valid user ID","type":"OAuthException","code":100,"fbtrace_id":"ANKpRyvWYvc6OUcGiOlfQm4"}}
DONE ok=0 skip=0 fail=1
2026-09-15 19:33:39 FAIL fb vybor-diktora-2026-09-14 :: PUBLISH vybor-diktora-2026-09-14 ...
FAIL vybor-diktora-2026-09-14 -> PAGE=319271621473482
FB_FAIL {"error":{"message":"(#100) 0 does not resolve to a valid user ID","type":"OAuthException","code":100,"fbtrace_id":"AOKSWyi1NHEOOliED_L5Ilu"}}
DONE ok=0 skip=0 fail=1
2026-09-15 19:33:45 FAIL fb ozvuchka-video-2026-09-15 :: PUBLISH ozvuchka-video-2026-09-15 ...
FAIL ozvuchka-video-2026-09-15 -> PAGE=319271621473482
FB_FAIL {"error":{"message":"(#100) 0 does not resolve to a valid user ID","type":"OAuthException","code":100,"fbtrace_id":"Au2ZSN-Gmd92WCCKJ3Kfr5D"}}
DONE ok=0 skip=0 fail=1
2026-09-15 19:33:47 PENDING ig (no IG token - run ig/ig-ensure-token.ps1)
2026-09-15 19:33:47 CYCLE 2026-09-15 19:33:47 :: tg=0/0 fb=0/3 vk=0/0
2026-09-15 19:38:51 FAIL fb golos-banka-2026-09-13 :: PUBLISH golos-banka-2026-09-13 ...
FAIL golos-banka-2026-09-13 -> PAGE=319271621473482
FB_FAIL {"error":{"message":"(#100) 0 does not resolve to a valid user ID","type":"OAuthException","code":100,"fbtrace_id":"AHhCdxlQkKknj-Yj1MqgBGD"}}
DONE ok=0 skip=0 fail=1
2026-09-15 19:38:58 FAIL fb vybor-diktora-2026-09-14 :: PUBLISH vybor-diktora-2026-09-14 ...
FAIL vybor-diktora-2026-09-14 -> PAGE=319271621473482
FB_FAIL {"error":{"message":"(#100) 0 does not resolve to a valid user ID","type":"OAuthException","code":100,"fbtrace_id":"Ae-M6iy-W1EecJUDQ6GSaSk"}}
DONE ok=0 skip=0 fail=1
2026-09-15 19:39:04 FAIL fb ozvuchka-video-2026-09-15 :: PUBLISH ozvuchka-video-2026-09-15 ...
FAIL ozvuchka-video-2026-09-15 -> PAGE=319271621473482
FB_FAIL {"error":{"message":"(#100) 0 does not resolve to a valid user ID","type":"OAuthException","code":100,"fbtrace_id":"A1HcTYgxbkfyR24yR8SzgFl"}}
DONE ok=0 skip=0 fail=1
2026-09-15 19:39:06 PENDING ig (no IG token - run ig/ig-ensure-token.ps1)
2026-09-15 19:39:06 CYCLE 2026-09-15 19:39:06 :: tg=0/0 fb=0/3 vk=0/0
2026-09-15 19:44:10 FAIL fb golos-banka-2026-09-13 :: PUBLISH golos-banka-2026-09-13 ...
FAIL golos-banka-2026-09-13 -> PAGE=319271621473482
FB_FAIL {"error":{"message":"(#100) 0 does not resolve to a valid user ID","type":"OAuthException","code":100,"fbtrace_id":"AcpRbNOPRStfKWldb76Z__A"}}
DONE ok=0 skip=0 fail=1
2026-09-15 19:44:16 FAIL fb vybor-diktora-2026-09-14 :: PUBLISH vybor-diktora-2026-09-14 ...
FAIL vybor-diktora-2026-09-14 -> PAGE=319271621473482
FB_FAIL {"error":{"message":"(#100) 0 does not resolve to a valid user ID","type":"OAuthException","code":100,"fbtrace_id":"AiHSweakKe6IdyhuAMCvoyZ"}}
DONE ok=0 skip=0 fail=1
2026-09-15 19:44:22 FAIL fb ozvuchka-video-2026-09-15 :: PUBLISH ozvuchka-video-2026-09-15 ...
FAIL ozvuchka-video-2026-09-15 -> PAGE=319271621473482
FB_FAIL {"error":{"message":"(#100) 0 does not resolve to a valid user ID","type":"OAuthException","code":100,"fbtrace_id":"AN7qdny0XG9zT1Uvtlc9ALd"}}
DONE ok=0 skip=0 fail=1
2026-09-15 19:44:24 PENDING ig (no IG token - run ig/ig-ensure-token.ps1)
2026-09-15 19:44:24 CYCLE 2026-09-15 19:44:24 :: tg=0/0 fb=0/3 vk=0/0
2026-09-15 19:49:28 FAIL fb golos-banka-2026-09-13 :: PUBLISH golos-banka-2026-09-13 ...
FAIL golos-banka-2026-09-13 -> PAGE=319271621473482
FB_FAIL {"error":{"message":"(#100) 0 does not resolve to a valid user ID","type":"OAuthException","code":100,"fbtrace_id":"ANShpy2A_RF3tOB2e0hPNao"}}
DONE ok=0 skip=0 fail=1
2026-09-15 19:49:34 FAIL fb vybor-diktora-2026-09-14 :: PUBLISH vybor-diktora-2026-09-14 ...
FAIL vybor-diktora-2026-09-14 -> PAGE=319271621473482
FB_FAIL {"error":{"message":"(#100) 0 does not resolve to a valid user ID","type":"OAuthException","code":100,"fbtrace_id":"AIT3A40FpGY4pYYLe7xs1hp"}}
DONE ok=0 skip=0 fail=1
2026-09-15 19:49:39 FAIL fb ozvuchka-video-2026-09-15 :: PUBLISH ozvuchka-video-2026-09-15 ...
FAIL ozvuchka-video-2026-09-15 -> PAGE=319271621473482
FB_FAIL {"error":{"message":"(#100) 0 does not resolve to a valid user ID","type":"OAuthException","code":100,"fbtrace_id":"AK2RhuSFnCMhUQvrJPptqU4"}}
DONE ok=0 skip=0 fail=1
2026-09-15 19:49:41 PENDING ig (no IG token - run ig/ig-ensure-token.ps1)
2026-09-15 19:49:41 CYCLE 2026-09-15 19:49:41 :: tg=0/0 fb=0/3 vk=0/0
2026-09-15 19:54:45 FAIL fb golos-banka-2026-09-13 :: PUBLISH golos-banka-2026-09-13 ...
FAIL golos-banka-2026-09-13 -> PAGE=319271621473482
FB_FAIL {"error":{"message":"(#100) 0 does not resolve to a valid user ID","type":"OAuthException","code":100,"fbtrace_id":"AXywrdZ3SfRvh6h8zxn1ODR"}}
DONE ok=0 skip=0 fail=1
2026-09-15 19:54:51 FAIL fb vybor-diktora-2026-09-14 :: PUBLISH vybor-diktora-2026-09-14 ...
FAIL vybor-diktora-2026-09-14 -> PAGE=319271621473482
FB_FAIL {"error":{"message":"(#100) 0 does not resolve to a valid user ID","type":"OAuthException","code":100,"fbtrace_id":"AMN0U8FygezYoSkPJTvWH4U"}}
DONE ok=0 skip=0 fail=1
2026-09-15 19:54:57 FAIL fb ozvuchka-video-2026-09-15 :: PUBLISH ozvuchka-video-2026-09-15 ...
FAIL ozvuchka-video-2026-09-15 -> PAGE=319271621473482
FB_FAIL {"error":{"message":"(#100) 0 does not resolve to a valid user ID","type":"OAuthException","code":100,"fbtrace_id":"ADU0ZR5-v_eKvaLCD4S1HJN"}}
DONE ok=0 skip=0 fail=1
2026-09-15 19:54:59 PENDING ig (no IG token - run ig/ig-ensure-token.ps1)
2026-09-15 19:54:59 CYCLE 2026-09-15 19:54:59 :: tg=0/0 fb=0/3 vk=0/0
2026-09-15 20:00:04 FAIL fb golos-banka-2026-09-13 :: PUBLISH golos-banka-2026-09-13 ...
FAIL golos-banka-2026-09-13 -> PAGE=319271621473482
FB_FAIL {"error":{"message":"(#100) 0 does not resolve to a valid user ID","type":"OAuthException","code":100,"fbtrace_id":"AvFl6N63koY0S2iYvU-IZHT"}}
DONE ok=0 skip=0 fail=1
2026-09-15 20:00:10 FAIL fb vybor-diktora-2026-09-14 :: PUBLISH vybor-diktora-2026-09-14 ...
FAIL vybor-diktora-2026-09-14 -> PAGE=319271621473482
FB_FAIL {"error":{"message":"(#100) 0 does not resolve to a valid user ID","type":"OAuthException","code":100,"fbtrace_id":"AiS1ECMEEP021sTrMBzHfwb"}}
DONE ok=0 skip=0 fail=1
2026-09-15 20:00:16 FAIL fb ozvuchka-video-2026-09-15 :: PUBLISH ozvuchka-video-2026-09-15 ...
FAIL ozvuchka-video-2026-09-15 -> PAGE=319271621473482
FB_FAIL {"error":{"message":"(#100) 0 does not resolve to a valid user ID","type":"OAuthException","code":100,"fbtrace_id":"ANJ3ZxLdgYHSQsaZelrMRGF"}}
DONE ok=0 skip=0 fail=1
2026-09-15 20:00:18 PENDING ig (no IG token - run ig/ig-ensure-token.ps1)
2026-09-15 20:00:18 CYCLE 2026-09-15 20:00:18 :: tg=0/0 fb=0/3 vk=0/0
2026-09-15 20:05:22 FAIL fb golos-banka-2026-09-13 :: PUBLISH golos-banka-2026-09-13 ...
FAIL golos-banka-2026-09-13 -> PAGE=319271621473482
FB_FAIL {"error":{"message":"(#100) 0 does not resolve to a valid user ID","type":"OAuthException","code":100,"fbtrace_id":"AiY0NrCdncuX7yeJyFH2_qe"}}
DONE ok=0 skip=0 fail=1
2026-09-15 20:05:28 FAIL fb vybor-diktora-2026-09-14 :: PUBLISH vybor-diktora-2026-09-14 ...
FAIL vybor-diktora-2026-09-14 -> PAGE=319271621473482
FB_FAIL {"error":{"message":"(#100) 0 does not resolve to a valid user ID","type":"OAuthException","code":100,"fbtrace_id":"AZBPPXicg6zOnYJnVfB6MIn"}}
DONE ok=0 skip=0 fail=1
2026-09-15 20:05:34 FAIL fb ozvuchka-video-2026-09-15 :: PUBLISH ozvuchka-video-2026-09-15 ...
FAIL ozvuchka-video-2026-09-15 -> PAGE=319271621473482
FB_FAIL {"error":{"message":"(#100) 0 does not resolve to a valid user ID","type":"OAuthException","code":100,"fbtrace_id":"AfdRKCqwg1avR9474-1Qsnq"}}
DONE ok=0 skip=0 fail=1
2026-09-15 20:05:36 PENDING ig (no IG token - run ig/ig-ensure-token.ps1)
2026-09-15 20:05:36 CYCLE 2026-09-15 20:05:36 :: tg=0/0 fb=0/3 vk=0/0
2026-09-15 20:10:40 FAIL fb golos-banka-2026-09-13 :: PUBLISH golos-banka-2026-09-13 ...
FAIL golos-banka-2026-09-13 -> PAGE=319271621473482
FB_FAIL {"error":{"message":"(#100) 0 does not resolve to a valid user ID","type":"OAuthException","code":100,"fbtrace_id":"AX4asXItS1rZ-3awpHTMflj"}}
DONE ok=0 skip=0 fail=1
2026-09-15 20:10:46 FAIL fb vybor-diktora-2026-09-14 :: PUBLISH vybor-diktora-2026-09-14 ...
FAIL vybor-diktora-2026-09-14 -> PAGE=319271621473482
FB_FAIL {"error":{"message":"(#100) 0 does not resolve to a valid user ID","type":"OAuthException","code":100,"fbtrace_id":"ALByW6f8G0M3eSn3Zt3vdg9"}}
DONE ok=0 skip=0 fail=1
2026-09-15 20:10:52 FAIL fb ozvuchka-video-2026-09-15 :: PUBLISH ozvuchka-video-2026-09-15 ...
FAIL ozvuchka-video-2026-09-15 -> PAGE=319271621473482
FB_FAIL {"error":{"message":"(#100) 0 does not resolve to a valid user ID","type":"OAuthException","code":100,"fbtrace_id":"AXn1yyWilxfC72ixpLrXBde"}}
DONE ok=0 skip=0 fail=1
2026-09-15 20:10:54 PENDING ig (no IG token - run ig/ig-ensure-token.ps1)
2026-09-15 20:10:54 CYCLE 2026-09-15 20:10:54 :: tg=0/0 fb=0/3 vk=0/0
2026-09-15 20:15:58 FAIL fb golos-banka-2026-09-13 :: PUBLISH golos-banka-2026-09-13 ...
FAIL golos-banka-2026-09-13 -> PAGE=319271621473482
FB_FAIL {"error":{"message":"(#100) 0 does not resolve to a valid user ID","type":"OAuthException","code":100,"fbtrace_id":"A56NAuHUHv4kBepE-DuPa6R"}}
DONE ok=0 skip=0 fail=1
2026-09-15 20:16:04 FAIL fb vybor-diktora-2026-09-14 :: PUBLISH vybor-diktora-2026-09-14 ...
FAIL vybor-diktora-2026-09-14 -> PAGE=319271621473482
FB_FAIL {"error":{"message":"(#100) 0 does not resolve to a valid user ID","type":"OAuthException","code":100,"fbtrace_id":"A6IdBmEYeRT1-016tgpTQ1F"}}
DONE ok=0 skip=0 fail=1
2026-09-15 20:16:11 FAIL fb ozvuchka-video-2026-09-15 :: PUBLISH ozvuchka-video-2026-09-15 ...
FAIL ozvuchka-video-2026-09-15 -> PAGE=319271621473482
FB_FAIL {"error":{"message":"(#100) 0 does not resolve to a valid user ID","type":"OAuthException","code":100,"fbtrace_id":"AYfwDQESxxfEhmZsg_CxOnD"}}
DONE ok=0 skip=0 fail=1
2026-09-15 20:16:13 PENDING ig (no IG token - run ig/ig-ensure-token.ps1)
2026-09-15 20:16:13 CYCLE 2026-09-15 20:16:13 :: tg=0/0 fb=0/3 vk=0/0
2026-09-15 20:21:17 FAIL fb golos-banka-2026-09-13 :: PUBLISH golos-banka-2026-09-13 ...
FAIL golos-banka-2026-09-13 -> PAGE=319271621473482
FB_FAIL {"error":{"message":"(#100) 0 does not resolve to a valid user ID","type":"OAuthException","code":100,"fbtrace_id":"ActMYUavlCehiBvibsAlEk4"}}
DONE ok=0 skip=0 fail=1
2026-09-15 20:21:23 FAIL fb vybor-diktora-2026-09-14 :: PUBLISH vybor-diktora-2026-09-14 ...
FAIL vybor-diktora-2026-09-14 -> PAGE=319271621473482
FB_FAIL {"error":{"message":"(#100) 0 does not resolve to a valid user ID","type":"OAuthException","code":100,"fbtrace_id":"A4WjSB5QpF8xGGx4uDzpi_u"}}
DONE ok=0 skip=0 fail=1
2026-09-15 20:21:29 FAIL fb ozvuchka-video-2026-09-15 :: PUBLISH ozvuchka-video-2026-09-15 ...
FAIL ozvuchka-video-2026-09-15 -> PAGE=319271621473482
FB_FAIL {"error":{"message":"(#100) 0 does not resolve to a valid user ID","type":"OAuthException","code":100,"fbtrace_id":"AjjtzfdalX8c9Sc6kVTtxE1"}}
DONE ok=0 skip=0 fail=1
2026-09-15 20:21:31 PENDING ig (no IG token - run ig/ig-ensure-token.ps1)
2026-09-15 20:21:31 CYCLE 2026-09-15 20:21:31 :: tg=0/0 fb=0/3 vk=0/0
2026-09-15 20:26:35 FAIL fb golos-banka-2026-09-13 :: PUBLISH golos-banka-2026-09-13 ...
FAIL golos-banka-2026-09-13 -> PAGE=319271621473482
FB_FAIL {"error":{"message":"(#100) 0 does not resolve to a valid user ID","type":"OAuthException","code":100,"fbtrace_id":"AjB6kHIMPAow9EsWnKNm9UK"}}
DONE ok=0 skip=0 fail=1
2026-09-15 20:26:41 FAIL fb vybor-diktora-2026-09-14 :: PUBLISH vybor-diktora-2026-09-14 ...
FAIL vybor-diktora-2026-09-14 -> PAGE=319271621473482
FB_FAIL {"error":{"message":"(#100) 0 does not resolve to a valid user ID","type":"OAuthException","code":100,"fbtrace_id":"AMxM93Jxe1E399GlIqSsp1r"}}
DONE ok=0 skip=0 fail=1
2026-09-15 20:26:47 FAIL fb ozvuchka-video-2026-09-15 :: PUBLISH ozvuchka-video-2026-09-15 ...
FAIL ozvuchka-video-2026-09-15 -> PAGE=319271621473482
FB_FAIL {"error":{"message":"(#100) 0 does not resolve to a valid user ID","type":"OAuthException","code":100,"fbtrace_id":"Ay9t7UvIsG-9Zn5RoMutja1"}}
DONE ok=0 skip=0 fail=1
2026-09-15 20:26:49 PENDING ig (no IG token - run ig/ig-ensure-token.ps1)
2026-09-15 20:26:49 CYCLE 2026-09-15 20:26:49 :: tg=0/0 fb=0/3 vk=0/0
2026-09-15 20:31:53 FAIL fb golos-banka-2026-09-13 :: PUBLISH golos-banka-2026-09-13 ...
FAIL golos-banka-2026-09-13 -> PAGE=319271621473482
FB_FAIL {"error":{"message":"(#100) 0 does not resolve to a valid user ID","type":"OAuthException","code":100,"fbtrace_id":"APPynfTLKJRuEdEmdLrT-v4"}}
DONE ok=0 skip=0 fail=1
2026-09-15 20:31:59 FAIL fb vybor-diktora-2026-09-14 :: PUBLISH vybor-diktora-2026-09-14 ...
FAIL vybor-diktora-2026-09-14 -> PAGE=319271621473482
FB_FAIL {"error":{"message":"(#100) 0 does not resolve to a valid user ID","type":"OAuthException","code":100,"fbtrace_id":"AbzM6ObSJPAE-WvGCijBzmj"}}
DONE ok=0 skip=0 fail=1
2026-09-15 20:32:06 FAIL fb ozvuchka-video-2026-09-15 :: PUBLISH ozvuchka-video-2026-09-15 ...
FAIL ozvuchka-video-2026-09-15 -> PAGE=319271621473482
FB_FAIL {"error":{"message":"(#100) 0 does not resolve to a valid user ID","type":"OAuthException","code":100,"fbtrace_id":"Ai86H4m6wex3e7OSUwR2dcH"}}
DONE ok=0 skip=0 fail=1
2026-09-15 20:32:08 PENDING ig (no IG token - run ig/ig-ensure-token.ps1)
2026-09-15 20:32:08 CYCLE 2026-09-15 20:32:08 :: tg=0/0 fb=0/3 vk=0/0
2026-09-15 20:37:12 FAIL fb golos-banka-2026-09-13 :: PUBLISH golos-banka-2026-09-13 ...
FAIL golos-banka-2026-09-13 -> PAGE=319271621473482
FB_FAIL {"error":{"message":"(#100) 0 does not resolve to a valid user ID","type":"OAuthException","code":100,"fbtrace_id":"AgQU2O3OWV9xQR73gmVL4vX"}}
DONE ok=0 skip=0 fail=1
2026-09-15 20:37:18 FAIL fb vybor-diktora-2026-09-14 :: PUBLISH vybor-diktora-2026-09-14 ...
FAIL vybor-diktora-2026-09-14 -> PAGE=319271621473482
FB_FAIL {"error":{"message":"(#100) 0 does not resolve to a valid user ID","type":"OAuthException","code":100,"fbtrace_id":"AmYCCnVFTiutslTtHDFQQ9p"}}
DONE ok=0 skip=0 fail=1
2026-09-15 20:37:24 FAIL fb ozvuchka-video-2026-09-15 :: PUBLISH ozvuchka-video-2026-09-15 ...
FAIL ozvuchka-video-2026-09-15 -> PAGE=319271621473482
FB_FAIL {"error":{"message":"(#100) 0 does not resolve to a valid user ID","type":"OAuthException","code":100,"fbtrace_id":"AzfLZB4onmlXFBlbldvNA9k"}}
DONE ok=0 skip=0 fail=1
2026-09-15 20:37:26 PENDING ig (no IG token - run ig/ig-ensure-token.ps1)
2026-09-15 20:37:26 CYCLE 2026-09-15 20:37:26 :: tg=0/0 fb=0/3 vk=0/0
2026-09-15 20:42:30 FAIL fb golos-banka-2026-09-13 :: PUBLISH golos-banka-2026-09-13 ...
FAIL golos-banka-2026-09-13 -> PAGE=319271621473482
FB_FAIL {"error":{"message":"(#100) 0 does not resolve to a valid user ID","type":"OAuthException","code":100,"fbtrace_id":"AuFSb0dC8HlViPoeLrbh96D"}}
DONE ok=0 skip=0 fail=1
2026-09-15 20:42:36 FAIL fb vybor-diktora-2026-09-14 :: PUBLISH vybor-diktora-2026-09-14 ...
FAIL vybor-diktora-2026-09-14 -> PAGE=319271621473482
FB_FAIL {"error":{"message":"(#100) 0 does not resolve to a valid user ID","type":"OAuthException","code":100,"fbtrace_id":"AZOkGwnK95Y2Jego_tsLrdg"}}
DONE ok=0 skip=0 fail=1
2026-09-15 20:42:42 FAIL fb ozvuchka-video-2026-09-15 :: PUBLISH ozvuchka-video-2026-09-15 ...
FAIL ozvuchka-video-2026-09-15 -> PAGE=319271621473482
FB_FAIL {"error":{"message":"(#100) 0 does not resolve to a valid user ID","type":"OAuthException","code":100,"fbtrace_id":"AAsZt80JkhDMeDUq5HO-9H8"}}
DONE ok=0 skip=0 fail=1
2026-09-15 20:42:44 PENDING ig (no IG token - run ig/ig-ensure-token.ps1)
2026-09-15 20:42:44 CYCLE 2026-09-15 20:42:44 :: tg=0/0 fb=0/3 vk=0/0
2026-09-15 20:47:48 FAIL fb golos-banka-2026-09-13 :: PUBLISH golos-banka-2026-09-13 ...
FAIL golos-banka-2026-09-13 -> PAGE=319271621473482
FB_FAIL {"error":{"message":"(#100) 0 does not resolve to a valid user ID","type":"OAuthException","code":100,"fbtrace_id":"ApTIf33c1g7DmB-GHVXhV2D"}}
DONE ok=0 skip=0 fail=1
2026-09-15 20:47:54 FAIL fb vybor-diktora-2026-09-14 :: PUBLISH vybor-diktora-2026-09-14 ...
FAIL vybor-diktora-2026-09-14 -> PAGE=319271621473482
FB_FAIL {"error":{"message":"(#100) 0 does not resolve to a valid user ID","type":"OAuthException","code":100,"fbtrace_id":"AGU53d7_MIUzaVNSPd79_nw"}}
DONE ok=0 skip=0 fail=1
2026-09-15 20:48:00 FAIL fb ozvuchka-video-2026-09-15 :: PUBLISH ozvuchka-video-2026-09-15 ...
FAIL ozvuchka-video-2026-09-15 -> PAGE=319271621473482
FB_FAIL {"error":{"message":"(#100) 0 does not resolve to a valid user ID","type":"OAuthException","code":100,"fbtrace_id":"AM5PU7ou-vAikqQv-GM6T6-"}}
DONE ok=0 skip=0 fail=1
2026-09-15 20:48:02 PENDING ig (no IG token - run ig/ig-ensure-token.ps1)
2026-09-15 20:48:02 CYCLE 2026-09-15 20:48:02 :: tg=0/0 fb=0/3 vk=0/0
2026-09-15 20:53:06 FAIL fb golos-banka-2026-09-13 :: PUBLISH golos-banka-2026-09-13 ...
FAIL golos-banka-2026-09-13 -> PAGE=319271621473482
FB_FAIL {"error":{"message":"(#100) 0 does not resolve to a valid user ID","type":"OAuthException","code":100,"fbtrace_id":"Ac5f-aV_wtRf_oogae3sseZ"}}
DONE ok=0 skip=0 fail=1
2026-09-15 20:53:12 FAIL fb vybor-diktora-2026-09-14 :: PUBLISH vybor-diktora-2026-09-14 ...
FAIL vybor-diktora-2026-09-14 -> PAGE=319271621473482
FB_FAIL {"error":{"message":"(#100) 0 does not resolve to a valid user ID","type":"OAuthException","code":100,"fbtrace_id":"AviLWH9AiaVnwTBZwAY7EuD"}}
DONE ok=0 skip=0 fail=1
2026-09-15 20:53:18 FAIL fb ozvuchka-video-2026-09-15 :: PUBLISH ozvuchka-video-2026-09-15 ...
FAIL ozvuchka-video-2026-09-15 -> PAGE=319271621473482
FB_FAIL {"error":{"message":"(#100) 0 does not resolve to a valid user ID","type":"OAuthException","code":100,"fbtrace_id":"AQHVNGQBDr-hbDPI5uCM_kk"}}
DONE ok=0 skip=0 fail=1
2026-09-15 20:53:20 PENDING ig (no IG token - run ig/ig-ensure-token.ps1)
2026-09-15 20:53:20 CYCLE 2026-09-15 20:53:20 :: tg=0/0 fb=0/3 vk=0/0
2026-09-15 20:58:24 FAIL fb golos-banka-2026-09-13 :: PUBLISH golos-banka-2026-09-13 ...
FAIL golos-banka-2026-09-13 -> PAGE=319271621473482
FB_FAIL {"error":{"message":"(#100) 0 does not resolve to a valid user ID","type":"OAuthException","code":100,"fbtrace_id":"ArmbAeBB82jr7t-evaIVclW"}}
DONE ok=0 skip=0 fail=1
2026-09-15 20:58:30 FAIL fb vybor-diktora-2026-09-14 :: PUBLISH vybor-diktora-2026-09-14 ...
FAIL vybor-diktora-2026-09-14 -> PAGE=319271621473482
FB_FAIL {"error":{"message":"(#100) 0 does not resolve to a valid user ID","type":"OAuthException","code":100,"fbtrace_id":"A5qhZYTXh_nOCt3SuqXzRYY"}}
DONE ok=0 skip=0 fail=1
2026-09-15 20:58:36 FAIL fb ozvuchka-video-2026-09-15 :: PUBLISH ozvuchka-video-2026-09-15 ...
FAIL ozvuchka-video-2026-09-15 -> PAGE=319271621473482
FB_FAIL {"error":{"message":"(#100) 0 does not resolve to a valid user ID","type":"OAuthException","code":100,"fbtrace_id":"APY2Rpypmg-0sNQSRRqos2i"}}
DONE ok=0 skip=0 fail=1
2026-09-15 20:58:38 PENDING ig (no IG token - run ig/ig-ensure-token.ps1)
2026-09-15 20:58:38 CYCLE 2026-09-15 20:58:38 :: tg=0/0 fb=0/3 vk=0/0
2026-09-15 21:03:42 FAIL fb golos-banka-2026-09-13 :: PUBLISH golos-banka-2026-09-13 ...
FAIL golos-banka-2026-09-13 -> PAGE=319271621473482
FB_FAIL {"error":{"message":"(#100) 0 does not resolve to a valid user ID","type":"OAuthException","code":100,"fbtrace_id":"A0z9f86BBaGrgSjp4GPa4-V"}}
DONE ok=0 skip=0 fail=1
2026-09-15 21:03:48 FAIL fb vybor-diktora-2026-09-14 :: PUBLISH vybor-diktora-2026-09-14 ...
FAIL vybor-diktora-2026-09-14 -> PAGE=319271621473482
FB_FAIL {"error":{"message":"(#100) 0 does not resolve to a valid user ID","type":"OAuthException","code":100,"fbtrace_id":"AXG34pFwv0YqTgEOyVxhKPy"}}
DONE ok=0 skip=0 fail=1
2026-09-15 21:03:55 FAIL fb ozvuchka-video-2026-09-15 :: PUBLISH ozvuchka-video-2026-09-15 ...
FAIL ozvuchka-video-2026-09-15 -> PAGE=319271621473482
FB_FAIL {"error":{"message":"(#100) 0 does not resolve to a valid user ID","type":"OAuthException","code":100,"fbtrace_id":"AnMzgvycukN7LGH0yVRdr1d"}}
DONE ok=0 skip=0 fail=1
2026-09-15 21:03:57 PENDING ig (no IG token - run ig/ig-ensure-token.ps1)
2026-09-15 21:03:57 CYCLE 2026-09-15 21:03:57 :: tg=0/0 fb=0/3 vk=0/0
2026-09-15 21:09:02 FAIL fb golos-banka-2026-09-13 :: PUBLISH golos-banka-2026-09-13 ...
FAIL golos-banka-2026-09-13 -> PAGE=319271621473482
FB_FAIL {"error":{"message":"(#100) 0 does not resolve to a valid user ID","type":"OAuthException","code":100,"fbtrace_id":"AdFMSBr0t07ZG-YzgqlP4mZ"}}
DONE ok=0 skip=0 fail=1
2026-09-15 21:09:08 FAIL fb vybor-diktora-2026-09-14 :: PUBLISH vybor-diktora-2026-09-14 ...
FAIL vybor-diktora-2026-09-14 -> PAGE=319271621473482
FB_FAIL {"error":{"message":"(#100) 0 does not resolve to a valid user ID","type":"OAuthException","code":100,"fbtrace_id":"ApUQD8Rlx66avGN_ZltwJfO"}}
DONE ok=0 skip=0 fail=1
2026-09-15 21:09:14 FAIL fb ozvuchka-video-2026-09-15 :: PUBLISH ozvuchka-video-2026-09-15 ...
FAIL ozvuchka-video-2026-09-15 -> PAGE=319271621473482
FB_FAIL {"error":{"message":"(#100) 0 does not resolve to a valid user ID","type":"OAuthException","code":100,"fbtrace_id":"ADebL-DWktXWZlPf9Zkq9OR"}}
DONE ok=0 skip=0 fail=1
2026-09-15 21:09:16 PENDING ig (no IG token - run ig/ig-ensure-token.ps1)
2026-09-15 21:09:16 CYCLE 2026-09-15 21:09:16 :: tg=0/0 fb=0/3 vk=0/0
2026-09-15 21:14:20 FAIL fb golos-banka-2026-09-13 :: PUBLISH golos-banka-2026-09-13 ...
FAIL golos-banka-2026-09-13 -> PAGE=319271621473482
FB_FAIL {"error":{"message":"(#100) 0 does not resolve to a valid user ID","type":"OAuthException","code":100,"fbtrace_id":"ALKKP0OgrfwHKrGAug45CiP"}}
DONE ok=0 skip=0 fail=1
2026-09-15 21:14:26 FAIL fb vybor-diktora-2026-09-14 :: PUBLISH vybor-diktora-2026-09-14 ...
FAIL vybor-diktora-2026-09-14 -> PAGE=319271621473482
FB_FAIL {"error":{"message":"(#100) 0 does not resolve to a valid user ID","type":"OAuthException","code":100,"fbtrace_id":"A4s2uGZW4C7BESlrOuufqLZ"}}
DONE ok=0 skip=0 fail=1
2026-09-15 21:14:32 FAIL fb ozvuchka-video-2026-09-15 :: PUBLISH ozvuchka-video-2026-09-15 ...
FAIL ozvuchka-video-2026-09-15 -> PAGE=319271621473482
FB_FAIL {"error":{"message":"(#100) 0 does not resolve to a valid user ID","type":"OAuthException","code":100,"fbtrace_id":"AbonGqJzZelmwk_rXvohDzD"}}
DONE ok=0 skip=0 fail=1
2026-09-15 21:14:34 PENDING ig (no IG token - run ig/ig-ensure-token.ps1)
2026-09-15 21:14:34 CYCLE 2026-09-15 21:14:34 :: tg=0/0 fb=0/3 vk=0/0
2026-09-15 21:19:38 FAIL fb golos-banka-2026-09-13 :: PUBLISH golos-banka-2026-09-13 ...
FAIL golos-banka-2026-09-13 -> PAGE=319271621473482
FB_FAIL {"error":{"message":"(#100) 0 does not resolve to a valid user ID","type":"OAuthException","code":100,"fbtrace_id":"ATN33uBnhTkpfE6xpY-BVZF"}}
DONE ok=0 skip=0 fail=1
2026-09-15 21:19:44 FAIL fb vybor-diktora-2026-09-14 :: PUBLISH vybor-diktora-2026-09-14 ...
FAIL vybor-diktora-2026-09-14 -> PAGE=319271621473482
FB_FAIL {"error":{"message":"(#100) 0 does not resolve to a valid user ID","type":"OAuthException","code":100,"fbtrace_id":"A-FQFg1OvBnm6ChUrN15tuV"}}
DONE ok=0 skip=0 fail=1
2026-09-15 21:19:50 FAIL fb ozvuchka-video-2026-09-15 :: PUBLISH ozvuchka-video-2026-09-15 ...
FAIL ozvuchka-video-2026-09-15 -> PAGE=319271621473482
FB_FAIL {"error":{"message":"(#100) 0 does not resolve to a valid user ID","type":"OAuthException","code":100,"fbtrace_id":"A3YlY52bKJ9cHP399067qQI"}}
DONE ok=0 skip=0 fail=1
2026-09-15 21:19:52 PENDING ig (no IG token - run ig/ig-ensure-token.ps1)
2026-09-15 21:19:52 CYCLE 2026-09-15 21:19:52 :: tg=0/0 fb=0/3 vk=0/0
2026-09-15 21:24:56 FAIL fb golos-banka-2026-09-13 :: PUBLISH golos-banka-2026-09-13 ...
FAIL golos-banka-2026-09-13 -> PAGE=319271621473482
FB_FAIL {"error":{"message":"(#100) 0 does not resolve to a valid user ID","type":"OAuthException","code":100,"fbtrace_id":"Awck-haIpfGPB50IOxRTAyN"}}
DONE ok=0 skip=0 fail=1
2026-09-15 21:25:02 FAIL fb vybor-diktora-2026-09-14 :: PUBLISH vybor-diktora-2026-09-14 ...
FAIL vybor-diktora-2026-09-14 -> PAGE=319271621473482
FB_FAIL {"error":{"message":"(#100) 0 does not resolve to a valid user ID","type":"OAuthException","code":100,"fbtrace_id":"AsB7NGL87VevQSHusuvFMbk"}}
DONE ok=0 skip=0 fail=1
2026-09-15 21:25:09 FAIL fb ozvuchka-video-2026-09-15 :: PUBLISH ozvuchka-video-2026-09-15 ...
FAIL ozvuchka-video-2026-09-15 -> PAGE=319271621473482
FB_FAIL {"error":{"message":"(#100) 0 does not resolve to a valid user ID","type":"OAuthException","code":100,"fbtrace_id":"AOTUuUX77qXkpIQ3ilHxQf-"}}
DONE ok=0 skip=0 fail=1
2026-09-15 21:25:11 PENDING ig (no IG token - run ig/ig-ensure-token.ps1)
2026-09-15 21:25:11 CYCLE 2026-09-15 21:25:11 :: tg=0/0 fb=0/3 vk=0/0
2026-09-15 21:30:15 FAIL fb golos-banka-2026-09-13 :: PUBLISH golos-banka-2026-09-13 ...
FAIL golos-banka-2026-09-13 -> PAGE=319271621473482
FB_FAIL {"error":{"message":"(#100) 0 does not resolve to a valid user ID","type":"OAuthException","code":100,"fbtrace_id":"AxiuWHUOi9S-9pwoAj7Zn1q"}}
DONE ok=0 skip=0 fail=1
2026-09-15 21:30:21 FAIL fb vybor-diktora-2026-09-14 :: PUBLISH vybor-diktora-2026-09-14 ...
FAIL vybor-diktora-2026-09-14 -> PAGE=319271621473482
FB_FAIL {"error":{"message":"(#100) 0 does not resolve to a valid user ID","type":"OAuthException","code":100,"fbtrace_id":"AhXsrLnqEjwNnIFmV2lVCLT"}}
DONE ok=0 skip=0 fail=1
2026-09-15 21:30:27 FAIL fb ozvuchka-video-2026-09-15 :: PUBLISH ozvuchka-video-2026-09-15 ...
FAIL ozvuchka-video-2026-09-15 -> PAGE=319271621473482
FB_FAIL {"error":{"message":"(#100) 0 does not resolve to a valid user ID","type":"OAuthException","code":100,"fbtrace_id":"Aiqv0HFkyOqyQNaxYwme5wi"}}
DONE ok=0 skip=0 fail=1
2026-09-15 21:30:29 PENDING ig (no IG token - run ig/ig-ensure-token.ps1)
2026-09-15 21:30:29 CYCLE 2026-09-15 21:30:29 :: tg=0/0 fb=0/3 vk=0/0
2026-09-15 21:35:33 FAIL fb golos-banka-2026-09-13 :: PUBLISH golos-banka-2026-09-13 ...
FAIL golos-banka-2026-09-13 -> PAGE=319271621473482
FB_FAIL {"error":{"message":"(#100) 0 does not resolve to a valid user ID","type":"OAuthException","code":100,"fbtrace_id":"AguV_O7btU9OneIXn8bAscm"}}
DONE ok=0 skip=0 fail=1
2026-09-15 21:35:39 FAIL fb vybor-diktora-2026-09-14 :: PUBLISH vybor-diktora-2026-09-14 ...
FAIL vybor-diktora-2026-09-14 -> PAGE=319271621473482
FB_FAIL {"error":{"message":"(#100) 0 does not resolve to a valid user ID","type":"OAuthException","code":100,"fbtrace_id":"AGiWP4SzSyauLvjjtYljr1G"}}
DONE ok=0 skip=0 fail=1
2026-09-15 21:35:45 FAIL fb ozvuchka-video-2026-09-15 :: PUBLISH ozvuchka-video-2026-09-15 ...
FAIL ozvuchka-video-2026-09-15 -> PAGE=319271621473482
FB_FAIL {"error":{"message":"(#100) 0 does not resolve to a valid user ID","type":"OAuthException","code":100,"fbtrace_id":"AkxpXuRsKd9ZiCN-EmkbbHp"}}
DONE ok=0 skip=0 fail=1
2026-09-15 21:35:47 PENDING ig (no IG token - run ig/ig-ensure-token.ps1)
2026-09-15 21:35:47 CYCLE 2026-09-15 21:35:47 :: tg=0/0 fb=0/3 vk=0/0
2026-09-15 21:40:51 FAIL fb golos-banka-2026-09-13 :: PUBLISH golos-banka-2026-09-13 ...
FAIL golos-banka-2026-09-13 -> PAGE=319271621473482
FB_FAIL {"error":{"message":"(#100) 0 does not resolve to a valid user ID","type":"OAuthException","code":100,"fbtrace_id":"AdBLJfEbOaISf6U1zePNxBT"}}
DONE ok=0 skip=0 fail=1
2026-09-15 21:40:57 FAIL fb vybor-diktora-2026-09-14 :: PUBLISH vybor-diktora-2026-09-14 ...
FAIL vybor-diktora-2026-09-14 -> PAGE=319271621473482
FB_FAIL {"error":{"message":"(#100) 0 does not resolve to a valid user ID","type":"OAuthException","code":100,"fbtrace_id":"AkYH4pLcIKufO58BDgiKsVT"}}
DONE ok=0 skip=0 fail=1
2026-09-15 21:41:03 FAIL fb ozvuchka-video-2026-09-15 :: PUBLISH ozvuchka-video-2026-09-15 ...
FAIL ozvuchka-video-2026-09-15 -> PAGE=319271621473482
FB_FAIL {"error":{"message":"(#100) 0 does not resolve to a valid user ID","type":"OAuthException","code":100,"fbtrace_id":"AP0XbtT8lJOP9KvqfQqCtUh"}}
DONE ok=0 skip=0 fail=1
2026-09-15 21:41:05 PENDING ig (no IG token - run ig/ig-ensure-token.ps1)
2026-09-15 21:41:05 CYCLE 2026-09-15 21:41:05 :: tg=0/0 fb=0/3 vk=0/0
2026-09-15 21:46:09 FAIL fb golos-banka-2026-09-13 :: PUBLISH golos-banka-2026-09-13 ...
FAIL golos-banka-2026-09-13 -> PAGE=319271621473482
FB_FAIL {"error":{"message":"(#100) 0 does not resolve to a valid user ID","type":"OAuthException","code":100,"fbtrace_id":"AbRihDWxc5icbJDjGvQbxTR"}}
DONE ok=0 skip=0 fail=1
2026-09-15 21:46:15 FAIL fb vybor-diktora-2026-09-14 :: PUBLISH vybor-diktora-2026-09-14 ...
FAIL vybor-diktora-2026-09-14 -> PAGE=319271621473482
FB_FAIL {"error":{"message":"(#100) 0 does not resolve to a valid user ID","type":"OAuthException","code":100,"fbtrace_id":"ABfZwBIEjeXs41DIMao0T1m"}}
DONE ok=0 skip=0 fail=1
2026-09-15 21:46:21 FAIL fb ozvuchka-video-2026-09-15 :: PUBLISH ozvuchka-video-2026-09-15 ...
FAIL ozvuchka-video-2026-09-15 -> PAGE=319271621473482
FB_FAIL {"error":{"message":"(#100) 0 does not resolve to a valid user ID","type":"OAuthException","code":100,"fbtrace_id":"Ar621_SRWPU4EM46YTZB1lt"}}
DONE ok=0 skip=0 fail=1
2026-09-15 21:46:23 PENDING ig (no IG token - run ig/ig-ensure-token.ps1)
2026-09-15 21:46:23 CYCLE 2026-09-15 21:46:23 :: tg=0/0 fb=0/3 vk=0/0
2026-09-15 21:51:27 FAIL fb golos-banka-2026-09-13 :: PUBLISH golos-banka-2026-09-13 ...
FAIL golos-banka-2026-09-13 -> PAGE=319271621473482
FB_FAIL {"error":{"message":"(#100) 0 does not resolve to a valid user ID","type":"OAuthException","code":100,"fbtrace_id":"AZjlKtkdQAA8wx4x3fZ1tGQ"}}
DONE ok=0 skip=0 fail=1
2026-09-15 21:51:32 FAIL fb vybor-diktora-2026-09-14 :: PUBLISH vybor-diktora-2026-09-14 ...
FAIL vybor-diktora-2026-09-14 -> PAGE=319271621473482
FB_FAIL {"error":{"message":"(#100) 0 does not resolve to a valid user ID","type":"OAuthException","code":100,"fbtrace_id":"AW_Z2bxTMLRaDUtixnHzfTq"}}
DONE ok=0 skip=0 fail=1
2026-09-15 21:51:38 FAIL fb ozvuchka-video-2026-09-15 :: PUBLISH ozvuchka-video-2026-09-15 ...
FAIL ozvuchka-video-2026-09-15 -> PAGE=319271621473482
FB_FAIL {"error":{"message":"(#100) 0 does not resolve to a valid user ID","type":"OAuthException","code":100,"fbtrace_id":"AZ7uC7W0_M98Sq6LZZ0GMIj"}}
DONE ok=0 skip=0 fail=1
2026-09-15 21:51:40 PENDING ig (no IG token - run ig/ig-ensure-token.ps1)
2026-09-15 21:51:40 CYCLE 2026-09-15 21:51:40 :: tg=0/0 fb=0/3 vk=0/0
2026-09-15 21:56:44 FAIL fb golos-banka-2026-09-13 :: PUBLISH golos-banka-2026-09-13 ...
FAIL golos-banka-2026-09-13 -> PAGE=319271621473482
FB_FAIL {"error":{"message":"(#100) 0 does not resolve to a valid user ID","type":"OAuthException","code":100,"fbtrace_id":"AhFR1fAtpAtCIHQsztaLsTK"}}
DONE ok=0 skip=0 fail=1
2026-09-15 21:56:50 FAIL fb vybor-diktora-2026-09-14 :: PUBLISH vybor-diktora-2026-09-14 ...
FAIL vybor-diktora-2026-09-14 -> PAGE=319271621473482
FB_FAIL {"error":{"message":"(#100) 0 does not resolve to a valid user ID","type":"OAuthException","code":100,"fbtrace_id":"AcE8rkjEPciybKvdEqZs1CT"}}
DONE ok=0 skip=0 fail=1
2026-09-15 21:56:56 FAIL fb ozvuchka-video-2026-09-15 :: PUBLISH ozvuchka-video-2026-09-15 ...
FAIL ozvuchka-video-2026-09-15 -> PAGE=319271621473482
FB_FAIL {"error":{"message":"(#100) 0 does not resolve to a valid user ID","type":"OAuthException","code":100,"fbtrace_id":"AxJ2X2T5ftW7TXS92wD9cce"}}
DONE ok=0 skip=0 fail=1
2026-09-15 21:56:58 PENDING ig (no IG token - run ig/ig-ensure-token.ps1)
2026-09-15 21:56:58 CYCLE 2026-09-15 21:56:58 :: tg=0/0 fb=0/3 vk=0/0
2026-09-15 22:02:02 FAIL fb golos-banka-2026-09-13 :: PUBLISH golos-banka-2026-09-13 ...
FAIL golos-banka-2026-09-13 -> PAGE=319271621473482
FB_FAIL {"error":{"message":"(#100) 0 does not resolve to a valid user ID","type":"OAuthException","code":100,"fbtrace_id":"ALhQDy2sLhCTCIgTwJQzQnp"}}
DONE ok=0 skip=0 fail=1
2026-09-15 22:02:08 FAIL fb vybor-diktora-2026-09-14 :: PUBLISH vybor-diktora-2026-09-14 ...
FAIL vybor-diktora-2026-09-14 -> PAGE=319271621473482
FB_FAIL {"error":{"message":"(#100) 0 does not resolve to a valid user ID","type":"OAuthException","code":100,"fbtrace_id":"AVvTQh0u8MXHC9_sr4zwRkb"}}
DONE ok=0 skip=0 fail=1
2026-09-15 22:02:14 FAIL fb ozvuchka-video-2026-09-15 :: PUBLISH ozvuchka-video-2026-09-15 ...
FAIL ozvuchka-video-2026-09-15 -> PAGE=319271621473482
FB_FAIL {"error":{"message":"(#100) 0 does not resolve to a valid user ID","type":"OAuthException","code":100,"fbtrace_id":"AGpqYEK2a3XL-wT-ct7MNIE"}}
DONE ok=0 skip=0 fail=1
2026-09-15 22:02:16 PENDING ig (no IG token - run ig/ig-ensure-token.ps1)
2026-09-15 22:02:16 CYCLE 2026-09-15 22:02:16 :: tg=0/0 fb=0/3 vk=0/0
2026-09-15 22:07:20 FAIL fb golos-banka-2026-09-13 :: PUBLISH golos-banka-2026-09-13 ...
FAIL golos-banka-2026-09-13 -> PAGE=319271621473482
FB_FAIL {"error":{"message":"(#100) 0 does not resolve to a valid user ID","type":"OAuthException","code":100,"fbtrace_id":"Amax02StArMv-2OQ3bWfbP1"}}
DONE ok=0 skip=0 fail=1
2026-09-15 22:07:25 FAIL fb vybor-diktora-2026-09-14 :: PUBLISH vybor-diktora-2026-09-14 ...
FAIL vybor-diktora-2026-09-14 -> PAGE=319271621473482
FB_FAIL {"error":{"message":"(#100) 0 does not resolve to a valid user ID","type":"OAuthException","code":100,"fbtrace_id":"AD_jPw9Jqajm8MIehrgWYrS"}}
DONE ok=0 skip=0 fail=1
2026-09-15 22:07:31 FAIL fb ozvuchka-video-2026-09-15 :: PUBLISH ozvuchka-video-2026-09-15 ...
FAIL ozvuchka-video-2026-09-15 -> PAGE=319271621473482
FB_FAIL {"error":{"message":"(#100) 0 does not resolve to a valid user ID","type":"OAuthException","code":100,"fbtrace_id":"ARgsGi2kE3-K1gEQHaOOIi7"}}
DONE ok=0 skip=0 fail=1
2026-09-15 22:07:33 PENDING ig (no IG token - run ig/ig-ensure-token.ps1)
2026-09-15 22:07:33 CYCLE 2026-09-15 22:07:33 :: tg=0/0 fb=0/3 vk=0/0
2026-09-15 22:12:37 FAIL fb golos-banka-2026-09-13 :: PUBLISH golos-banka-2026-09-13 ...
FAIL golos-banka-2026-09-13 -> PAGE=319271621473482
FB_FAIL {"error":{"message":"(#100) 0 does not resolve to a valid user ID","type":"OAuthException","code":100,"fbtrace_id":"A5eTM3G4hSaRACuf1ufQVZq"}}
DONE ok=0 skip=0 fail=1
2026-09-15 22:12:43 FAIL fb vybor-diktora-2026-09-14 :: PUBLISH vybor-diktora-2026-09-14 ...
FAIL vybor-diktora-2026-09-14 -> PAGE=319271621473482
FB_FAIL {"error":{"message":"(#100) 0 does not resolve to a valid user ID","type":"OAuthException","code":100,"fbtrace_id":"AAiA2obe9xmy7APdf_WjDmz"}}
DONE ok=0 skip=0 fail=1
2026-09-15 22:12:49 FAIL fb ozvuchka-video-2026-09-15 :: PUBLISH ozvuchka-video-2026-09-15 ...
FAIL ozvuchka-video-2026-09-15 -> PAGE=319271621473482
FB_FAIL {"error":{"message":"(#100) 0 does not resolve to a valid user ID","type":"OAuthException","code":100,"fbtrace_id":"AlQqSk_7By_4MIpiZsFb_IM"}}
DONE ok=0 skip=0 fail=1
2026-09-15 22:12:51 PENDING ig (no IG token - run ig/ig-ensure-token.ps1)
2026-09-15 22:12:51 CYCLE 2026-09-15 22:12:51 :: tg=0/0 fb=0/3 vk=0/0
2026-09-15 22:17:55 FAIL fb golos-banka-2026-09-13 :: PUBLISH golos-banka-2026-09-13 ...
FAIL golos-banka-2026-09-13 -> PAGE=319271621473482
FB_FAIL {"error":{"message":"(#100) 0 does not resolve to a valid user ID","type":"OAuthException","code":100,"fbtrace_id":"Ay69qAxFwYGKItQhFE_UzNl"}}
DONE ok=0 skip=0 fail=1
2026-09-15 22:18:01 FAIL fb vybor-diktora-2026-09-14 :: PUBLISH vybor-diktora-2026-09-14 ...
FAIL vybor-diktora-2026-09-14 -> PAGE=319271621473482
FB_FAIL {"error":{"message":"(#100) 0 does not resolve to a valid user ID","type":"OAuthException","code":100,"fbtrace_id":"AtKnQLd65ByaCKbdrv9VjhI"}}
DONE ok=0 skip=0 fail=1
2026-09-15 22:18:07 FAIL fb ozvuchka-video-2026-09-15 :: PUBLISH ozvuchka-video-2026-09-15 ...
FAIL ozvuchka-video-2026-09-15 -> PAGE=319271621473482
FB_FAIL {"error":{"message":"(#100) 0 does not resolve to a valid user ID","type":"OAuthException","code":100,"fbtrace_id":"A9qBX6Nb-bXSyZf6-7-W0dn"}}
DONE ok=0 skip=0 fail=1
2026-09-15 22:18:09 PENDING ig (no IG token - run ig/ig-ensure-token.ps1)
2026-09-15 22:18:09 CYCLE 2026-09-15 22:18:09 :: tg=0/0 fb=0/3 vk=0/0
2026-09-15 22:23:12 FAIL fb golos-banka-2026-09-13 :: PUBLISH golos-banka-2026-09-13 ...
FAIL golos-banka-2026-09-13 -> PAGE=319271621473482
FB_FAIL {"error":{"message":"(#100) 0 does not resolve to a valid user ID","type":"OAuthException","code":100,"fbtrace_id":"A3UAua_VjuYWpn3NhbxiJxV"}}
DONE ok=0 skip=0 fail=1
2026-09-15 22:23:18 FAIL fb vybor-diktora-2026-09-14 :: PUBLISH vybor-diktora-2026-09-14 ...
FAIL vybor-diktora-2026-09-14 -> PAGE=319271621473482
FB_FAIL {"error":{"message":"(#100) 0 does not resolve to a valid user ID","type":"OAuthException","code":100,"fbtrace_id":"An94TlTtU-Dc7Z36WJ_wgxX"}}
DONE ok=0 skip=0 fail=1
2026-09-15 22:23:24 FAIL fb ozvuchka-video-2026-09-15 :: PUBLISH ozvuchka-video-2026-09-15 ...
FAIL ozvuchka-video-2026-09-15 -> PAGE=319271621473482
FB_FAIL {"error":{"message":"(#100) 0 does not resolve to a valid user ID","type":"OAuthException","code":100,"fbtrace_id":"AfjQHa66-Egq2Aq1bcb5X-q"}}
DONE ok=0 skip=0 fail=1
2026-09-15 22:23:26 PENDING ig (no IG token - run ig/ig-ensure-token.ps1)
2026-09-15 22:23:26 CYCLE 2026-09-15 22:23:26 :: tg=0/0 fb=0/3 vk=0/0
2026-09-15 22:28:30 FAIL fb golos-banka-2026-09-13 :: PUBLISH golos-banka-2026-09-13 ...
FAIL golos-banka-2026-09-13 -> PAGE=319271621473482
FB_FAIL {"error":{"message":"(#100) 0 does not resolve to a valid user ID","type":"OAuthException","code":100,"fbtrace_id":"ATF7ZxtT2ocFVetBcJZnlnQ"}}
DONE ok=0 skip=0 fail=1
2026-09-15 22:28:36 FAIL fb vybor-diktora-2026-09-14 :: PUBLISH vybor-diktora-2026-09-14 ...
FAIL vybor-diktora-2026-09-14 -> PAGE=319271621473482
FB_FAIL {"error":{"message":"(#100) 0 does not resolve to a valid user ID","type":"OAuthException","code":100,"fbtrace_id":"AYde0GHgLNveB9hNFK-8Ks6"}}
DONE ok=0 skip=0 fail=1
2026-09-15 22:28:42 FAIL fb ozvuchka-video-2026-09-15 :: PUBLISH ozvuchka-video-2026-09-15 ...
FAIL ozvuchka-video-2026-09-15 -> PAGE=319271621473482
FB_FAIL {"error":{"message":"(#100) 0 does not resolve to a valid user ID","type":"OAuthException","code":100,"fbtrace_id":"ARk9c95DScDzZhRa3MHUOch"}}
DONE ok=0 skip=0 fail=1
2026-09-15 22:28:44 PENDING ig (no IG token - run ig/ig-ensure-token.ps1)
2026-09-15 22:28:44 CYCLE 2026-09-15 22:28:44 :: tg=0/0 fb=0/3 vk=0/0
2026-09-15 22:33:48 FAIL fb golos-banka-2026-09-13 :: PUBLISH golos-banka-2026-09-13 ...
FAIL golos-banka-2026-09-13 -> PAGE=319271621473482
FB_FAIL {"error":{"message":"(#100) 0 does not resolve to a valid user ID","type":"OAuthException","code":100,"fbtrace_id":"AblmMfAqEjI7y_VBgK1sPUk"}}
DONE ok=0 skip=0 fail=1
2026-09-15 22:33:54 FAIL fb vybor-diktora-2026-09-14 :: PUBLISH vybor-diktora-2026-09-14 ...
FAIL vybor-diktora-2026-09-14 -> PAGE=319271621473482
FB_FAIL {"error":{"message":"(#100) 0 does not resolve to a valid user ID","type":"OAuthException","code":100,"fbtrace_id":"Acp-Obor6wxra09Iz5dIh5M"}}
DONE ok=0 skip=0 fail=1
2026-09-15 22:34:00 FAIL fb ozvuchka-video-2026-09-15 :: PUBLISH ozvuchka-video-2026-09-15 ...
FAIL ozvuchka-video-2026-09-15 -> PAGE=319271621473482
FB_FAIL {"error":{"message":"(#100) 0 does not resolve to a valid user ID","type":"OAuthException","code":100,"fbtrace_id":"As6S-z316rXKU9P0Mn7TuRD"}}
DONE ok=0 skip=0 fail=1
2026-09-15 22:34:02 PENDING ig (no IG token - run ig/ig-ensure-token.ps1)
2026-09-15 22:34:02 CYCLE 2026-09-15 22:34:02 :: tg=0/0 fb=0/3 vk=0/0
2026-09-15 22:39:05 FAIL fb golos-banka-2026-09-13 :: PUBLISH golos-banka-2026-09-13 ...
FAIL golos-banka-2026-09-13 -> PAGE=319271621473482
FB_FAIL {"error":{"message":"(#100) 0 does not resolve to a valid user ID","type":"OAuthException","code":100,"fbtrace_id":"A2T6tBjDSouzZo9M65mUCKR"}}
DONE ok=0 skip=0 fail=1
2026-09-15 22:39:11 FAIL fb vybor-diktora-2026-09-14 :: PUBLISH vybor-diktora-2026-09-14 ...
FAIL vybor-diktora-2026-09-14 -> PAGE=319271621473482
FB_FAIL {"error":{"message":"(#100) 0 does not resolve to a valid user ID","type":"OAuthException","code":100,"fbtrace_id":"AdSsLTfNxLHW-w9mNQQnwIu"}}
DONE ok=0 skip=0 fail=1
2026-09-15 22:39:17 FAIL fb ozvuchka-video-2026-09-15 :: PUBLISH ozvuchka-video-2026-09-15 ...
FAIL ozvuchka-video-2026-09-15 -> PAGE=319271621473482
FB_FAIL {"error":{"message":"(#100) 0 does not resolve to a valid user ID","type":"OAuthException","code":100,"fbtrace_id":"A9H1G-0DAMDZNbb8dBtLM4O"}}
DONE ok=0 skip=0 fail=1
2026-09-15 22:39:19 PENDING ig (no IG token - run ig/ig-ensure-token.ps1)
2026-09-15 22:39:19 CYCLE 2026-09-15 22:39:19 :: tg=0/0 fb=0/3 vk=0/0
2026-09-15 22:44:23 FAIL fb golos-banka-2026-09-13 :: PUBLISH golos-banka-2026-09-13 ...
FAIL golos-banka-2026-09-13 -> PAGE=319271621473482
FB_FAIL {"error":{"message":"(#100) 0 does not resolve to a valid user ID","type":"OAuthException","code":100,"fbtrace_id":"A0OkIogkMwbHQ-RzpaM8xcG"}}
DONE ok=0 skip=0 fail=1
2026-09-15 22:44:30 FAIL fb vybor-diktora-2026-09-14 :: PUBLISH vybor-diktora-2026-09-14 ...
FAIL vybor-diktora-2026-09-14 -> PAGE=319271621473482
FB_FAIL {"error":{"message":"(#100) 0 does not resolve to a valid user ID","type":"OAuthException","code":100,"fbtrace_id":"ANiCSCYKGp5Aq4BsnS54zuB"}}
DONE ok=0 skip=0 fail=1
2026-09-15 22:44:36 FAIL fb ozvuchka-video-2026-09-15 :: PUBLISH ozvuchka-video-2026-09-15 ...
FAIL ozvuchka-video-2026-09-15 -> PAGE=319271621473482
FB_FAIL {"error":{"message":"(#100) 0 does not resolve to a valid user ID","type":"OAuthException","code":100,"fbtrace_id":"AeHHzmf4q7rRlC6oyqqZpPt"}}
DONE ok=0 skip=0 fail=1
2026-09-15 22:44:38 PENDING ig (no IG token - run ig/ig-ensure-token.ps1)
2026-09-15 22:44:38 CYCLE 2026-09-15 22:44:38 :: tg=0/0 fb=0/3 vk=0/0
2026-09-15 22:49:42 FAIL fb golos-banka-2026-09-13 :: PUBLISH golos-banka-2026-09-13 ...
FAIL golos-banka-2026-09-13 -> PAGE=319271621473482
FB_FAIL {"error":{"message":"(#100) 0 does not resolve to a valid user ID","type":"OAuthException","code":100,"fbtrace_id":"Ah3phBZEuo9WrLVHgNecySz"}}
DONE ok=0 skip=0 fail=1
2026-09-15 22:49:48 FAIL fb vybor-diktora-2026-09-14 :: PUBLISH vybor-diktora-2026-09-14 ...
FAIL vybor-diktora-2026-09-14 -> PAGE=319271621473482
FB_FAIL {"error":{"message":"(#100) 0 does not resolve to a valid user ID","type":"OAuthException","code":100,"fbtrace_id":"ALBJIkCbvLZ-s_YNfxTi2h_"}}
DONE ok=0 skip=0 fail=1
2026-09-15 22:49:55 FAIL fb ozvuchka-video-2026-09-15 :: PUBLISH ozvuchka-video-2026-09-15 ...
FAIL ozvuchka-video-2026-09-15 -> PAGE=319271621473482
FB_FAIL {"error":{"message":"(#100) 0 does not resolve to a valid user ID","type":"OAuthException","code":100,"fbtrace_id":"AneK78-xvUbxYwXHKXUnrxZ"}}
DONE ok=0 skip=0 fail=1
2026-09-15 22:49:57 PENDING ig (no IG token - run ig/ig-ensure-token.ps1)
2026-09-15 22:49:57 CYCLE 2026-09-15 22:49:57 :: tg=0/0 fb=0/3 vk=0/0
2026-09-15 22:55:01 FAIL fb golos-banka-2026-09-13 :: PUBLISH golos-banka-2026-09-13 ...
FAIL golos-banka-2026-09-13 -> PAGE=319271621473482
FB_FAIL {"error":{"message":"(#100) 0 does not resolve to a valid user ID","type":"OAuthException","code":100,"fbtrace_id":"ALrMwesYNVzELqWA2orEbxj"}}
DONE ok=0 skip=0 fail=1
2026-09-15 22:55:06 FAIL fb vybor-diktora-2026-09-14 :: PUBLISH vybor-diktora-2026-09-14 ...
FAIL vybor-diktora-2026-09-14 -> PAGE=319271621473482
FB_FAIL {"error":{"message":"(#100) 0 does not resolve to a valid user ID","type":"OAuthException","code":100,"fbtrace_id":"AP2aIIVaoBZwgwOenhJswlt"}}
DONE ok=0 skip=0 fail=1
2026-09-15 22:55:13 FAIL fb ozvuchka-video-2026-09-15 :: PUBLISH ozvuchka-video-2026-09-15 ...
FAIL ozvuchka-video-2026-09-15 -> PAGE=319271621473482
FB_FAIL {"error":{"message":"(#100) 0 does not resolve to a valid user ID","type":"OAuthException","code":100,"fbtrace_id":"ASCreFbNgJ8P2s-jV6Or4IW"}}
DONE ok=0 skip=0 fail=1
2026-09-15 22:55:15 PENDING ig (no IG token - run ig/ig-ensure-token.ps1)
2026-09-15 22:55:15 CYCLE 2026-09-15 22:55:15 :: tg=0/0 fb=0/3 vk=0/0
2026-09-15 23:00:19 FAIL fb golos-banka-2026-09-13 :: PUBLISH golos-banka-2026-09-13 ...
FAIL golos-banka-2026-09-13 -> PAGE=319271621473482
FB_FAIL {"error":{"message":"(#100) 0 does not resolve to a valid user ID","type":"OAuthException","code":100,"fbtrace_id":"Abbi8LEejcOdy8BIHgYcmYu"}}
DONE ok=0 skip=0 fail=1
2026-09-15 23:00:25 FAIL fb vybor-diktora-2026-09-14 :: PUBLISH vybor-diktora-2026-09-14 ...
FAIL vybor-diktora-2026-09-14 -> PAGE=319271621473482
FB_FAIL {"error":{"message":"(#100) 0 does not resolve to a valid user ID","type":"OAuthException","code":100,"fbtrace_id":"AEdZmNkL8zWwy-pmjkFTfWd"}}
DONE ok=0 skip=0 fail=1
2026-09-15 23:00:31 FAIL fb ozvuchka-video-2026-09-15 :: PUBLISH ozvuchka-video-2026-09-15 ...
FAIL ozvuchka-video-2026-09-15 -> PAGE=319271621473482
FB_FAIL {"error":{"message":"(#100) 0 does not resolve to a valid user ID","type":"OAuthException","code":100,"fbtrace_id":"ARn_v7B9GZn-gFGxR15tFiR"}}
DONE ok=0 skip=0 fail=1
2026-09-15 23:00:33 PENDING ig (no IG token - run ig/ig-ensure-token.ps1)
2026-09-15 23:00:33 CYCLE 2026-09-15 23:00:33 :: tg=0/0 fb=0/3 vk=0/0
2026-09-15 23:05:37 FAIL fb golos-banka-2026-09-13 :: PUBLISH golos-banka-2026-09-13 ...
FAIL golos-banka-2026-09-13 -> PAGE=319271621473482
FB_FAIL {"error":{"message":"(#100) 0 does not resolve to a valid user ID","type":"OAuthException","code":100,"fbtrace_id":"A-PYiyHZ7D_W1KNxLXILtAi"}}
DONE ok=0 skip=0 fail=1
2026-09-15 23:05:43 FAIL fb vybor-diktora-2026-09-14 :: PUBLISH vybor-diktora-2026-09-14 ...
FAIL vybor-diktora-2026-09-14 -> PAGE=319271621473482
FB_FAIL {"error":{"message":"(#100) 0 does not resolve to a valid user ID","type":"OAuthException","code":100,"fbtrace_id":"AsHqHVa5z4ZXqL_D8U3uUR1"}}
DONE ok=0 skip=0 fail=1
2026-09-15 23:05:49 FAIL fb ozvuchka-video-2026-09-15 :: PUBLISH ozvuchka-video-2026-09-15 ...
FAIL ozvuchka-video-2026-09-15 -> PAGE=319271621473482
FB_FAIL {"error":{"message":"(#100) 0 does not resolve to a valid user ID","type":"OAuthException","code":100,"fbtrace_id":"AnXWjs_hwPH0DG4Ggj5Qob3"}}
DONE ok=0 skip=0 fail=1
2026-09-15 23:05:51 PENDING ig (no IG token - run ig/ig-ensure-token.ps1)
2026-09-15 23:05:51 CYCLE 2026-09-15 23:05:51 :: tg=0/0 fb=0/3 vk=0/0
2026-09-15 23:10:54 FAIL fb golos-banka-2026-09-13 :: PUBLISH golos-banka-2026-09-13 ...
FAIL golos-banka-2026-09-13 -> PAGE=319271621473482
FB_FAIL {"error":{"message":"(#100) 0 does not resolve to a valid user ID","type":"OAuthException","code":100,"fbtrace_id":"Ahegs6gNiLm-6tgMcmHYB6G"}}
DONE ok=0 skip=0 fail=1
2026-09-15 23:11:00 FAIL fb vybor-diktora-2026-09-14 :: PUBLISH vybor-diktora-2026-09-14 ...
FAIL vybor-diktora-2026-09-14 -> PAGE=319271621473482
FB_FAIL {"error":{"message":"(#100) 0 does not resolve to a valid user ID","type":"OAuthException","code":100,"fbtrace_id":"AzFAVILXLPMz7EYEUAI9tP5"}}
DONE ok=0 skip=0 fail=1
2026-09-15 23:11:06 FAIL fb ozvuchka-video-2026-09-15 :: PUBLISH ozvuchka-video-2026-09-15 ...
FAIL ozvuchka-video-2026-09-15 -> PAGE=319271621473482
FB_FAIL {"error":{"message":"(#100) 0 does not resolve to a valid user ID","type":"OAuthException","code":100,"fbtrace_id":"A9SpQ_qaSNX0DsbIsRtR76b"}}
DONE ok=0 skip=0 fail=1
2026-09-15 23:11:08 PENDING ig (no IG token - run ig/ig-ensure-token.ps1)
2026-09-15 23:11:08 CYCLE 2026-09-15 23:11:08 :: tg=0/0 fb=0/3 vk=0/0
2026-09-15 23:16:12 FAIL fb golos-banka-2026-09-13 :: PUBLISH golos-banka-2026-09-13 ...
FAIL golos-banka-2026-09-13 -> PAGE=319271621473482
FB_FAIL {"error":{"message":"(#100) 0 does not resolve to a valid user ID","type":"OAuthException","code":100,"fbtrace_id":"Ai0Q1vzO0wtYDxy9Hy-EbVM"}}
DONE ok=0 skip=0 fail=1
2026-09-15 23:16:18 FAIL fb vybor-diktora-2026-09-14 :: PUBLISH vybor-diktora-2026-09-14 ...
FAIL vybor-diktora-2026-09-14 -> PAGE=319271621473482
FB_FAIL {"error":{"message":"(#100) 0 does not resolve to a valid user ID","type":"OAuthException","code":100,"fbtrace_id":"AJ1QI7Xa07_0G-icVl1pDg2"}}
DONE ok=0 skip=0 fail=1
2026-09-15 23:16:24 FAIL fb ozvuchka-video-2026-09-15 :: PUBLISH ozvuchka-video-2026-09-15 ...
FAIL ozvuchka-video-2026-09-15 -> PAGE=319271621473482
FB_FAIL {"error":{"message":"(#100) 0 does not resolve to a valid user ID","type":"OAuthException","code":100,"fbtrace_id":"AQPkHpECADllVxsIjglMf3G"}}
DONE ok=0 skip=0 fail=1
2026-09-15 23:16:26 PENDING ig (no IG token - run ig/ig-ensure-token.ps1)
2026-09-15 23:16:26 CYCLE 2026-09-15 23:16:26 :: tg=0/0 fb=0/3 vk=0/0
2026-09-15 23:21:30 FAIL fb golos-banka-2026-09-13 :: PUBLISH golos-banka-2026-09-13 ...
FAIL golos-banka-2026-09-13 -> PAGE=319271621473482
FB_FAIL {"error":{"message":"(#100) 0 does not resolve to a valid user ID","type":"OAuthException","code":100,"fbtrace_id":"Aphl8Aj1Fae4Pcy8ohZ76IR"}}
DONE ok=0 skip=0 fail=1
2026-09-15 23:21:35 FAIL fb vybor-diktora-2026-09-14 :: PUBLISH vybor-diktora-2026-09-14 ...
FAIL vybor-diktora-2026-09-14 -> PAGE=319271621473482
FB_FAIL {"error":{"message":"(#100) 0 does not resolve to a valid user ID","type":"OAuthException","code":100,"fbtrace_id":"APavJXoCzxrzE7hfd0FgV87"}}
DONE ok=0 skip=0 fail=1
2026-09-15 23:21:41 FAIL fb ozvuchka-video-2026-09-15 :: PUBLISH ozvuchka-video-2026-09-15 ...
FAIL ozvuchka-video-2026-09-15 -> PAGE=319271621473482
FB_FAIL {"error":{"message":"(#100) 0 does not resolve to a valid user ID","type":"OAuthException","code":100,"fbtrace_id":"AFO1A46D0lmfAbEWDATNboR"}}
DONE ok=0 skip=0 fail=1
2026-09-15 23:21:43 PENDING ig (no IG token - run ig/ig-ensure-token.ps1)
2026-09-15 23:21:43 CYCLE 2026-09-15 23:21:43 :: tg=0/0 fb=0/3 vk=0/0
2026-09-15 23:26:47 FAIL fb golos-banka-2026-09-13 :: PUBLISH golos-banka-2026-09-13 ...
FAIL golos-banka-2026-09-13 -> PAGE=319271621473482
FB_FAIL {"error":{"message":"(#100) 0 does not resolve to a valid user ID","type":"OAuthException","code":100,"fbtrace_id":"AP0HHSYaPW8HkUPEoV0ps6M"}}
DONE ok=0 skip=0 fail=1
2026-09-15 23:26:53 FAIL fb vybor-diktora-2026-09-14 :: PUBLISH vybor-diktora-2026-09-14 ...
FAIL vybor-diktora-2026-09-14 -> PAGE=319271621473482
FB_FAIL {"error":{"message":"(#100) 0 does not resolve to a valid user ID","type":"OAuthException","code":100,"fbtrace_id":"AjOSGKeDbJgR7yOrNrDtSjd"}}
DONE ok=0 skip=0 fail=1
2026-09-15 23:26:59 FAIL fb ozvuchka-video-2026-09-15 :: PUBLISH ozvuchka-video-2026-09-15 ...
FAIL ozvuchka-video-2026-09-15 -> PAGE=319271621473482
FB_FAIL {"error":{"message":"(#100) 0 does not resolve to a valid user ID","type":"OAuthException","code":100,"fbtrace_id":"AFdKjLbThjOII9PeGJAaWxR"}}
DONE ok=0 skip=0 fail=1
2026-09-15 23:27:01 PENDING ig (no IG token - run ig/ig-ensure-token.ps1)
2026-09-15 23:27:01 CYCLE 2026-09-15 23:27:01 :: tg=0/0 fb=0/3 vk=0/0
2026-09-15 23:32:05 FAIL fb golos-banka-2026-09-13 :: PUBLISH golos-banka-2026-09-13 ...
FAIL golos-banka-2026-09-13 -> PAGE=319271621473482
FB_FAIL {"error":{"message":"(#100) 0 does not resolve to a valid user ID","type":"OAuthException","code":100,"fbtrace_id":"AouuGUnxHblpX0xCGydj1Ua"}}
DONE ok=0 skip=0 fail=1
2026-09-15 23:32:11 FAIL fb vybor-diktora-2026-09-14 :: PUBLISH vybor-diktora-2026-09-14 ...
FAIL vybor-diktora-2026-09-14 -> PAGE=319271621473482
FB_FAIL {"error":{"message":"(#100) 0 does not resolve to a valid user ID","type":"OAuthException","code":100,"fbtrace_id":"AUuBNBuJJ8sqtNq845Y8-Sd"}}
DONE ok=0 skip=0 fail=1
2026-09-15 23:32:17 FAIL fb ozvuchka-video-2026-09-15 :: PUBLISH ozvuchka-video-2026-09-15 ...
FAIL ozvuchka-video-2026-09-15 -> PAGE=319271621473482
FB_FAIL {"error":{"message":"(#100) 0 does not resolve to a valid user ID","type":"OAuthException","code":100,"fbtrace_id":"ApCtjJ0qWTmTrqTyDZzsDiL"}}
DONE ok=0 skip=0 fail=1
2026-09-15 23:32:19 PENDING ig (no IG token - run ig/ig-ensure-token.ps1)
2026-09-15 23:32:19 CYCLE 2026-09-15 23:32:19 :: tg=0/0 fb=0/3 vk=0/0
2026-09-15 23:37:23 FAIL fb golos-banka-2026-09-13 :: PUBLISH golos-banka-2026-09-13 ...
FAIL golos-banka-2026-09-13 -> PAGE=319271621473482
FB_FAIL {"error":{"message":"(#100) 0 does not resolve to a valid user ID","type":"OAuthException","code":100,"fbtrace_id":"AAHTT_qEuwhA32L_n1d-gn-"}}
DONE ok=0 skip=0 fail=1
2026-09-15 23:37:28 FAIL fb vybor-diktora-2026-09-14 :: PUBLISH vybor-diktora-2026-09-14 ...
FAIL vybor-diktora-2026-09-14 -> PAGE=319271621473482
FB_FAIL {"error":{"message":"(#100) 0 does not resolve to a valid user ID","type":"OAuthException","code":100,"fbtrace_id":"AST18JVg67hOa_IHPLs7YPi"}}
DONE ok=0 skip=0 fail=1
2026-09-15 23:37:34 FAIL fb ozvuchka-video-2026-09-15 :: PUBLISH ozvuchka-video-2026-09-15 ...
FAIL ozvuchka-video-2026-09-15 -> PAGE=319271621473482
FB_FAIL {"error":{"message":"(#100) 0 does not resolve to a valid user ID","type":"OAuthException","code":100,"fbtrace_id":"ACwAVSpKaMkNh5ec-mpzSzc"}}
DONE ok=0 skip=0 fail=1
2026-09-15 23:37:36 PENDING ig (no IG token - run ig/ig-ensure-token.ps1)
2026-09-15 23:37:36 CYCLE 2026-09-15 23:37:36 :: tg=0/0 fb=0/3 vk=0/0
2026-09-15 23:42:40 FAIL fb golos-banka-2026-09-13 :: PUBLISH golos-banka-2026-09-13 ...
FAIL golos-banka-2026-09-13 -> PAGE=319271621473482
FB_FAIL {"error":{"message":"(#100) 0 does not resolve to a valid user ID","type":"OAuthException","code":100,"fbtrace_id":"AFs_aF9RvxT4DhDjS8WS6te"}}
DONE ok=0 skip=0 fail=1
2026-09-15 23:42:46 FAIL fb vybor-diktora-2026-09-14 :: PUBLISH vybor-diktora-2026-09-14 ...
FAIL vybor-diktora-2026-09-14 -> PAGE=319271621473482
FB_FAIL {"error":{"message":"(#100) 0 does not resolve to a valid user ID","type":"OAuthException","code":100,"fbtrace_id":"A--h4_m4vipooiXct-TV5td"}}
DONE ok=0 skip=0 fail=1
2026-09-15 23:42:52 FAIL fb ozvuchka-video-2026-09-15 :: PUBLISH ozvuchka-video-2026-09-15 ...
FAIL ozvuchka-video-2026-09-15 -> PAGE=319271621473482
FB_FAIL {"error":{"message":"(#100) 0 does not resolve to a valid user ID","type":"OAuthException","code":100,"fbtrace_id":"ACp9hMtVGfoSlKL7zTPC6_n"}}
DONE ok=0 skip=0 fail=1
2026-09-15 23:42:54 PENDING ig (no IG token - run ig/ig-ensure-token.ps1)
2026-09-15 23:42:54 CYCLE 2026-09-15 23:42:54 :: tg=0/0 fb=0/3 vk=0/0
2026-09-15 23:47:58 FAIL fb golos-banka-2026-09-13 :: PUBLISH golos-banka-2026-09-13 ...
FAIL golos-banka-2026-09-13 -> PAGE=319271621473482
FB_FAIL {"error":{"message":"(#100) 0 does not resolve to a valid user ID","type":"OAuthException","code":100,"fbtrace_id":"AIivnNvnVFK8K3F7SlKzVp0"}}
DONE ok=0 skip=0 fail=1
2026-09-15 23:48:04 FAIL fb vybor-diktora-2026-09-14 :: PUBLISH vybor-diktora-2026-09-14 ...
FAIL vybor-diktora-2026-09-14 -> PAGE=319271621473482
FB_FAIL {"error":{"message":"(#100) 0 does not resolve to a valid user ID","type":"OAuthException","code":100,"fbtrace_id":"A-iJgT_VOR8SJyWzWddbWdH"}}
DONE ok=0 skip=0 fail=1
2026-09-15 23:48:10 FAIL fb ozvuchka-video-2026-09-15 :: PUBLISH ozvuchka-video-2026-09-15 ...
FAIL ozvuchka-video-2026-09-15 -> PAGE=319271621473482
FB_FAIL {"error":{"message":"(#100) 0 does not resolve to a valid user ID","type":"OAuthException","code":100,"fbtrace_id":"AAfH7jabiQDgoxQhoCgVm8u"}}
DONE ok=0 skip=0 fail=1
2026-09-15 23:48:12 PENDING ig (no IG token - run ig/ig-ensure-token.ps1)
2026-09-15 23:48:12 CYCLE 2026-09-15 23:48:12 :: tg=0/0 fb=0/3 vk=0/0
2026-09-15 23:53:16 FAIL fb golos-banka-2026-09-13 :: PUBLISH golos-banka-2026-09-13 ...
FAIL golos-banka-2026-09-13 -> PAGE=319271621473482
FB_FAIL {"error":{"message":"(#100) 0 does not resolve to a valid user ID","type":"OAuthException","code":100,"fbtrace_id":"APmJGZXk4UcK9217y3Qau3u"}}
DONE ok=0 skip=0 fail=1
2026-09-15 23:53:22 FAIL fb vybor-diktora-2026-09-14 :: PUBLISH vybor-diktora-2026-09-14 ...
FAIL vybor-diktora-2026-09-14 -> PAGE=319271621473482
FB_FAIL {"error":{"message":"(#100) 0 does not resolve to a valid user ID","type":"OAuthException","code":100,"fbtrace_id":"ARWv78rsNIuk37l16zw8uDy"}}
DONE ok=0 skip=0 fail=1
2026-09-15 23:53:28 FAIL fb ozvuchka-video-2026-09-15 :: PUBLISH ozvuchka-video-2026-09-15 ...
FAIL ozvuchka-video-2026-09-15 -> PAGE=319271621473482
FB_FAIL {"error":{"message":"(#100) 0 does not resolve to a valid user ID","type":"OAuthException","code":100,"fbtrace_id":"A8AbptusrgwsrWmgvv6Ac8q"}}
DONE ok=0 skip=0 fail=1
2026-09-15 23:53:30 PENDING ig (no IG token - run ig/ig-ensure-token.ps1)
2026-09-15 23:53:30 CYCLE 2026-09-15 23:53:30 :: tg=0/0 fb=0/3 vk=0/0
2026-09-15 23:58:34 FAIL fb golos-banka-2026-09-13 :: PUBLISH golos-banka-2026-09-13 ...
FAIL golos-banka-2026-09-13 -> PAGE=319271621473482
FB_FAIL {"error":{"message":"(#100) 0 does not resolve to a valid user ID","type":"OAuthException","code":100,"fbtrace_id":"AKpG-x7y87u439EO5LclBfq"}}
DONE ok=0 skip=0 fail=1
2026-09-15 23:58:40 FAIL fb vybor-diktora-2026-09-14 :: PUBLISH vybor-diktora-2026-09-14 ...
FAIL vybor-diktora-2026-09-14 -> PAGE=319271621473482
FB_FAIL {"error":{"message":"(#100) 0 does not resolve to a valid user ID","type":"OAuthException","code":100,"fbtrace_id":"AQXuXwxhT5uVepKIBqaY6ws"}}
DONE ok=0 skip=0 fail=1
2026-09-15 23:58:46 FAIL fb ozvuchka-video-2026-09-15 :: PUBLISH ozvuchka-video-2026-09-15 ...
FAIL ozvuchka-video-2026-09-15 -> PAGE=319271621473482
FB_FAIL {"error":{"message":"(#100) 0 does not resolve to a valid user ID","type":"OAuthException","code":100,"fbtrace_id":"AgthpmO-LM61bXC8JNMYwla"}}
DONE ok=0 skip=0 fail=1
2026-09-15 23:58:48 PENDING ig (no IG token - run ig/ig-ensure-token.ps1)
2026-09-15 23:58:48 CYCLE 2026-09-15 23:58:48 :: tg=0/0 fb=0/3 vk=0/0
2026-09-16 00:03:52 FAIL fb golos-banka-2026-09-13 :: PUBLISH golos-banka-2026-09-13 ...
FAIL golos-banka-2026-09-13 -> PAGE=319271621473482
FB_FAIL {"error":{"message":"(#100) 0 does not resolve to a valid user ID","type":"OAuthException","code":100,"fbtrace_id":"AsqaauDa_ge9hClj_zEU_OF"}}
DONE ok=0 skip=0 fail=1
2026-09-16 00:03:59 FAIL fb vybor-diktora-2026-09-14 :: PUBLISH vybor-diktora-2026-09-14 ...
FAIL vybor-diktora-2026-09-14 -> PAGE=319271621473482
FB_FAIL {"error":{"message":"(#100) 0 does not resolve to a valid user ID","type":"OAuthException","code":100,"fbtrace_id":"A_s_5PfMeaZGhmXNPPlkDe2"}}
DONE ok=0 skip=0 fail=1
2026-09-16 00:04:04 FAIL fb ozvuchka-video-2026-09-15 :: PUBLISH ozvuchka-video-2026-09-15 ...
FAIL ozvuchka-video-2026-09-15 -> PAGE=319271621473482
FB_FAIL {"error":{"message":"(#100) 0 does not resolve to a valid user ID","type":"OAuthException","code":100,"fbtrace_id":"ApATrm9mvH6AaXfVB2ZVTTB"}}
DONE ok=0 skip=0 fail=1
2026-09-16 00:04:06 PENDING ig (no IG token - run ig/ig-ensure-token.ps1)
2026-09-16 00:04:06 CYCLE 2026-09-16 00:04:06 :: tg=0/0 fb=0/3 vk=0/0
2026-09-16 00:09:11 FAIL fb golos-banka-2026-09-13 :: PUBLISH golos-banka-2026-09-13 ...
FAIL golos-banka-2026-09-13 -> PAGE=319271621473482
FB_FAIL {"error":{"message":"(#100) 0 does not resolve to a valid user ID","type":"OAuthException","code":100,"fbtrace_id":"AQX922gbEF0sWB-3LGZIwgc"}}
DONE ok=0 skip=0 fail=1
2026-09-16 00:09:17 FAIL fb vybor-diktora-2026-09-14 :: PUBLISH vybor-diktora-2026-09-14 ...
FAIL vybor-diktora-2026-09-14 -> PAGE=319271621473482
FB_FAIL {"error":{"message":"(#100) 0 does not resolve to a valid user ID","type":"OAuthException","code":100,"fbtrace_id":"Acs3S-nz9gh3fy-wYe3HPpZ"}}
DONE ok=0 skip=0 fail=1
2026-09-16 00:09:23 FAIL fb ozvuchka-video-2026-09-15 :: PUBLISH ozvuchka-video-2026-09-15 ...
FAIL ozvuchka-video-2026-09-15 -> PAGE=319271621473482
FB_FAIL {"error":{"message":"(#100) 0 does not resolve to a valid user ID","type":"OAuthException","code":100,"fbtrace_id":"AVj-fpYd7lwhgoLjuJ0tGEx"}}
DONE ok=0 skip=0 fail=1
2026-09-16 00:09:25 PENDING ig (no IG token - run ig/ig-ensure-token.ps1)
2026-09-16 00:09:25 CYCLE 2026-09-16 00:09:25 :: tg=0/0 fb=0/3 vk=0/0
2026-09-16 00:14:29 FAIL fb golos-banka-2026-09-13 :: PUBLISH golos-banka-2026-09-13 ...
FAIL golos-banka-2026-09-13 -> PAGE=319271621473482
FB_FAIL {"error":{"message":"(#100) 0 does not resolve to a valid user ID","type":"OAuthException","code":100,"fbtrace_id":"ATohRwngyOkQ4vANdW1LWEw"}}
DONE ok=0 skip=0 fail=1
2026-09-16 00:14:35 FAIL fb vybor-diktora-2026-09-14 :: PUBLISH vybor-diktora-2026-09-14 ...
FAIL vybor-diktora-2026-09-14 -> PAGE=319271621473482
FB_FAIL {"error":{"message":"(#100) 0 does not resolve to a valid user ID","type":"OAuthException","code":100,"fbtrace_id":"AfTSdcd3qatYoJLhxER4sca"}}
DONE ok=0 skip=0 fail=1
2026-09-16 00:14:41 FAIL fb ozvuchka-video-2026-09-15 :: PUBLISH ozvuchka-video-2026-09-15 ...
FAIL ozvuchka-video-2026-09-15 -> PAGE=319271621473482
FB_FAIL {"error":{"message":"(#100) 0 does not resolve to a valid user ID","type":"OAuthException","code":100,"fbtrace_id":"A9GraRLgey9DE3c-1xYE-0O"}}
DONE ok=0 skip=0 fail=1
2026-09-16 00:14:43 PENDING ig (no IG token - run ig/ig-ensure-token.ps1)
2026-09-16 00:14:43 CYCLE 2026-09-16 00:14:43 :: tg=0/0 fb=0/3 vk=0/0
2026-09-16 00:19:47 FAIL fb golos-banka-2026-09-13 :: PUBLISH golos-banka-2026-09-13 ...
FAIL golos-banka-2026-09-13 -> PAGE=319271621473482
FB_FAIL {"error":{"message":"(#100) 0 does not resolve to a valid user ID","type":"OAuthException","code":100,"fbtrace_id":"A3F9_dAfoBC_dokfPV29WSj"}}
DONE ok=0 skip=0 fail=1
2026-09-16 00:19:52 FAIL fb vybor-diktora-2026-09-14 :: PUBLISH vybor-diktora-2026-09-14 ...
FAIL vybor-diktora-2026-09-14 -> PAGE=319271621473482
FB_FAIL {"error":{"message":"(#100) 0 does not resolve to a valid user ID","type":"OAuthException","code":100,"fbtrace_id":"AluvHCoPO68llWlRCfrhYHn"}}
DONE ok=0 skip=0 fail=1
2026-09-16 00:19:58 FAIL fb ozvuchka-video-2026-09-15 :: PUBLISH ozvuchka-video-2026-09-15 ...
FAIL ozvuchka-video-2026-09-15 -> PAGE=319271621473482
FB_FAIL {"error":{"message":"(#100) 0 does not resolve to a valid user ID","type":"OAuthException","code":100,"fbtrace_id":"AeCEzlVCe3HrAm4O9rqpms2"}}
DONE ok=0 skip=0 fail=1
2026-09-16 00:20:00 PENDING ig (no IG token - run ig/ig-ensure-token.ps1)
2026-09-16 00:20:00 CYCLE 2026-09-16 00:20:00 :: tg=0/0 fb=0/3 vk=0/0
2026-09-16 00:25:04 FAIL fb golos-banka-2026-09-13 :: PUBLISH golos-banka-2026-09-13 ...
FAIL golos-banka-2026-09-13 -> PAGE=319271621473482
FB_FAIL {"error":{"message":"(#100) 0 does not resolve to a valid user ID","type":"OAuthException","code":100,"fbtrace_id":"A5a8IaxZm0_gIa1q1RY-Ypr"}}
DONE ok=0 skip=0 fail=1
2026-09-16 00:25:10 FAIL fb vybor-diktora-2026-09-14 :: PUBLISH vybor-diktora-2026-09-14 ...
FAIL vybor-diktora-2026-09-14 -> PAGE=319271621473482
FB_FAIL {"error":{"message":"(#100) 0 does not resolve to a valid user ID","type":"OAuthException","code":100,"fbtrace_id":"AVZE7-8h7ps6zdoBlC0Zlm2"}}
DONE ok=0 skip=0 fail=1
2026-09-16 00:25:16 FAIL fb ozvuchka-video-2026-09-15 :: PUBLISH ozvuchka-video-2026-09-15 ...
FAIL ozvuchka-video-2026-09-15 -> PAGE=319271621473482
FB_FAIL {"error":{"message":"(#100) 0 does not resolve to a valid user ID","type":"OAuthException","code":100,"fbtrace_id":"AhEDXm7VCSV6Wq5oLVjvpXq"}}
DONE ok=0 skip=0 fail=1
2026-09-16 00:25:18 PENDING ig (no IG token - run ig/ig-ensure-token.ps1)
2026-09-16 00:25:18 CYCLE 2026-09-16 00:25:18 :: tg=0/0 fb=0/3 vk=0/0
2026-09-16 00:30:22 FAIL fb golos-banka-2026-09-13 :: PUBLISH golos-banka-2026-09-13 ...
FAIL golos-banka-2026-09-13 -> PAGE=319271621473482
FB_FAIL {"error":{"message":"(#100) 0 does not resolve to a valid user ID","type":"OAuthException","code":100,"fbtrace_id":"AJA7M4t4hzICDblRyS43GUo"}}
DONE ok=0 skip=0 fail=1
2026-09-16 00:30:28 FAIL fb vybor-diktora-2026-09-14 :: PUBLISH vybor-diktora-2026-09-14 ...
FAIL vybor-diktora-2026-09-14 -> PAGE=319271621473482
FB_FAIL {"error":{"message":"(#100) 0 does not resolve to a valid user ID","type":"OAuthException","code":100,"fbtrace_id":"A_g65xeGLt1g4jKeYm6FZy2"}}
DONE ok=0 skip=0 fail=1
2026-09-16 00:30:34 FAIL fb ozvuchka-video-2026-09-15 :: PUBLISH ozvuchka-video-2026-09-15 ...
FAIL ozvuchka-video-2026-09-15 -> PAGE=319271621473482
FB_FAIL {"error":{"message":"(#100) 0 does not resolve to a valid user ID","type":"OAuthException","code":100,"fbtrace_id":"AmLu2vDP4h709_8-hpJKHVO"}}
DONE ok=0 skip=0 fail=1
2026-09-16 00:30:36 PENDING ig (no IG token - run ig/ig-ensure-token.ps1)
2026-09-16 00:30:36 CYCLE 2026-09-16 00:30:36 :: tg=0/0 fb=0/3 vk=0/0
2026-09-16 00:35:39 FAIL fb golos-banka-2026-09-13 :: PUBLISH golos-banka-2026-09-13 ...
FAIL golos-banka-2026-09-13 -> PAGE=319271621473482
FB_FAIL {"error":{"message":"(#100) 0 does not resolve to a valid user ID","type":"OAuthException","code":100,"fbtrace_id":"AGBp-rTf78OSI4FjdoKJzn_"}}
DONE ok=0 skip=0 fail=1
2026-09-16 00:35:45 FAIL fb vybor-diktora-2026-09-14 :: PUBLISH vybor-diktora-2026-09-14 ...
FAIL vybor-diktora-2026-09-14 -> PAGE=319271621473482
FB_FAIL {"error":{"message":"(#100) 0 does not resolve to a valid user ID","type":"OAuthException","code":100,"fbtrace_id":"AW7x15cuAUgaSwj57GuDc8N"}}
DONE ok=0 skip=0 fail=1
2026-09-16 00:35:51 FAIL fb ozvuchka-video-2026-09-15 :: PUBLISH ozvuchka-video-2026-09-15 ...
FAIL ozvuchka-video-2026-09-15 -> PAGE=319271621473482
FB_FAIL {"error":{"message":"(#100) 0 does not resolve to a valid user ID","type":"OAuthException","code":100,"fbtrace_id":"ATWTzjHx82ec1319TpEm5wt"}}
DONE ok=0 skip=0 fail=1
2026-09-16 00:35:53 PENDING ig (no IG token - run ig/ig-ensure-token.ps1)
2026-09-16 00:35:53 CYCLE 2026-09-16 00:35:53 :: tg=0/0 fb=0/3 vk=0/0
2026-09-16 00:40:57 FAIL fb golos-banka-2026-09-13 :: PUBLISH golos-banka-2026-09-13 ...
FAIL golos-banka-2026-09-13 -> PAGE=319271621473482
FB_FAIL {"error":{"message":"(#100) 0 does not resolve to a valid user ID","type":"OAuthException","code":100,"fbtrace_id":"AGkbMAn3_oGXwUCQlKlrM2b"}}
DONE ok=0 skip=0 fail=1
2026-09-16 00:41:03 FAIL fb vybor-diktora-2026-09-14 :: PUBLISH vybor-diktora-2026-09-14 ...
FAIL vybor-diktora-2026-09-14 -> PAGE=319271621473482
FB_FAIL {"error":{"message":"(#100) 0 does not resolve to a valid user ID","type":"OAuthException","code":100,"fbtrace_id":"AiJ6kwE4Qyq82l7uXTV2_9A"}}
DONE ok=0 skip=0 fail=1
2026-09-16 00:41:09 FAIL fb ozvuchka-video-2026-09-15 :: PUBLISH ozvuchka-video-2026-09-15 ...
FAIL ozvuchka-video-2026-09-15 -> PAGE=319271621473482
FB_FAIL {"error":{"message":"(#100) 0 does not resolve to a valid user ID","type":"OAuthException","code":100,"fbtrace_id":"AqCQBgmZRvR_sYOwdpRtedB"}}
DONE ok=0 skip=0 fail=1
2026-09-16 00:41:11 PENDING ig (no IG token - run ig/ig-ensure-token.ps1)
2026-09-16 00:41:11 CYCLE 2026-09-16 00:41:11 :: tg=0/0 fb=0/3 vk=0/0
2026-09-16 00:46:15 FAIL fb golos-banka-2026-09-13 :: PUBLISH golos-banka-2026-09-13 ...
FAIL golos-banka-2026-09-13 -> PAGE=319271621473482
FB_FAIL {"error":{"message":"(#100) 0 does not resolve to a valid user ID","type":"OAuthException","code":100,"fbtrace_id":"AZJNL8cROgtxzTKoYq41W4F"}}
DONE ok=0 skip=0 fail=1
2026-09-16 00:46:20 FAIL fb vybor-diktora-2026-09-14 :: PUBLISH vybor-diktora-2026-09-14 ...
FAIL vybor-diktora-2026-09-14 -> PAGE=319271621473482
FB_FAIL {"error":{"message":"(#100) 0 does not resolve to a valid user ID","type":"OAuthException","code":100,"fbtrace_id":"Am9Pb7jKj02iregTxCzDP4K"}}
DONE ok=0 skip=0 fail=1
2026-09-16 00:46:26 FAIL fb ozvuchka-video-2026-09-15 :: PUBLISH ozvuchka-video-2026-09-15 ...
FAIL ozvuchka-video-2026-09-15 -> PAGE=319271621473482
FB_FAIL {"error":{"message":"(#100) 0 does not resolve to a valid user ID","type":"OAuthException","code":100,"fbtrace_id":"ASx6lYOIhD789T6YkIHjOYQ"}}
DONE ok=0 skip=0 fail=1
2026-09-16 00:46:28 PENDING ig (no IG token - run ig/ig-ensure-token.ps1)
2026-09-16 00:46:28 CYCLE 2026-09-16 00:46:28 :: tg=0/0 fb=0/3 vk=0/0
2026-09-16 00:51:33 FAIL fb golos-banka-2026-09-13 :: PUBLISH golos-banka-2026-09-13 ...
FAIL golos-banka-2026-09-13 -> PAGE=319271621473482
FB_FAIL {"error":{"message":"(#100) 0 does not resolve to a valid user ID","type":"OAuthException","code":100,"fbtrace_id":"A28auxiQGfLvggBLWM0wjiB"}}
DONE ok=0 skip=0 fail=1
2026-09-16 00:51:39 FAIL fb vybor-diktora-2026-09-14 :: PUBLISH vybor-diktora-2026-09-14 ...
FAIL vybor-diktora-2026-09-14 -> PAGE=319271621473482
FB_FAIL {"error":{"message":"(#100) 0 does not resolve to a valid user ID","type":"OAuthException","code":100,"fbtrace_id":"AaueBEP9vXvABjvUudLj-D5"}}
DONE ok=0 skip=0 fail=1
2026-09-16 00:51:45 FAIL fb ozvuchka-video-2026-09-15 :: PUBLISH ozvuchka-video-2026-09-15 ...
FAIL ozvuchka-video-2026-09-15 -> PAGE=319271621473482
FB_FAIL {"error":{"message":"(#100) 0 does not resolve to a valid user ID","type":"OAuthException","code":100,"fbtrace_id":"AWTzmXaSLHVcT4worw5ZSHO"}}
DONE ok=0 skip=0 fail=1
2026-09-16 00:51:47 PENDING ig (no IG token - run ig/ig-ensure-token.ps1)
2026-09-16 00:51:47 CYCLE 2026-09-16 00:51:47 :: tg=0/0 fb=0/3 vk=0/0
2026-09-16 00:56:51 FAIL fb golos-banka-2026-09-13 :: PUBLISH golos-banka-2026-09-13 ...
FAIL golos-banka-2026-09-13 -> PAGE=319271621473482
FB_FAIL {"error":{"message":"(#100) 0 does not resolve to a valid user ID","type":"OAuthException","code":100,"fbtrace_id":"AHACp5x-YOTDpfRx6mJ28Vp"}}
DONE ok=0 skip=0 fail=1
2026-09-16 00:56:57 FAIL fb vybor-diktora-2026-09-14 :: PUBLISH vybor-diktora-2026-09-14 ...
FAIL vybor-diktora-2026-09-14 -> PAGE=319271621473482
FB_FAIL {"error":{"message":"(#100) 0 does not resolve to a valid user ID","type":"OAuthException","code":100,"fbtrace_id":"Ap-rid_0U3oeaaxVq6wUH5u"}}
DONE ok=0 skip=0 fail=1
2026-09-16 00:57:03 FAIL fb ozvuchka-video-2026-09-15 :: PUBLISH ozvuchka-video-2026-09-15 ...
FAIL ozvuchka-video-2026-09-15 -> PAGE=319271621473482
FB_FAIL {"error":{"message":"(#100) 0 does not resolve to a valid user ID","type":"OAuthException","code":100,"fbtrace_id":"AtWmwvKNEuA6s0mPmYsCXBC"}}
DONE ok=0 skip=0 fail=1
2026-09-16 00:57:05 PENDING ig (no IG token - run ig/ig-ensure-token.ps1)
2026-09-16 00:57:05 CYCLE 2026-09-16 00:57:05 :: tg=0/0 fb=0/3 vk=0/0
2026-09-16 01:02:08 FAIL fb golos-banka-2026-09-13 :: PUBLISH golos-banka-2026-09-13 ...
FAIL golos-banka-2026-09-13 -> PAGE=319271621473482
FB_FAIL {"error":{"message":"(#100) 0 does not resolve to a valid user ID","type":"OAuthException","code":100,"fbtrace_id":"A18lC9ap-G2eqc5HtcZktfd"}}
DONE ok=0 skip=0 fail=1
2026-09-16 01:02:14 FAIL fb vybor-diktora-2026-09-14 :: PUBLISH vybor-diktora-2026-09-14 ...
FAIL vybor-diktora-2026-09-14 -> PAGE=319271621473482
FB_FAIL {"error":{"message":"(#100) 0 does not resolve to a valid user ID","type":"OAuthException","code":100,"fbtrace_id":"AP-hhAd90M03FnsAQxubASs"}}
DONE ok=0 skip=0 fail=1
2026-09-16 01:02:20 FAIL fb ozvuchka-video-2026-09-15 :: PUBLISH ozvuchka-video-2026-09-15 ...
FAIL ozvuchka-video-2026-09-15 -> PAGE=319271621473482
FB_FAIL {"error":{"message":"(#100) 0 does not resolve to a valid user ID","type":"OAuthException","code":100,"fbtrace_id":"A5b-SOtIF9lprlujGtXprg3"}}
DONE ok=0 skip=0 fail=1
2026-09-16 01:02:22 PENDING ig (no IG token - run ig/ig-ensure-token.ps1)
2026-09-16 01:02:22 CYCLE 2026-09-16 01:02:22 :: tg=0/0 fb=0/3 vk=0/0
2026-09-16 01:07:28 FAIL fb golos-banka-2026-09-13 :: PUBLISH golos-banka-2026-09-13 ...
FAIL golos-banka-2026-09-13 -> PAGE=319271621473482
FB_FAIL {"error":{"message":"(#100) 0 does not resolve to a valid user ID","type":"OAuthException","code":100,"fbtrace_id":"Az45IkA_FI186XsLcv2k2zt"}}
DONE ok=0 skip=0 fail=1
2026-09-16 01:07:34 FAIL fb vybor-diktora-2026-09-14 :: PUBLISH vybor-diktora-2026-09-14 ...
FAIL vybor-diktora-2026-09-14 -> PAGE=319271621473482
FB_FAIL {"error":{"message":"(#100) 0 does not resolve to a valid user ID","type":"OAuthException","code":100,"fbtrace_id":"ARXgJ9mpl0cMUQRv-QbgtFg"}}
DONE ok=0 skip=0 fail=1
2026-09-16 01:07:40 FAIL fb ozvuchka-video-2026-09-15 :: PUBLISH ozvuchka-video-2026-09-15 ...
FAIL ozvuchka-video-2026-09-15 -> PAGE=319271621473482
FB_FAIL {"error":{"message":"(#100) 0 does not resolve to a valid user ID","type":"OAuthException","code":100,"fbtrace_id":"AVI6GHRdkrTm6jyF0f7YCSO"}}
DONE ok=0 skip=0 fail=1
2026-09-16 01:07:42 PENDING ig (no IG token - run ig/ig-ensure-token.ps1)
2026-09-16 01:07:42 CYCLE 2026-09-16 01:07:42 :: tg=0/0 fb=0/3 vk=0/0
2026-09-16 01:12:46 FAIL fb golos-banka-2026-09-13 :: PUBLISH golos-banka-2026-09-13 ...
FAIL golos-banka-2026-09-13 -> PAGE=319271621473482
FB_FAIL {"error":{"message":"(#100) 0 does not resolve to a valid user ID","type":"OAuthException","code":100,"fbtrace_id":"Ao-W6BmIGSSgsyckrykqh0T"}}
DONE ok=0 skip=0 fail=1
2026-09-16 01:12:51 FAIL fb vybor-diktora-2026-09-14 :: PUBLISH vybor-diktora-2026-09-14 ...
FAIL vybor-diktora-2026-09-14 -> PAGE=319271621473482
FB_FAIL {"error":{"message":"(#100) 0 does not resolve to a valid user ID","type":"OAuthException","code":100,"fbtrace_id":"AkosJfKaM6L4jZxHbItUIO9"}}
DONE ok=0 skip=0 fail=1
2026-09-16 01:12:57 FAIL fb ozvuchka-video-2026-09-15 :: PUBLISH ozvuchka-video-2026-09-15 ...
FAIL ozvuchka-video-2026-09-15 -> PAGE=319271621473482
FB_FAIL {"error":{"message":"(#100) 0 does not resolve to a valid user ID","type":"OAuthException","code":100,"fbtrace_id":"AHBNDBK2YCES3YtTFFpVwbK"}}
DONE ok=0 skip=0 fail=1
2026-09-16 01:12:59 PENDING ig (no IG token - run ig/ig-ensure-token.ps1)
2026-09-16 01:12:59 CYCLE 2026-09-16 01:12:59 :: tg=0/0 fb=0/3 vk=0/0
2026-09-16 01:18:03 FAIL fb golos-banka-2026-09-13 :: PUBLISH golos-banka-2026-09-13 ...
FAIL golos-banka-2026-09-13 -> PAGE=319271621473482
FB_FAIL {"error":{"message":"(#100) 0 does not resolve to a valid user ID","type":"OAuthException","code":100,"fbtrace_id":"APmVpcY-JknKy5tOcutj0Ji"}}
DONE ok=0 skip=0 fail=1
2026-09-16 01:18:09 FAIL fb vybor-diktora-2026-09-14 :: PUBLISH vybor-diktora-2026-09-14 ...
FAIL vybor-diktora-2026-09-14 -> PAGE=319271621473482
FB_FAIL {"error":{"message":"(#100) 0 does not resolve to a valid user ID","type":"OAuthException","code":100,"fbtrace_id":"AzU10ikqzXOyah-0V44IQl9"}}
DONE ok=0 skip=0 fail=1
2026-09-16 01:18:15 FAIL fb ozvuchka-video-2026-09-15 :: PUBLISH ozvuchka-video-2026-09-15 ...
FAIL ozvuchka-video-2026-09-15 -> PAGE=319271621473482
FB_FAIL {"error":{"message":"(#100) 0 does not resolve to a valid user ID","type":"OAuthException","code":100,"fbtrace_id":"Avd4IMwhUl0M8xPVnKRmyK9"}}
DONE ok=0 skip=0 fail=1
2026-09-16 01:18:17 PENDING ig (no IG token - run ig/ig-ensure-token.ps1)
2026-09-16 01:18:17 CYCLE 2026-09-16 01:18:17 :: tg=0/0 fb=0/3 vk=0/0
2026-09-16 01:23:21 FAIL fb golos-banka-2026-09-13 :: PUBLISH golos-banka-2026-09-13 ...
FAIL golos-banka-2026-09-13 -> PAGE=319271621473482
FB_FAIL {"error":{"message":"(#100) 0 does not resolve to a valid user ID","type":"OAuthException","code":100,"fbtrace_id":"AVYCdNytaUgiRlmC-FVK8Fp"}}
DONE ok=0 skip=0 fail=1
2026-09-16 01:23:27 FAIL fb vybor-diktora-2026-09-14 :: PUBLISH vybor-diktora-2026-09-14 ...
FAIL vybor-diktora-2026-09-14 -> PAGE=319271621473482
FB_FAIL {"error":{"message":"(#100) 0 does not resolve to a valid user ID","type":"OAuthException","code":100,"fbtrace_id":"Ayw6OMUWoi1txU6rwVFYIOu"}}
DONE ok=0 skip=0 fail=1
2026-09-16 01:23:33 FAIL fb ozvuchka-video-2026-09-15 :: PUBLISH ozvuchka-video-2026-09-15 ...
FAIL ozvuchka-video-2026-09-15 -> PAGE=319271621473482
FB_FAIL {"error":{"message":"(#100) 0 does not resolve to a valid user ID","type":"OAuthException","code":100,"fbtrace_id":"AG7rMKvZ2EWSbX9g8ZW-5UO"}}
DONE ok=0 skip=0 fail=1
2026-09-16 01:23:35 PENDING ig (no IG token - run ig/ig-ensure-token.ps1)
2026-09-16 01:23:35 CYCLE 2026-09-16 01:23:35 :: tg=0/0 fb=0/3 vk=0/0
2026-09-16 01:28:38 FAIL fb golos-banka-2026-09-13 :: PUBLISH golos-banka-2026-09-13 ...
FAIL golos-banka-2026-09-13 -> PAGE=319271621473482
FB_FAIL {"error":{"message":"(#100) 0 does not resolve to a valid user ID","type":"OAuthException","code":100,"fbtrace_id":"A1JeoyS8PWq8LYz7gdsrMza"}}
DONE ok=0 skip=0 fail=1
2026-09-16 01:28:44 FAIL fb vybor-diktora-2026-09-14 :: PUBLISH vybor-diktora-2026-09-14 ...
FAIL vybor-diktora-2026-09-14 -> PAGE=319271621473482
FB_FAIL {"error":{"message":"(#100) 0 does not resolve to a valid user ID","type":"OAuthException","code":100,"fbtrace_id":"AcxI9QhJuaW4d2tjv6_dK22"}}
DONE ok=0 skip=0 fail=1
2026-09-16 01:28:50 FAIL fb ozvuchka-video-2026-09-15 :: PUBLISH ozvuchka-video-2026-09-15 ...
FAIL ozvuchka-video-2026-09-15 -> PAGE=319271621473482
FB_FAIL {"error":{"message":"(#100) 0 does not resolve to a valid user ID","type":"OAuthException","code":100,"fbtrace_id":"AiQjyiZQ2iphVLe7zOljpVW"}}
DONE ok=0 skip=0 fail=1
2026-09-16 01:28:52 PENDING ig (no IG token - run ig/ig-ensure-token.ps1)
2026-09-16 01:28:52 CYCLE 2026-09-16 01:28:52 :: tg=0/0 fb=0/3 vk=0/0
2026-09-16 01:33:56 FAIL fb golos-banka-2026-09-13 :: PUBLISH golos-banka-2026-09-13 ...
FAIL golos-banka-2026-09-13 -> PAGE=319271621473482
FB_FAIL {"error":{"message":"(#100) 0 does not resolve to a valid user ID","type":"OAuthException","code":100,"fbtrace_id":"A2rpf1y9Bmo2CQlQplUbd-d"}}
DONE ok=0 skip=0 fail=1
2026-09-16 01:34:02 FAIL fb vybor-diktora-2026-09-14 :: PUBLISH vybor-diktora-2026-09-14 ...
FAIL vybor-diktora-2026-09-14 -> PAGE=319271621473482
FB_FAIL {"error":{"message":"(#100) 0 does not resolve to a valid user ID","type":"OAuthException","code":100,"fbtrace_id":"APXPaK8ni_Iwp3uhp8SpETw"}}
DONE ok=0 skip=0 fail=1
2026-09-16 01:34:08 FAIL fb ozvuchka-video-2026-09-15 :: PUBLISH ozvuchka-video-2026-09-15 ...
FAIL ozvuchka-video-2026-09-15 -> PAGE=319271621473482
FB_FAIL {"error":{"message":"(#100) 0 does not resolve to a valid user ID","type":"OAuthException","code":100,"fbtrace_id":"A4bcDSHx7fOoIVfFLkqSD4a"}}
DONE ok=0 skip=0 fail=1
2026-09-16 01:34:10 PENDING ig (no IG token - run ig/ig-ensure-token.ps1)
2026-09-16 01:34:10 CYCLE 2026-09-16 01:34:10 :: tg=0/0 fb=0/3 vk=0/0
2026-09-16 01:39:14 FAIL fb golos-banka-2026-09-13 :: PUBLISH golos-banka-2026-09-13 ...
FAIL golos-banka-2026-09-13 -> PAGE=319271621473482
FB_FAIL {"error":{"message":"(#100) 0 does not resolve to a valid user ID","type":"OAuthException","code":100,"fbtrace_id":"A3Hjy7DkqrlZPkye9zDTdA9"}}
DONE ok=0 skip=0 fail=1
2026-09-16 01:39:20 FAIL fb vybor-diktora-2026-09-14 :: PUBLISH vybor-diktora-2026-09-14 ...
FAIL vybor-diktora-2026-09-14 -> PAGE=319271621473482
FB_FAIL {"error":{"message":"(#100) 0 does not resolve to a valid user ID","type":"OAuthException","code":100,"fbtrace_id":"AN0ksl04KHVKJQx-wGyE8xy"}}
DONE ok=0 skip=0 fail=1
2026-09-16 01:39:26 FAIL fb ozvuchka-video-2026-09-15 :: PUBLISH ozvuchka-video-2026-09-15 ...
FAIL ozvuchka-video-2026-09-15 -> PAGE=319271621473482
FB_FAIL {"error":{"message":"(#100) 0 does not resolve to a valid user ID","type":"OAuthException","code":100,"fbtrace_id":"AOsrbTipaTsFiMG943GU_G1"}}
DONE ok=0 skip=0 fail=1
2026-09-16 01:39:28 PENDING ig (no IG token - run ig/ig-ensure-token.ps1)
2026-09-16 01:39:28 CYCLE 2026-09-16 01:39:28 :: tg=0/0 fb=0/3 vk=0/0
2026-09-16 01:44:32 FAIL fb golos-banka-2026-09-13 :: PUBLISH golos-banka-2026-09-13 ...
FAIL golos-banka-2026-09-13 -> PAGE=319271621473482
FB_FAIL {"error":{"message":"(#100) 0 does not resolve to a valid user ID","type":"OAuthException","code":100,"fbtrace_id":"ACuEscPKtNuDKY2zU-soOrE"}}
DONE ok=0 skip=0 fail=1
2026-09-16 01:44:37 FAIL fb vybor-diktora-2026-09-14 :: PUBLISH vybor-diktora-2026-09-14 ...
FAIL vybor-diktora-2026-09-14 -> PAGE=319271621473482
FB_FAIL {"error":{"message":"(#100) 0 does not resolve to a valid user ID","type":"OAuthException","code":100,"fbtrace_id":"Aw4RgO3XxwdV2B0SumJBlZD"}}
DONE ok=0 skip=0 fail=1
2026-09-16 01:44:43 FAIL fb ozvuchka-video-2026-09-15 :: PUBLISH ozvuchka-video-2026-09-15 ...
FAIL ozvuchka-video-2026-09-15 -> PAGE=319271621473482
FB_FAIL {"error":{"message":"(#100) 0 does not resolve to a valid user ID","type":"OAuthException","code":100,"fbtrace_id":"AGkvKvHFRzqiAbKr07mPHdN"}}
DONE ok=0 skip=0 fail=1
2026-09-16 01:44:45 PENDING ig (no IG token - run ig/ig-ensure-token.ps1)
2026-09-16 01:44:45 CYCLE 2026-09-16 01:44:45 :: tg=0/0 fb=0/3 vk=0/0
2026-09-16 01:49:49 FAIL fb golos-banka-2026-09-13 :: PUBLISH golos-banka-2026-09-13 ...
FAIL golos-banka-2026-09-13 -> PAGE=319271621473482
FB_FAIL {"error":{"message":"(#100) 0 does not resolve to a valid user ID","type":"OAuthException","code":100,"fbtrace_id":"AqggTi5sW3iXBfy8eat-9ad"}}
DONE ok=0 skip=0 fail=1
2026-09-16 01:49:55 FAIL fb vybor-diktora-2026-09-14 :: PUBLISH vybor-diktora-2026-09-14 ...
FAIL vybor-diktora-2026-09-14 -> PAGE=319271621473482
FB_FAIL {"error":{"message":"(#100) 0 does not resolve to a valid user ID","type":"OAuthException","code":100,"fbtrace_id":"ASBXSIT4q_mir_CNb7NgDsN"}}
DONE ok=0 skip=0 fail=1
2026-09-16 01:50:01 FAIL fb ozvuchka-video-2026-09-15 :: PUBLISH ozvuchka-video-2026-09-15 ...
FAIL ozvuchka-video-2026-09-15 -> PAGE=319271621473482
FB_FAIL {"error":{"message":"(#100) 0 does not resolve to a valid user ID","type":"OAuthException","code":100,"fbtrace_id":"ANxZHIkUXjLF3Zxz07YM57D"}}
DONE ok=0 skip=0 fail=1
2026-09-16 01:50:03 PENDING ig (no IG token - run ig/ig-ensure-token.ps1)
2026-09-16 01:50:03 CYCLE 2026-09-16 01:50:03 :: tg=0/0 fb=0/3 vk=0/0
2026-09-16 01:55:09 FAIL fb golos-banka-2026-09-13 :: PUBLISH golos-banka-2026-09-13 ...
FAIL golos-banka-2026-09-13 -> PAGE=319271621473482
FB_FAIL {"error":{"message":"(#100) 0 does not resolve to a valid user ID","type":"OAuthException","code":100,"fbtrace_id":"ACaGEeF1r8NJqdjHlGD7681"}}
DONE ok=0 skip=0 fail=1
2026-09-16 01:55:15 FAIL fb vybor-diktora-2026-09-14 :: PUBLISH vybor-diktora-2026-09-14 ...
FAIL vybor-diktora-2026-09-14 -> PAGE=319271621473482
FB_FAIL {"error":{"message":"(#100) 0 does not resolve to a valid user ID","type":"OAuthException","code":100,"fbtrace_id":"A-y3zMPhaAdMHh-EF1Yk7Bu"}}
DONE ok=0 skip=0 fail=1
2026-09-16 01:55:21 FAIL fb ozvuchka-video-2026-09-15 :: PUBLISH ozvuchka-video-2026-09-15 ...
FAIL ozvuchka-video-2026-09-15 -> PAGE=319271621473482
FB_FAIL {"error":{"message":"(#100) 0 does not resolve to a valid user ID","type":"OAuthException","code":100,"fbtrace_id":"AtSZOuDpgll1blxJcYwO-xg"}}
DONE ok=0 skip=0 fail=1
2026-09-16 01:55:23 PENDING ig (no IG token - run ig/ig-ensure-token.ps1)
2026-09-16 01:55:23 CYCLE 2026-09-16 01:55:23 :: tg=0/0 fb=0/3 vk=0/0
2026-09-16 02:00:26 FAIL fb golos-banka-2026-09-13 :: PUBLISH golos-banka-2026-09-13 ...
FAIL golos-banka-2026-09-13 -> PAGE=319271621473482
FB_FAIL {"error":{"message":"(#100) 0 does not resolve to a valid user ID","type":"OAuthException","code":100,"fbtrace_id":"AsbnV9AjOaQnqWKrFqrm7Tm"}}
DONE ok=0 skip=0 fail=1
2026-09-16 02:00:32 FAIL fb vybor-diktora-2026-09-14 :: PUBLISH vybor-diktora-2026-09-14 ...
FAIL vybor-diktora-2026-09-14 -> PAGE=319271621473482
FB_FAIL {"error":{"message":"(#100) 0 does not resolve to a valid user ID","type":"OAuthException","code":100,"fbtrace_id":"AEdp2GjdOsX7d-G7tTWZJxT"}}
DONE ok=0 skip=0 fail=1
2026-09-16 02:00:38 FAIL fb ozvuchka-video-2026-09-15 :: PUBLISH ozvuchka-video-2026-09-15 ...
FAIL ozvuchka-video-2026-09-15 -> PAGE=319271621473482
FB_FAIL {"error":{"message":"(#100) 0 does not resolve to a valid user ID","type":"OAuthException","code":100,"fbtrace_id":"AytuZ-MwLN_xxldQZU1vJ6S"}}
DONE ok=0 skip=0 fail=1
2026-09-16 02:00:40 PENDING ig (no IG token - run ig/ig-ensure-token.ps1)
2026-09-16 02:00:40 CYCLE 2026-09-16 02:00:40 :: tg=0/0 fb=0/3 vk=0/0
2026-09-16 02:05:44 FAIL fb golos-banka-2026-09-13 :: PUBLISH golos-banka-2026-09-13 ...
FAIL golos-banka-2026-09-13 -> PAGE=319271621473482
FB_FAIL {"error":{"message":"(#100) 0 does not resolve to a valid user ID","type":"OAuthException","code":100,"fbtrace_id":"AWtPoFk0IJ-DrFnHU1w36-e"}}
DONE ok=0 skip=0 fail=1
2026-09-16 02:05:50 FAIL fb vybor-diktora-2026-09-14 :: PUBLISH vybor-diktora-2026-09-14 ...
FAIL vybor-diktora-2026-09-14 -> PAGE=319271621473482
FB_FAIL {"error":{"message":"(#100) 0 does not resolve to a valid user ID","type":"OAuthException","code":100,"fbtrace_id":"A7VqjryVHZcN75N-vW7Ebo0"}}
DONE ok=0 skip=0 fail=1
2026-09-16 02:05:56 FAIL fb ozvuchka-video-2026-09-15 :: PUBLISH ozvuchka-video-2026-09-15 ...
FAIL ozvuchka-video-2026-09-15 -> PAGE=319271621473482
FB_FAIL {"error":{"message":"(#100) 0 does not resolve to a valid user ID","type":"OAuthException","code":100,"fbtrace_id":"A6o5-GIBIG_5G8s3eL74XUf"}}
DONE ok=0 skip=0 fail=1
2026-09-16 02:05:58 PENDING ig (no IG token - run ig/ig-ensure-token.ps1)
2026-09-16 02:05:58 CYCLE 2026-09-16 02:05:58 :: tg=0/0 fb=0/3 vk=0/0
2026-09-16 02:11:02 FAIL fb golos-banka-2026-09-13 :: PUBLISH golos-banka-2026-09-13 ...
FAIL golos-banka-2026-09-13 -> PAGE=319271621473482
FB_FAIL {"error":{"message":"(#100) 0 does not resolve to a valid user ID","type":"OAuthException","code":100,"fbtrace_id":"ACbKdZgsP0JXi_vLFgQAuhC"}}
DONE ok=0 skip=0 fail=1
2026-09-16 02:11:08 FAIL fb vybor-diktora-2026-09-14 :: PUBLISH vybor-diktora-2026-09-14 ...
FAIL vybor-diktora-2026-09-14 -> PAGE=319271621473482
FB_FAIL {"error":{"message":"(#100) 0 does not resolve to a valid user ID","type":"OAuthException","code":100,"fbtrace_id":"AhO7Pt7rEhB8tdKhzs8oqNy"}}
DONE ok=0 skip=0 fail=1
2026-09-16 02:11:13 FAIL fb ozvuchka-video-2026-09-15 :: PUBLISH ozvuchka-video-2026-09-15 ...
FAIL ozvuchka-video-2026-09-15 -> PAGE=319271621473482
FB_FAIL {"error":{"message":"(#100) 0 does not resolve to a valid user ID","type":"OAuthException","code":100,"fbtrace_id":"Ao4LDiB1TTIM3AVDjShGPoV"}}
DONE ok=0 skip=0 fail=1
2026-09-16 02:11:15 PENDING ig (no IG token - run ig/ig-ensure-token.ps1)
2026-09-16 02:11:15 CYCLE 2026-09-16 02:11:15 :: tg=0/0 fb=0/3 vk=0/0
2026-09-16 02:16:19 FAIL fb golos-banka-2026-09-13 :: PUBLISH golos-banka-2026-09-13 ...
FAIL golos-banka-2026-09-13 -> PAGE=319271621473482
FB_FAIL {"error":{"message":"(#100) 0 does not resolve to a valid user ID","type":"OAuthException","code":100,"fbtrace_id":"AhgyAfpNp9PdIjrdsb66Oek"}}
DONE ok=0 skip=0 fail=1
2026-09-16 02:16:25 FAIL fb vybor-diktora-2026-09-14 :: PUBLISH vybor-diktora-2026-09-14 ...
FAIL vybor-diktora-2026-09-14 -> PAGE=319271621473482
FB_FAIL {"error":{"message":"(#100) 0 does not resolve to a valid user ID","type":"OAuthException","code":100,"fbtrace_id":"AKTPADzvDefK8tvyZ_V74H2"}}
DONE ok=0 skip=0 fail=1
2026-09-16 02:16:31 FAIL fb ozvuchka-video-2026-09-15 :: PUBLISH ozvuchka-video-2026-09-15 ...
FAIL ozvuchka-video-2026-09-15 -> PAGE=319271621473482
FB_FAIL {"error":{"message":"(#100) 0 does not resolve to a valid user ID","type":"OAuthException","code":100,"fbtrace_id":"AqzaAPxGDM27xcM-dvabtmX"}}
DONE ok=0 skip=0 fail=1
2026-09-16 02:16:33 PENDING ig (no IG token - run ig/ig-ensure-token.ps1)
2026-09-16 02:16:33 CYCLE 2026-09-16 02:16:33 :: tg=0/0 fb=0/3 vk=0/0
2026-09-16 02:21:37 FAIL fb golos-banka-2026-09-13 :: PUBLISH golos-banka-2026-09-13 ...
FAIL golos-banka-2026-09-13 -> PAGE=319271621473482
FB_FAIL {"error":{"message":"(#100) 0 does not resolve to a valid user ID","type":"OAuthException","code":100,"fbtrace_id":"AqobOk7xAnXWQxLXToVqyTs"}}
DONE ok=0 skip=0 fail=1
2026-09-16 02:21:43 FAIL fb vybor-diktora-2026-09-14 :: PUBLISH vybor-diktora-2026-09-14 ...
FAIL vybor-diktora-2026-09-14 -> PAGE=319271621473482
FB_FAIL {"error":{"message":"(#100) 0 does not resolve to a valid user ID","type":"OAuthException","code":100,"fbtrace_id":"AvtVdYJkObcRscPcVY6YzYw"}}
DONE ok=0 skip=0 fail=1
2026-09-16 02:21:49 FAIL fb ozvuchka-video-2026-09-15 :: PUBLISH ozvuchka-video-2026-09-15 ...
FAIL ozvuchka-video-2026-09-15 -> PAGE=319271621473482
FB_FAIL {"error":{"message":"(#100) 0 does not resolve to a valid user ID","type":"OAuthException","code":100,"fbtrace_id":"A-ZA7fTc6ThfifYbnJeVnBz"}}
DONE ok=0 skip=0 fail=1
2026-09-16 02:21:51 PENDING ig (no IG token - run ig/ig-ensure-token.ps1)
2026-09-16 02:21:51 CYCLE 2026-09-16 02:21:51 :: tg=0/0 fb=0/3 vk=0/0
2026-09-16 02:26:55 FAIL fb golos-banka-2026-09-13 :: PUBLISH golos-banka-2026-09-13 ...
FAIL golos-banka-2026-09-13 -> PAGE=319271621473482
FB_FAIL {"error":{"message":"(#100) 0 does not resolve to a valid user ID","type":"OAuthException","code":100,"fbtrace_id":"A8aMEAKrRneDYTYxCp8cGWR"}}
DONE ok=0 skip=0 fail=1
2026-09-16 02:27:00 FAIL fb vybor-diktora-2026-09-14 :: PUBLISH vybor-diktora-2026-09-14 ...
FAIL vybor-diktora-2026-09-14 -> PAGE=319271621473482
FB_FAIL {"error":{"message":"(#100) 0 does not resolve to a valid user ID","type":"OAuthException","code":100,"fbtrace_id":"A3BT1cboijzliintFDF1yZ5"}}
DONE ok=0 skip=0 fail=1
2026-09-16 02:27:06 FAIL fb ozvuchka-video-2026-09-15 :: PUBLISH ozvuchka-video-2026-09-15 ...
FAIL ozvuchka-video-2026-09-15 -> PAGE=319271621473482
FB_FAIL {"error":{"message":"(#100) 0 does not resolve to a valid user ID","type":"OAuthException","code":100,"fbtrace_id":"AKxufo6DK7ZOJPsh2li97Gn"}}
DONE ok=0 skip=0 fail=1
2026-09-16 02:27:08 PENDING ig (no IG token - run ig/ig-ensure-token.ps1)
2026-09-16 02:27:08 CYCLE 2026-09-16 02:27:08 :: tg=0/0 fb=0/3 vk=0/0
2026-09-16 02:32:12 FAIL fb golos-banka-2026-09-13 :: PUBLISH golos-banka-2026-09-13 ...
FAIL golos-banka-2026-09-13 -> PAGE=319271621473482
FB_FAIL {"error":{"message":"(#100) 0 does not resolve to a valid user ID","type":"OAuthException","code":100,"fbtrace_id":"AfpNAmaiGS6zSmecp3HvRNj"}}
DONE ok=0 skip=0 fail=1
2026-09-16 02:32:18 FAIL fb vybor-diktora-2026-09-14 :: PUBLISH vybor-diktora-2026-09-14 ...
FAIL vybor-diktora-2026-09-14 -> PAGE=319271621473482
FB_FAIL {"error":{"message":"(#100) 0 does not resolve to a valid user ID","type":"OAuthException","code":100,"fbtrace_id":"ABx5-_NET8ttYrMzfz3qosr"}}
DONE ok=0 skip=0 fail=1
2026-09-16 02:32:24 FAIL fb ozvuchka-video-2026-09-15 :: PUBLISH ozvuchka-video-2026-09-15 ...
FAIL ozvuchka-video-2026-09-15 -> PAGE=319271621473482
FB_FAIL {"error":{"message":"(#100) 0 does not resolve to a valid user ID","type":"OAuthException","code":100,"fbtrace_id":"ApksAtte7pagKIxxXV0uOte"}}
DONE ok=0 skip=0 fail=1
2026-09-16 02:32:26 PENDING ig (no IG token - run ig/ig-ensure-token.ps1)
2026-09-16 02:32:26 CYCLE 2026-09-16 02:32:26 :: tg=0/0 fb=0/3 vk=0/0
2026-09-16 02:37:30 FAIL fb golos-banka-2026-09-13 :: PUBLISH golos-banka-2026-09-13 ...
FAIL golos-banka-2026-09-13 -> PAGE=319271621473482
FB_FAIL {"error":{"message":"(#100) 0 does not resolve to a valid user ID","type":"OAuthException","code":100,"fbtrace_id":"AHvl7amv_QP8DtnEKBw-hIl"}}
DONE ok=0 skip=0 fail=1
2026-09-16 02:37:36 FAIL fb vybor-diktora-2026-09-14 :: PUBLISH vybor-diktora-2026-09-14 ...
FAIL vybor-diktora-2026-09-14 -> PAGE=319271621473482
FB_FAIL {"error":{"message":"(#100) 0 does not resolve to a valid user ID","type":"OAuthException","code":100,"fbtrace_id":"A0qfSvOEmGG42bOQ5JUWcoJ"}}
DONE ok=0 skip=0 fail=1
2026-09-16 02:37:42 FAIL fb ozvuchka-video-2026-09-15 :: PUBLISH ozvuchka-video-2026-09-15 ...
FAIL ozvuchka-video-2026-09-15 -> PAGE=319271621473482
FB_FAIL {"error":{"message":"(#100) 0 does not resolve to a valid user ID","type":"OAuthException","code":100,"fbtrace_id":"AtS7dD8AbDWDV2JsR6tg_Fc"}}
DONE ok=0 skip=0 fail=1
2026-09-16 02:37:44 PENDING ig (no IG token - run ig/ig-ensure-token.ps1)
2026-09-16 02:37:44 CYCLE 2026-09-16 02:37:44 :: tg=0/0 fb=0/3 vk=0/0
2026-09-16 02:42:47 FAIL fb golos-banka-2026-09-13 :: PUBLISH golos-banka-2026-09-13 ...
FAIL golos-banka-2026-09-13 -> PAGE=319271621473482
FB_FAIL {"error":{"message":"(#100) 0 does not resolve to a valid user ID","type":"OAuthException","code":100,"fbtrace_id":"AFEBwfSgvq35_cdHa1ST96t"}}
DONE ok=0 skip=0 fail=1
2026-09-16 02:42:53 FAIL fb vybor-diktora-2026-09-14 :: PUBLISH vybor-diktora-2026-09-14 ...
FAIL vybor-diktora-2026-09-14 -> PAGE=319271621473482
FB_FAIL {"error":{"message":"(#100) 0 does not resolve to a valid user ID","type":"OAuthException","code":100,"fbtrace_id":"A5pZa74-PO-9FBDT_hGagoG"}}
DONE ok=0 skip=0 fail=1
2026-09-16 02:42:59 FAIL fb ozvuchka-video-2026-09-15 :: PUBLISH ozvuchka-video-2026-09-15 ...
FAIL ozvuchka-video-2026-09-15 -> PAGE=319271621473482
FB_FAIL {"error":{"message":"(#100) 0 does not resolve to a valid user ID","type":"OAuthException","code":100,"fbtrace_id":"A3mZGgfX8d5rb0WmeE_LYc-"}}
DONE ok=0 skip=0 fail=1
2026-09-16 02:43:01 PENDING ig (no IG token - run ig/ig-ensure-token.ps1)
2026-09-16 02:43:01 CYCLE 2026-09-16 02:43:01 :: tg=0/0 fb=0/3 vk=0/0
2026-09-16 02:48:05 FAIL fb golos-banka-2026-09-13 :: PUBLISH golos-banka-2026-09-13 ...
FAIL golos-banka-2026-09-13 -> PAGE=319271621473482
FB_FAIL {"error":{"message":"(#100) 0 does not resolve to a valid user ID","type":"OAuthException","code":100,"fbtrace_id":"ApDXJBou9t8_oXt63DuRFFB"}}
DONE ok=0 skip=0 fail=1
2026-09-16 02:48:11 FAIL fb vybor-diktora-2026-09-14 :: PUBLISH vybor-diktora-2026-09-14 ...
FAIL vybor-diktora-2026-09-14 -> PAGE=319271621473482
FB_FAIL {"error":{"message":"(#100) 0 does not resolve to a valid user ID","type":"OAuthException","code":100,"fbtrace_id":"A13YH50g-McIm3s6tkfNP8J"}}
DONE ok=0 skip=0 fail=1
2026-09-16 02:48:17 FAIL fb ozvuchka-video-2026-09-15 :: PUBLISH ozvuchka-video-2026-09-15 ...
FAIL ozvuchka-video-2026-09-15 -> PAGE=319271621473482
FB_FAIL {"error":{"message":"(#100) 0 does not resolve to a valid user ID","type":"OAuthException","code":100,"fbtrace_id":"AOUcdH-I2Q64ksnq6rmpKK2"}}
DONE ok=0 skip=0 fail=1
2026-09-16 02:48:19 PENDING ig (no IG token - run ig/ig-ensure-token.ps1)
2026-09-16 02:48:19 CYCLE 2026-09-16 02:48:19 :: tg=0/0 fb=0/3 vk=0/0
2026-09-16 02:53:23 FAIL fb golos-banka-2026-09-13 :: PUBLISH golos-banka-2026-09-13 ...
FAIL golos-banka-2026-09-13 -> PAGE=319271621473482
FB_FAIL {"error":{"message":"(#100) 0 does not resolve to a valid user ID","type":"OAuthException","code":100,"fbtrace_id":"AuFZeUAZ_l4Zaj9cuBFjtp7"}}
DONE ok=0 skip=0 fail=1
2026-09-16 02:53:29 FAIL fb vybor-diktora-2026-09-14 :: PUBLISH vybor-diktora-2026-09-14 ...
FAIL vybor-diktora-2026-09-14 -> PAGE=319271621473482
FB_FAIL {"error":{"message":"(#100) 0 does not resolve to a valid user ID","type":"OAuthException","code":100,"fbtrace_id":"A5GePOhohC_oUTqoj_1_SWi"}}
DONE ok=0 skip=0 fail=1
2026-09-16 02:53:34 FAIL fb ozvuchka-video-2026-09-15 :: PUBLISH ozvuchka-video-2026-09-15 ...
FAIL ozvuchka-video-2026-09-15 -> PAGE=319271621473482
FB_FAIL {"error":{"message":"(#100) 0 does not resolve to a valid user ID","type":"OAuthException","code":100,"fbtrace_id":"ArL0D8Crs3QSKExq_4N03DL"}}
DONE ok=0 skip=0 fail=1
2026-09-16 02:53:36 PENDING ig (no IG token - run ig/ig-ensure-token.ps1)
2026-09-16 02:53:36 CYCLE 2026-09-16 02:53:36 :: tg=0/0 fb=0/3 vk=0/0
2026-09-16 02:58:40 FAIL fb golos-banka-2026-09-13 :: PUBLISH golos-banka-2026-09-13 ...
FAIL golos-banka-2026-09-13 -> PAGE=319271621473482
FB_FAIL {"error":{"message":"(#100) 0 does not resolve to a valid user ID","type":"OAuthException","code":100,"fbtrace_id":"ArWuvHwmnlZWHcXXvFTbqxe"}}
DONE ok=0 skip=0 fail=1
2026-09-16 02:58:46 FAIL fb vybor-diktora-2026-09-14 :: PUBLISH vybor-diktora-2026-09-14 ...
FAIL vybor-diktora-2026-09-14 -> PAGE=319271621473482
FB_FAIL {"error":{"message":"(#100) 0 does not resolve to a valid user ID","type":"OAuthException","code":100,"fbtrace_id":"ABuuGiqZjQlNMV0lPjk9HCU"}}
DONE ok=0 skip=0 fail=1
2026-09-16 02:58:52 FAIL fb ozvuchka-video-2026-09-15 :: PUBLISH ozvuchka-video-2026-09-15 ...
FAIL ozvuchka-video-2026-09-15 -> PAGE=319271621473482
FB_FAIL {"error":{"message":"(#100) 0 does not resolve to a valid user ID","type":"OAuthException","code":100,"fbtrace_id":"ARFrZUcFDSlnmGPWiQO221k"}}
DONE ok=0 skip=0 fail=1
2026-09-16 02:58:54 PENDING ig (no IG token - run ig/ig-ensure-token.ps1)
2026-09-16 02:58:54 CYCLE 2026-09-16 02:58:54 :: tg=0/0 fb=0/3 vk=0/0
2026-09-16 03:03:58 FAIL fb golos-banka-2026-09-13 :: PUBLISH golos-banka-2026-09-13 ...
FAIL golos-banka-2026-09-13 -> PAGE=319271621473482
FB_FAIL {"error":{"message":"(#100) 0 does not resolve to a valid user ID","type":"OAuthException","code":100,"fbtrace_id":"AbWU-_UZfLBf2BVwwXPb3td"}}
DONE ok=0 skip=0 fail=1
2026-09-16 03:04:04 FAIL fb vybor-diktora-2026-09-14 :: PUBLISH vybor-diktora-2026-09-14 ...
FAIL vybor-diktora-2026-09-14 -> PAGE=319271621473482
FB_FAIL {"error":{"message":"(#100) 0 does not resolve to a valid user ID","type":"OAuthException","code":100,"fbtrace_id":"AMJ3UUSFhPHbekkUVSkA3Kb"}}
DONE ok=0 skip=0 fail=1
2026-09-16 03:04:10 FAIL fb ozvuchka-video-2026-09-15 :: PUBLISH ozvuchka-video-2026-09-15 ...
FAIL ozvuchka-video-2026-09-15 -> PAGE=319271621473482
FB_FAIL {"error":{"message":"(#100) 0 does not resolve to a valid user ID","type":"OAuthException","code":100,"fbtrace_id":"Ar5C65ztUa-3ETS--T8v_1M"}}
DONE ok=0 skip=0 fail=1
2026-09-16 03:04:12 PENDING ig (no IG token - run ig/ig-ensure-token.ps1)
2026-09-16 03:04:12 CYCLE 2026-09-16 03:04:12 :: tg=0/0 fb=0/3 vk=0/0
2026-09-16 03:09:16 FAIL fb golos-banka-2026-09-13 :: PUBLISH golos-banka-2026-09-13 ...
FAIL golos-banka-2026-09-13 -> PAGE=319271621473482
FB_FAIL {"error":{"message":"(#100) 0 does not resolve to a valid user ID","type":"OAuthException","code":100,"fbtrace_id":"A4Hfx8SuzuGRmaznkrVVskw"}}
DONE ok=0 skip=0 fail=1
2026-09-16 03:09:21 FAIL fb vybor-diktora-2026-09-14 :: PUBLISH vybor-diktora-2026-09-14 ...
FAIL vybor-diktora-2026-09-14 -> PAGE=319271621473482
FB_FAIL {"error":{"message":"(#100) 0 does not resolve to a valid user ID","type":"OAuthException","code":100,"fbtrace_id":"A3T14hfkCSr3yyvrPSqmmGJ"}}
DONE ok=0 skip=0 fail=1
2026-09-16 03:09:27 FAIL fb ozvuchka-video-2026-09-15 :: PUBLISH ozvuchka-video-2026-09-15 ...
FAIL ozvuchka-video-2026-09-15 -> PAGE=319271621473482
FB_FAIL {"error":{"message":"(#100) 0 does not resolve to a valid user ID","type":"OAuthException","code":100,"fbtrace_id":"AV5pEJ9XvtjIb-1y8KUlrK0"}}
DONE ok=0 skip=0 fail=1
2026-09-16 03:09:29 PENDING ig (no IG token - run ig/ig-ensure-token.ps1)
2026-09-16 03:09:29 CYCLE 2026-09-16 03:09:29 :: tg=0/0 fb=0/3 vk=0/0
2026-09-16 03:14:33 FAIL fb golos-banka-2026-09-13 :: PUBLISH golos-banka-2026-09-13 ...
FAIL golos-banka-2026-09-13 -> PAGE=319271621473482
FB_FAIL {"error":{"message":"(#100) 0 does not resolve to a valid user ID","type":"OAuthException","code":100,"fbtrace_id":"AA5eyDkRqQD10sA3TW3cbhw"}}
DONE ok=0 skip=0 fail=1
2026-09-16 03:14:39 FAIL fb vybor-diktora-2026-09-14 :: PUBLISH vybor-diktora-2026-09-14 ...
FAIL vybor-diktora-2026-09-14 -> PAGE=319271621473482
FB_FAIL {"error":{"message":"(#100) 0 does not resolve to a valid user ID","type":"OAuthException","code":100,"fbtrace_id":"AYB18Q8JeHTP6R9nzmnh7-4"}}
DONE ok=0 skip=0 fail=1
2026-09-16 03:14:46 FAIL fb ozvuchka-video-2026-09-15 :: PUBLISH ozvuchka-video-2026-09-15 ...
FAIL ozvuchka-video-2026-09-15 -> PAGE=319271621473482
FB_FAIL {"error":{"message":"(#100) 0 does not resolve to a valid user ID","type":"OAuthException","code":100,"fbtrace_id":"Arto2e9mykSU9o_inmDg5Pq"}}
DONE ok=0 skip=0 fail=1
2026-09-16 03:14:48 PENDING ig (no IG token - run ig/ig-ensure-token.ps1)
2026-09-16 03:14:48 CYCLE 2026-09-16 03:14:48 :: tg=0/0 fb=0/3 vk=0/0
2026-09-16 03:19:52 FAIL fb golos-banka-2026-09-13 :: PUBLISH golos-banka-2026-09-13 ...
FAIL golos-banka-2026-09-13 -> PAGE=319271621473482
FB_FAIL {"error":{"message":"(#100) 0 does not resolve to a valid user ID","type":"OAuthException","code":100,"fbtrace_id":"AzafhXYaEcov-azIcrgZeR7"}}
DONE ok=0 skip=0 fail=1
2026-09-16 03:19:58 FAIL fb vybor-diktora-2026-09-14 :: PUBLISH vybor-diktora-2026-09-14 ...
FAIL vybor-diktora-2026-09-14 -> PAGE=319271621473482
FB_FAIL {"error":{"message":"(#100) 0 does not resolve to a valid user ID","type":"OAuthException","code":100,"fbtrace_id":"AyxT1G2eI11239VhNSrKMyp"}}
DONE ok=0 skip=0 fail=1
2026-09-16 03:20:03 FAIL fb ozvuchka-video-2026-09-15 :: PUBLISH ozvuchka-video-2026-09-15 ...
FAIL ozvuchka-video-2026-09-15 -> PAGE=319271621473482
FB_FAIL {"error":{"message":"(#100) 0 does not resolve to a valid user ID","type":"OAuthException","code":100,"fbtrace_id":"A0gujnRofzNcbwDi9KFTasg"}}
DONE ok=0 skip=0 fail=1
2026-09-16 03:20:05 PENDING ig (no IG token - run ig/ig-ensure-token.ps1)
2026-09-16 03:20:05 CYCLE 2026-09-16 03:20:05 :: tg=0/0 fb=0/3 vk=0/0
2026-09-16 03:25:09 FAIL fb golos-banka-2026-09-13 :: PUBLISH golos-banka-2026-09-13 ...
FAIL golos-banka-2026-09-13 -> PAGE=319271621473482
FB_FAIL {"error":{"message":"(#100) 0 does not resolve to a valid user ID","type":"OAuthException","code":100,"fbtrace_id":"AQ9-3yhEa-k-Cmv8UETWXs4"}}
DONE ok=0 skip=0 fail=1
2026-09-16 03:25:15 FAIL fb vybor-diktora-2026-09-14 :: PUBLISH vybor-diktora-2026-09-14 ...
FAIL vybor-diktora-2026-09-14 -> PAGE=319271621473482
FB_FAIL {"error":{"message":"(#100) 0 does not resolve to a valid user ID","type":"OAuthException","code":100,"fbtrace_id":"AYmWpQF-0Jbq_T_E9tROre7"}}
DONE ok=0 skip=0 fail=1
2026-09-16 03:25:21 FAIL fb ozvuchka-video-2026-09-15 :: PUBLISH ozvuchka-video-2026-09-15 ...
FAIL ozvuchka-video-2026-09-15 -> PAGE=319271621473482
FB_FAIL {"error":{"message":"(#100) 0 does not resolve to a valid user ID","type":"OAuthException","code":100,"fbtrace_id":"AbcRc4z9_dtR5VEur7TN2sU"}}
DONE ok=0 skip=0 fail=1
2026-09-16 03:25:23 PENDING ig (no IG token - run ig/ig-ensure-token.ps1)
2026-09-16 03:25:23 CYCLE 2026-09-16 03:25:23 :: tg=0/0 fb=0/3 vk=0/0
2026-09-16 03:30:27 FAIL fb golos-banka-2026-09-13 :: PUBLISH golos-banka-2026-09-13 ...
FAIL golos-banka-2026-09-13 -> PAGE=319271621473482
FB_FAIL {"error":{"message":"(#100) 0 does not resolve to a valid user ID","type":"OAuthException","code":100,"fbtrace_id":"AldCfq-TVvhIV16RRMKDPL3"}}
DONE ok=0 skip=0 fail=1
2026-09-16 03:30:33 FAIL fb vybor-diktora-2026-09-14 :: PUBLISH vybor-diktora-2026-09-14 ...
FAIL vybor-diktora-2026-09-14 -> PAGE=319271621473482
FB_FAIL {"error":{"message":"(#100) 0 does not resolve to a valid user ID","type":"OAuthException","code":100,"fbtrace_id":"AW_Ogj4gKZDMGoJA6ZH_yEH"}}
DONE ok=0 skip=0 fail=1
2026-09-16 03:30:39 FAIL fb ozvuchka-video-2026-09-15 :: PUBLISH ozvuchka-video-2026-09-15 ...
FAIL ozvuchka-video-2026-09-15 -> PAGE=319271621473482
FB_FAIL {"error":{"message":"(#100) 0 does not resolve to a valid user ID","type":"OAuthException","code":100,"fbtrace_id":"APBbAPGdIgO01zEtXwSirb-"}}
DONE ok=0 skip=0 fail=1
2026-09-16 03:30:41 PENDING ig (no IG token - run ig/ig-ensure-token.ps1)
2026-09-16 03:30:41 CYCLE 2026-09-16 03:30:41 :: tg=0/0 fb=0/3 vk=0/0
2026-09-16 03:35:44 FAIL fb golos-banka-2026-09-13 :: PUBLISH golos-banka-2026-09-13 ...
FAIL golos-banka-2026-09-13 -> PAGE=319271621473482
FB_FAIL {"error":{"message":"(#100) 0 does not resolve to a valid user ID","type":"OAuthException","code":100,"fbtrace_id":"AsmBWwWHTrWq0X_sLzEe_WA"}}
DONE ok=0 skip=0 fail=1
2026-09-16 03:35:50 FAIL fb vybor-diktora-2026-09-14 :: PUBLISH vybor-diktora-2026-09-14 ...
FAIL vybor-diktora-2026-09-14 -> PAGE=319271621473482
FB_FAIL {"error":{"message":"(#100) 0 does not resolve to a valid user ID","type":"OAuthException","code":100,"fbtrace_id":"ApDoZukFw9LxRxv14DDglnA"}}
DONE ok=0 skip=0 fail=1
2026-09-16 03:35:56 FAIL fb ozvuchka-video-2026-09-15 :: PUBLISH ozvuchka-video-2026-09-15 ...
FAIL ozvuchka-video-2026-09-15 -> PAGE=319271621473482
FB_FAIL {"error":{"message":"(#100) 0 does not resolve to a valid user ID","type":"OAuthException","code":100,"fbtrace_id":"A2NYMzj6FZFTDP6SP-xWfSy"}}
DONE ok=0 skip=0 fail=1
2026-09-16 03:35:58 PENDING ig (no IG token - run ig/ig-ensure-token.ps1)
2026-09-16 03:35:58 CYCLE 2026-09-16 03:35:58 :: tg=0/0 fb=0/3 vk=0/0
2026-09-16 03:41:02 FAIL fb golos-banka-2026-09-13 :: PUBLISH golos-banka-2026-09-13 ...
FAIL golos-banka-2026-09-13 -> PAGE=319271621473482
FB_FAIL {"error":{"message":"(#100) 0 does not resolve to a valid user ID","type":"OAuthException","code":100,"fbtrace_id":"APtXIFv1FkB1NBDVFim7Cfd"}}
DONE ok=0 skip=0 fail=1
2026-09-16 03:41:08 FAIL fb vybor-diktora-2026-09-14 :: PUBLISH vybor-diktora-2026-09-14 ...
FAIL vybor-diktora-2026-09-14 -> PAGE=319271621473482
FB_FAIL {"error":{"message":"(#100) 0 does not resolve to a valid user ID","type":"OAuthException","code":100,"fbtrace_id":"AbgznxTcZQRdhwDGsCks97Q"}}
DONE ok=0 skip=0 fail=1
2026-09-16 03:41:14 FAIL fb ozvuchka-video-2026-09-15 :: PUBLISH ozvuchka-video-2026-09-15 ...
FAIL ozvuchka-video-2026-09-15 -> PAGE=319271621473482
FB_FAIL {"error":{"message":"(#100) 0 does not resolve to a valid user ID","type":"OAuthException","code":100,"fbtrace_id":"AtfLgjRAB8SC83t0WUbZULE"}}
DONE ok=0 skip=0 fail=1
2026-09-16 03:41:16 PENDING ig (no IG token - run ig/ig-ensure-token.ps1)
2026-09-16 03:41:16 CYCLE 2026-09-16 03:41:16 :: tg=0/0 fb=0/3 vk=0/0
2026-09-16 03:46:20 FAIL fb golos-banka-2026-09-13 :: PUBLISH golos-banka-2026-09-13 ...
FAIL golos-banka-2026-09-13 -> PAGE=319271621473482
FB_FAIL {"error":{"message":"(#100) 0 does not resolve to a valid user ID","type":"OAuthException","code":100,"fbtrace_id":"AtEiP7o6svP3kNxp9Y3VRUJ"}}
DONE ok=0 skip=0 fail=1
2026-09-16 03:46:26 FAIL fb vybor-diktora-2026-09-14 :: PUBLISH vybor-diktora-2026-09-14 ...
FAIL vybor-diktora-2026-09-14 -> PAGE=319271621473482
FB_FAIL {"error":{"message":"(#100) 0 does not resolve to a valid user ID","type":"OAuthException","code":100,"fbtrace_id":"A6Gr6ztQMD8dh0znx9v6RsS"}}
DONE ok=0 skip=0 fail=1
2026-09-16 03:46:31 FAIL fb ozvuchka-video-2026-09-15 :: PUBLISH ozvuchka-video-2026-09-15 ...
FAIL ozvuchka-video-2026-09-15 -> PAGE=319271621473482
FB_FAIL {"error":{"message":"(#100) 0 does not resolve to a valid user ID","type":"OAuthException","code":100,"fbtrace_id":"AmK0e8hDcyZccayyE11TGIe"}}
DONE ok=0 skip=0 fail=1
2026-09-16 03:46:33 PENDING ig (no IG token - run ig/ig-ensure-token.ps1)
2026-09-16 03:46:33 CYCLE 2026-09-16 03:46:33 :: tg=0/0 fb=0/3 vk=0/0
2026-09-16 03:51:37 FAIL fb golos-banka-2026-09-13 :: PUBLISH golos-banka-2026-09-13 ...
FAIL golos-banka-2026-09-13 -> PAGE=319271621473482
FB_FAIL {"error":{"message":"(#100) 0 does not resolve to a valid user ID","type":"OAuthException","code":100,"fbtrace_id":"AbJRl1Xkb04ZWUuqtsqNNQR"}}
DONE ok=0 skip=0 fail=1
2026-09-16 03:51:43 FAIL fb vybor-diktora-2026-09-14 :: PUBLISH vybor-diktora-2026-09-14 ...
FAIL vybor-diktora-2026-09-14 -> PAGE=319271621473482
FB_FAIL {"error":{"message":"(#100) 0 does not resolve to a valid user ID","type":"OAuthException","code":100,"fbtrace_id":"AJHZRQkboUd8GCJhLWlYQtN"}}
DONE ok=0 skip=0 fail=1
2026-09-16 03:51:49 FAIL fb ozvuchka-video-2026-09-15 :: PUBLISH ozvuchka-video-2026-09-15 ...
FAIL ozvuchka-video-2026-09-15 -> PAGE=319271621473482
FB_FAIL {"error":{"message":"(#100) 0 does not resolve to a valid user ID","type":"OAuthException","code":100,"fbtrace_id":"AV_MkvaChyWI2J-qKRMFVKX"}}
DONE ok=0 skip=0 fail=1
2026-09-16 03:51:51 PENDING ig (no IG token - run ig/ig-ensure-token.ps1)
2026-09-16 03:51:51 CYCLE 2026-09-16 03:51:51 :: tg=0/0 fb=0/3 vk=0/0
2026-09-16 03:56:55 FAIL fb golos-banka-2026-09-13 :: PUBLISH golos-banka-2026-09-13 ...
FAIL golos-banka-2026-09-13 -> PAGE=319271621473482
FB_FAIL {"error":{"message":"(#100) 0 does not resolve to a valid user ID","type":"OAuthException","code":100,"fbtrace_id":"ApD85tqbkZjf3TckUVS8NJr"}}
DONE ok=0 skip=0 fail=1
2026-09-16 03:57:01 FAIL fb vybor-diktora-2026-09-14 :: PUBLISH vybor-diktora-2026-09-14 ...
FAIL vybor-diktora-2026-09-14 -> PAGE=319271621473482
FB_FAIL {"error":{"message":"(#100) 0 does not resolve to a valid user ID","type":"OAuthException","code":100,"fbtrace_id":"A7DCCRfx-3JF_5OWz1t2VUA"}}
DONE ok=0 skip=0 fail=1
2026-09-16 03:57:07 FAIL fb ozvuchka-video-2026-09-15 :: PUBLISH ozvuchka-video-2026-09-15 ...
FAIL ozvuchka-video-2026-09-15 -> PAGE=319271621473482
FB_FAIL {"error":{"message":"(#100) 0 does not resolve to a valid user ID","type":"OAuthException","code":100,"fbtrace_id":"A6_fG1v-9Y-S2cMZHnnLzIV"}}
DONE ok=0 skip=0 fail=1
2026-09-16 03:57:09 PENDING ig (no IG token - run ig/ig-ensure-token.ps1)
2026-09-16 03:57:09 CYCLE 2026-09-16 03:57:09 :: tg=0/0 fb=0/3 vk=0/0
2026-09-16 04:02:12 FAIL fb golos-banka-2026-09-13 :: PUBLISH golos-banka-2026-09-13 ...
FAIL golos-banka-2026-09-13 -> PAGE=319271621473482
FB_FAIL {"error":{"message":"(#100) 0 does not resolve to a valid user ID","type":"OAuthException","code":100,"fbtrace_id":"AcVxAachWrclUQiPO70gBTi"}}
DONE ok=0 skip=0 fail=1
2026-09-16 04:02:18 FAIL fb vybor-diktora-2026-09-14 :: PUBLISH vybor-diktora-2026-09-14 ...
FAIL vybor-diktora-2026-09-14 -> PAGE=319271621473482
FB_FAIL {"error":{"message":"(#100) 0 does not resolve to a valid user ID","type":"OAuthException","code":100,"fbtrace_id":"AnNvktvZ0wnZPIytzT2zdJt"}}
DONE ok=0 skip=0 fail=1
2026-09-16 04:02:24 FAIL fb ozvuchka-video-2026-09-15 :: PUBLISH ozvuchka-video-2026-09-15 ...
FAIL ozvuchka-video-2026-09-15 -> PAGE=319271621473482
FB_FAIL {"error":{"message":"(#100) 0 does not resolve to a valid user ID","type":"OAuthException","code":100,"fbtrace_id":"Am7WCineyNpaWRILUfMcbBe"}}
DONE ok=0 skip=0 fail=1
2026-09-16 04:02:26 PENDING ig (no IG token - run ig/ig-ensure-token.ps1)
2026-09-16 04:02:26 CYCLE 2026-09-16 04:02:26 :: tg=0/0 fb=0/3 vk=0/0
2026-09-16 04:07:30 FAIL fb golos-banka-2026-09-13 :: PUBLISH golos-banka-2026-09-13 ...
FAIL golos-banka-2026-09-13 -> PAGE=319271621473482
FB_FAIL {"error":{"message":"(#100) 0 does not resolve to a valid user ID","type":"OAuthException","code":100,"fbtrace_id":"AA-0iQrgOmNG6oKtDGMenrN"}}
DONE ok=0 skip=0 fail=1
2026-09-16 04:07:36 FAIL fb vybor-diktora-2026-09-14 :: PUBLISH vybor-diktora-2026-09-14 ...
FAIL vybor-diktora-2026-09-14 -> PAGE=319271621473482
FB_FAIL {"error":{"message":"(#100) 0 does not resolve to a valid user ID","type":"OAuthException","code":100,"fbtrace_id":"AXUEDQjdRamIL09o9m1PWxH"}}
DONE ok=0 skip=0 fail=1
2026-09-16 04:07:42 FAIL fb ozvuchka-video-2026-09-15 :: PUBLISH ozvuchka-video-2026-09-15 ...
FAIL ozvuchka-video-2026-09-15 -> PAGE=319271621473482
FB_FAIL {"error":{"message":"(#100) 0 does not resolve to a valid user ID","type":"OAuthException","code":100,"fbtrace_id":"Azzj_FsM7NxpefbAvmdkd7o"}}
DONE ok=0 skip=0 fail=1
2026-09-16 04:07:44 PENDING ig (no IG token - run ig/ig-ensure-token.ps1)
2026-09-16 04:07:44 CYCLE 2026-09-16 04:07:44 :: tg=0/0 fb=0/3 vk=0/0
2026-09-16 04:12:48 FAIL fb golos-banka-2026-09-13 :: PUBLISH golos-banka-2026-09-13 ...
FAIL golos-banka-2026-09-13 -> PAGE=319271621473482
FB_FAIL {"error":{"message":"(#100) 0 does not resolve to a valid user ID","type":"OAuthException","code":100,"fbtrace_id":"AoD4hO6TfKw7Y7FoLgFGzN9"}}
DONE ok=0 skip=0 fail=1
2026-09-16 04:12:54 FAIL fb vybor-diktora-2026-09-14 :: PUBLISH vybor-diktora-2026-09-14 ...
FAIL vybor-diktora-2026-09-14 -> PAGE=319271621473482
FB_FAIL {"error":{"message":"(#100) 0 does not resolve to a valid user ID","type":"OAuthException","code":100,"fbtrace_id":"Aioa31vtWtdGBiOiFWGhIc9"}}
DONE ok=0 skip=0 fail=1
2026-09-16 04:12:59 FAIL fb ozvuchka-video-2026-09-15 :: PUBLISH ozvuchka-video-2026-09-15 ...
FAIL ozvuchka-video-2026-09-15 -> PAGE=319271621473482
FB_FAIL {"error":{"message":"(#100) 0 does not resolve to a valid user ID","type":"OAuthException","code":100,"fbtrace_id":"AviB7sA6FWa-kH2ItparoH8"}}
DONE ok=0 skip=0 fail=1
2026-09-16 04:13:01 PENDING ig (no IG token - run ig/ig-ensure-token.ps1)
2026-09-16 04:13:01 CYCLE 2026-09-16 04:13:01 :: tg=0/0 fb=0/3 vk=0/0
2026-09-16 04:18:05 FAIL fb golos-banka-2026-09-13 :: PUBLISH golos-banka-2026-09-13 ...
FAIL golos-banka-2026-09-13 -> PAGE=319271621473482
FB_FAIL {"error":{"message":"(#100) 0 does not resolve to a valid user ID","type":"OAuthException","code":100,"fbtrace_id":"AlLefe0Z3rNA0YkwF-hko50"}}
DONE ok=0 skip=0 fail=1
2026-09-16 04:18:11 FAIL fb vybor-diktora-2026-09-14 :: PUBLISH vybor-diktora-2026-09-14 ...
FAIL vybor-diktora-2026-09-14 -> PAGE=319271621473482
FB_FAIL {"error":{"message":"(#100) 0 does not resolve to a valid user ID","type":"OAuthException","code":100,"fbtrace_id":"AvAg3GX_eWtSSE0nYfrvTaE"}}
DONE ok=0 skip=0 fail=1
2026-09-16 04:18:17 FAIL fb ozvuchka-video-2026-09-15 :: PUBLISH ozvuchka-video-2026-09-15 ...
FAIL ozvuchka-video-2026-09-15 -> PAGE=319271621473482
FB_FAIL {"error":{"message":"(#100) 0 does not resolve to a valid user ID","type":"OAuthException","code":100,"fbtrace_id":"A59UWAPe_JqP1htj5tzvVcD"}}
DONE ok=0 skip=0 fail=1
2026-09-16 04:18:19 PENDING ig (no IG token - run ig/ig-ensure-token.ps1)
2026-09-16 04:18:19 CYCLE 2026-09-16 04:18:19 :: tg=0/0 fb=0/3 vk=0/0
2026-09-16 04:23:23 FAIL fb golos-banka-2026-09-13 :: PUBLISH golos-banka-2026-09-13 ...
FAIL golos-banka-2026-09-13 -> PAGE=319271621473482
FB_FAIL {"error":{"message":"(#100) 0 does not resolve to a valid user ID","type":"OAuthException","code":100,"fbtrace_id":"AFbyi7eCYN8IHHKA-G05gS6"}}
DONE ok=0 skip=0 fail=1
2026-09-16 04:23:29 FAIL fb vybor-diktora-2026-09-14 :: PUBLISH vybor-diktora-2026-09-14 ...
FAIL vybor-diktora-2026-09-14 -> PAGE=319271621473482
FB_FAIL {"error":{"message":"(#100) 0 does not resolve to a valid user ID","type":"OAuthException","code":100,"fbtrace_id":"AfoE2-dKd8XOvs1hcscfj56"}}
DONE ok=0 skip=0 fail=1
2026-09-16 04:23:35 FAIL fb ozvuchka-video-2026-09-15 :: PUBLISH ozvuchka-video-2026-09-15 ...
FAIL ozvuchka-video-2026-09-15 -> PAGE=319271621473482
FB_FAIL {"error":{"message":"(#100) 0 does not resolve to a valid user ID","type":"OAuthException","code":100,"fbtrace_id":"AcIYVjTOQHCj5I_DlbGZZ3W"}}
DONE ok=0 skip=0 fail=1
2026-09-16 04:23:37 PENDING ig (no IG token - run ig/ig-ensure-token.ps1)
2026-09-16 04:23:37 CYCLE 2026-09-16 04:23:37 :: tg=0/0 fb=0/3 vk=0/0
2026-09-16 04:28:41 FAIL fb golos-banka-2026-09-13 :: PUBLISH golos-banka-2026-09-13 ...
FAIL golos-banka-2026-09-13 -> PAGE=319271621473482
FB_FAIL {"error":{"message":"(#100) 0 does not resolve to a valid user ID","type":"OAuthException","code":100,"fbtrace_id":"AJT9hHCd0KzFnJalNlI2_Vg"}}
DONE ok=0 skip=0 fail=1
2026-09-16 04:28:46 FAIL fb vybor-diktora-2026-09-14 :: PUBLISH vybor-diktora-2026-09-14 ...
FAIL vybor-diktora-2026-09-14 -> PAGE=319271621473482
FB_FAIL {"error":{"message":"(#100) 0 does not resolve to a valid user ID","type":"OAuthException","code":100,"fbtrace_id":"AEt8jwM0hnxwY2CQOrNCajT"}}
DONE ok=0 skip=0 fail=1
2026-09-16 04:28:52 FAIL fb ozvuchka-video-2026-09-15 :: PUBLISH ozvuchka-video-2026-09-15 ...
FAIL ozvuchka-video-2026-09-15 -> PAGE=319271621473482
FB_FAIL {"error":{"message":"(#100) 0 does not resolve to a valid user ID","type":"OAuthException","code":100,"fbtrace_id":"Ad2hZx9vG1ut2_-mxWqjW97"}}
DONE ok=0 skip=0 fail=1
2026-09-16 04:28:54 PENDING ig (no IG token - run ig/ig-ensure-token.ps1)
2026-09-16 04:28:54 CYCLE 2026-09-16 04:28:54 :: tg=0/0 fb=0/3 vk=0/0
2026-09-16 04:33:58 FAIL fb golos-banka-2026-09-13 :: PUBLISH golos-banka-2026-09-13 ...
FAIL golos-banka-2026-09-13 -> PAGE=319271621473482
FB_FAIL {"error":{"message":"(#100) 0 does not resolve to a valid user ID","type":"OAuthException","code":100,"fbtrace_id":"AuZ1hoa4pIXnqgdg6e4Abxp"}}
DONE ok=0 skip=0 fail=1
2026-09-16 04:34:04 FAIL fb vybor-diktora-2026-09-14 :: PUBLISH vybor-diktora-2026-09-14 ...
FAIL vybor-diktora-2026-09-14 -> PAGE=319271621473482
FB_FAIL {"error":{"message":"(#100) 0 does not resolve to a valid user ID","type":"OAuthException","code":100,"fbtrace_id":"AL2WirNx4TGXEgV8DxlQ4Ls"}}
DONE ok=0 skip=0 fail=1
2026-09-16 04:34:10 FAIL fb ozvuchka-video-2026-09-15 :: PUBLISH ozvuchka-video-2026-09-15 ...
FAIL ozvuchka-video-2026-09-15 -> PAGE=319271621473482
FB_FAIL {"error":{"message":"(#100) 0 does not resolve to a valid user ID","type":"OAuthException","code":100,"fbtrace_id":"AZjWwU4oJi6R50OAVXf6UMr"}}
DONE ok=0 skip=0 fail=1
2026-09-16 04:34:12 PENDING ig (no IG token - run ig/ig-ensure-token.ps1)
2026-09-16 04:34:12 CYCLE 2026-09-16 04:34:12 :: tg=0/0 fb=0/3 vk=0/0
2026-09-16 04:39:17 FAIL fb golos-banka-2026-09-13 :: PUBLISH golos-banka-2026-09-13 ...
FAIL golos-banka-2026-09-13 -> PAGE=319271621473482
FB_FAIL {"error":{"message":"(#100) 0 does not resolve to a valid user ID","type":"OAuthException","code":100,"fbtrace_id":"A9V-K30wh4BGl-GkJ3kxxnn"}}
DONE ok=0 skip=0 fail=1
2026-09-16 04:39:23 FAIL fb vybor-diktora-2026-09-14 :: PUBLISH vybor-diktora-2026-09-14 ...
FAIL vybor-diktora-2026-09-14 -> PAGE=319271621473482
FB_FAIL {"error":{"message":"(#100) 0 does not resolve to a valid user ID","type":"OAuthException","code":100,"fbtrace_id":"Aqoheq9R5aOJfpl7mMFGhgH"}}
DONE ok=0 skip=0 fail=1
2026-09-16 04:39:29 FAIL fb ozvuchka-video-2026-09-15 :: PUBLISH ozvuchka-video-2026-09-15 ...
FAIL ozvuchka-video-2026-09-15 -> PAGE=319271621473482
FB_FAIL {"error":{"message":"(#100) 0 does not resolve to a valid user ID","type":"OAuthException","code":100,"fbtrace_id":"Auwpw36ksJITbEBCz37DiWC"}}
DONE ok=0 skip=0 fail=1
2026-09-16 04:39:31 PENDING ig (no IG token - run ig/ig-ensure-token.ps1)
2026-09-16 04:39:31 CYCLE 2026-09-16 04:39:31 :: tg=0/0 fb=0/3 vk=0/0
2026-09-16 04:44:34 FAIL fb golos-banka-2026-09-13 :: PUBLISH golos-banka-2026-09-13 ...
FAIL golos-banka-2026-09-13 -> PAGE=319271621473482
FB_FAIL {"error":{"message":"(#100) 0 does not resolve to a valid user ID","type":"OAuthException","code":100,"fbtrace_id":"Ait9dDNrV84rHj4NeXrEqkG"}}
DONE ok=0 skip=0 fail=1
2026-09-16 04:44:40 FAIL fb vybor-diktora-2026-09-14 :: PUBLISH vybor-diktora-2026-09-14 ...
FAIL vybor-diktora-2026-09-14 -> PAGE=319271621473482
FB_FAIL {"error":{"message":"(#100) 0 does not resolve to a valid user ID","type":"OAuthException","code":100,"fbtrace_id":"AH5d-hTWzLF78NMmrvlAorC"}}
DONE ok=0 skip=0 fail=1
2026-09-16 04:44:46 FAIL fb ozvuchka-video-2026-09-15 :: PUBLISH ozvuchka-video-2026-09-15 ...
FAIL ozvuchka-video-2026-09-15 -> PAGE=319271621473482
FB_FAIL {"error":{"message":"(#100) 0 does not resolve to a valid user ID","type":"OAuthException","code":100,"fbtrace_id":"Ay8uL9dxJVdPtGO3qzgdUFn"}}
DONE ok=0 skip=0 fail=1
2026-09-16 04:44:48 PENDING ig (no IG token - run ig/ig-ensure-token.ps1)
2026-09-16 04:44:48 CYCLE 2026-09-16 04:44:48 :: tg=0/0 fb=0/3 vk=0/0
2026-09-16 04:49:52 FAIL fb golos-banka-2026-09-13 :: PUBLISH golos-banka-2026-09-13 ...
FAIL golos-banka-2026-09-13 -> PAGE=319271621473482
FB_FAIL {"error":{"message":"(#100) 0 does not resolve to a valid user ID","type":"OAuthException","code":100,"fbtrace_id":"AZ-M7rL77aH2BZ0znYwSoUx"}}
DONE ok=0 skip=0 fail=1
2026-09-16 04:49:58 FAIL fb vybor-diktora-2026-09-14 :: PUBLISH vybor-diktora-2026-09-14 ...
FAIL vybor-diktora-2026-09-14 -> PAGE=319271621473482
FB_FAIL {"error":{"message":"(#100) 0 does not resolve to a valid user ID","type":"OAuthException","code":100,"fbtrace_id":"AFjZpoI6-SrgxWpPi21yZMq"}}
DONE ok=0 skip=0 fail=1
2026-09-16 04:50:04 FAIL fb ozvuchka-video-2026-09-15 :: PUBLISH ozvuchka-video-2026-09-15 ...
FAIL ozvuchka-video-2026-09-15 -> PAGE=319271621473482
FB_FAIL {"error":{"message":"(#100) 0 does not resolve to a valid user ID","type":"OAuthException","code":100,"fbtrace_id":"ArX93p7ZKDFcfP7hQJOYFXC"}}
DONE ok=0 skip=0 fail=1
2026-09-16 04:50:06 PENDING ig (no IG token - run ig/ig-ensure-token.ps1)
2026-09-16 04:50:06 CYCLE 2026-09-16 04:50:06 :: tg=0/0 fb=0/3 vk=0/0
2026-09-16 04:55:10 FAIL fb golos-banka-2026-09-13 :: PUBLISH golos-banka-2026-09-13 ...
FAIL golos-banka-2026-09-13 -> PAGE=319271621473482
FB_FAIL {"error":{"message":"(#100) 0 does not resolve to a valid user ID","type":"OAuthException","code":100,"fbtrace_id":"AtrPm3-JluSRnzH0xGu2tjO"}}
DONE ok=0 skip=0 fail=1
2026-09-16 04:55:15 FAIL fb vybor-diktora-2026-09-14 :: PUBLISH vybor-diktora-2026-09-14 ...
FAIL vybor-diktora-2026-09-14 -> PAGE=319271621473482
FB_FAIL {"error":{"message":"(#100) 0 does not resolve to a valid user ID","type":"OAuthException","code":100,"fbtrace_id":"AbNiC1JsTY1nwEod7dMbJbU"}}
DONE ok=0 skip=0 fail=1
2026-09-16 04:55:21 FAIL fb ozvuchka-video-2026-09-15 :: PUBLISH ozvuchka-video-2026-09-15 ...
FAIL ozvuchka-video-2026-09-15 -> PAGE=319271621473482
FB_FAIL {"error":{"message":"(#100) 0 does not resolve to a valid user ID","type":"OAuthException","code":100,"fbtrace_id":"A7uW0AYww1MnEl_Mmch7j85"}}
DONE ok=0 skip=0 fail=1
2026-09-16 04:55:23 PENDING ig (no IG token - run ig/ig-ensure-token.ps1)
2026-09-16 04:55:23 CYCLE 2026-09-16 04:55:23 :: tg=0/0 fb=0/3 vk=0/0
2026-09-16 05:00:27 FAIL fb golos-banka-2026-09-13 :: PUBLISH golos-banka-2026-09-13 ...
FAIL golos-banka-2026-09-13 -> PAGE=319271621473482
FB_FAIL {"error":{"message":"(#100) 0 does not resolve to a valid user ID","type":"OAuthException","code":100,"fbtrace_id":"AkkNTYkZ8i_fnDGT22suJ3h"}}
DONE ok=0 skip=0 fail=1
2026-09-16 05:00:33 FAIL fb vybor-diktora-2026-09-14 :: PUBLISH vybor-diktora-2026-09-14 ...
FAIL vybor-diktora-2026-09-14 -> PAGE=319271621473482
FB_FAIL {"error":{"message":"(#100) 0 does not resolve to a valid user ID","type":"OAuthException","code":100,"fbtrace_id":"AFinVzAUIGP3tLyzaQLLqxL"}}
DONE ok=0 skip=0 fail=1
2026-09-16 05:00:39 FAIL fb ozvuchka-video-2026-09-15 :: PUBLISH ozvuchka-video-2026-09-15 ...
FAIL ozvuchka-video-2026-09-15 -> PAGE=319271621473482
FB_FAIL {"error":{"message":"(#100) 0 does not resolve to a valid user ID","type":"OAuthException","code":100,"fbtrace_id":"AJtEXeaGmkdM3temv0ONzkQ"}}
DONE ok=0 skip=0 fail=1
2026-09-16 05:00:41 PENDING ig (no IG token - run ig/ig-ensure-token.ps1)
2026-09-16 05:00:41 CYCLE 2026-09-16 05:00:41 :: tg=0/0 fb=0/3 vk=0/0
2026-09-16 05:05:45 FAIL fb golos-banka-2026-09-13 :: PUBLISH golos-banka-2026-09-13 ...
FAIL golos-banka-2026-09-13 -> PAGE=319271621473482
FB_FAIL {"error":{"message":"(#100) 0 does not resolve to a valid user ID","type":"OAuthException","code":100,"fbtrace_id":"A1G3b7H2D7sWspH73kKus4S"}}
DONE ok=0 skip=0 fail=1
2026-09-16 05:05:51 FAIL fb vybor-diktora-2026-09-14 :: PUBLISH vybor-diktora-2026-09-14 ...
FAIL vybor-diktora-2026-09-14 -> PAGE=319271621473482
FB_FAIL {"error":{"message":"(#100) 0 does not resolve to a valid user ID","type":"OAuthException","code":100,"fbtrace_id":"A2Y3qgY4_GqU9WtE5CpUS-g"}}
DONE ok=0 skip=0 fail=1
2026-09-16 05:05:57 FAIL fb ozvuchka-video-2026-09-15 :: PUBLISH ozvuchka-video-2026-09-15 ...
FAIL ozvuchka-video-2026-09-15 -> PAGE=319271621473482
FB_FAIL {"error":{"message":"(#100) 0 does not resolve to a valid user ID","type":"OAuthException","code":100,"fbtrace_id":"AbxUgdQDwVzkHGcIj24p6wk"}}
DONE ok=0 skip=0 fail=1
2026-09-16 05:05:59 PENDING ig (no IG token - run ig/ig-ensure-token.ps1)
2026-09-16 05:05:59 CYCLE 2026-09-16 05:05:59 :: tg=0/0 fb=0/3 vk=0/0
2026-09-16 05:11:03 FAIL fb golos-banka-2026-09-13 :: PUBLISH golos-banka-2026-09-13 ...
FAIL golos-banka-2026-09-13 -> PAGE=319271621473482
FB_FAIL {"error":{"message":"(#100) 0 does not resolve to a valid user ID","type":"OAuthException","code":100,"fbtrace_id":"A2lvlyCry53pwAvX7XaRV_Q"}}
DONE ok=0 skip=0 fail=1
2026-09-16 05:11:08 FAIL fb vybor-diktora-2026-09-14 :: PUBLISH vybor-diktora-2026-09-14 ...
FAIL vybor-diktora-2026-09-14 -> PAGE=319271621473482
FB_FAIL {"error":{"message":"(#100) 0 does not resolve to a valid user ID","type":"OAuthException","code":100,"fbtrace_id":"A4FwyYmWlk5hnVNHj4rZbIx"}}
DONE ok=0 skip=0 fail=1
2026-09-16 05:11:14 FAIL fb ozvuchka-video-2026-09-15 :: PUBLISH ozvuchka-video-2026-09-15 ...
FAIL ozvuchka-video-2026-09-15 -> PAGE=319271621473482
FB_FAIL {"error":{"message":"(#100) 0 does not resolve to a valid user ID","type":"OAuthException","code":100,"fbtrace_id":"ABXUGpMwG7ybyBg1djnY0Zx"}}
DONE ok=0 skip=0 fail=1
2026-09-16 05:11:16 PENDING ig (no IG token - run ig/ig-ensure-token.ps1)
2026-09-16 05:11:16 CYCLE 2026-09-16 05:11:16 :: tg=0/0 fb=0/3 vk=0/0
2026-09-16 05:16:20 FAIL fb golos-banka-2026-09-13 :: PUBLISH golos-banka-2026-09-13 ...
FAIL golos-banka-2026-09-13 -> PAGE=319271621473482
FB_FAIL {"error":{"message":"(#100) 0 does not resolve to a valid user ID","type":"OAuthException","code":100,"fbtrace_id":"ApeeWQAr_rkZ-tnMhfzdbNN"}}
DONE ok=0 skip=0 fail=1
2026-09-16 05:16:26 FAIL fb vybor-diktora-2026-09-14 :: PUBLISH vybor-diktora-2026-09-14 ...
FAIL vybor-diktora-2026-09-14 -> PAGE=319271621473482
FB_FAIL {"error":{"message":"(#100) 0 does not resolve to a valid user ID","type":"OAuthException","code":100,"fbtrace_id":"ASe-YXghzp4OAAJTFElIb2S"}}
DONE ok=0 skip=0 fail=1
2026-09-16 05:16:32 FAIL fb ozvuchka-video-2026-09-15 :: PUBLISH ozvuchka-video-2026-09-15 ...
FAIL ozvuchka-video-2026-09-15 -> PAGE=319271621473482
FB_FAIL {"error":{"message":"(#100) 0 does not resolve to a valid user ID","type":"OAuthException","code":100,"fbtrace_id":"AUPt1jFYl5Ha8LwRmtbc5rv"}}
DONE ok=0 skip=0 fail=1
2026-09-16 05:16:34 PENDING ig (no IG token - run ig/ig-ensure-token.ps1)
2026-09-16 05:16:34 CYCLE 2026-09-16 05:16:34 :: tg=0/0 fb=0/3 vk=0/0
2026-09-16 05:21:38 FAIL fb golos-banka-2026-09-13 :: PUBLISH golos-banka-2026-09-13 ...
FAIL golos-banka-2026-09-13 -> PAGE=319271621473482
FB_FAIL {"error":{"message":"(#100) 0 does not resolve to a valid user ID","type":"OAuthException","code":100,"fbtrace_id":"A0BCrOLlLM5ke-iHMdYo-eQ"}}
DONE ok=0 skip=0 fail=1
2026-09-16 05:21:44 FAIL fb vybor-diktora-2026-09-14 :: PUBLISH vybor-diktora-2026-09-14 ...
FAIL vybor-diktora-2026-09-14 -> PAGE=319271621473482
FB_FAIL {"error":{"message":"(#100) 0 does not resolve to a valid user ID","type":"OAuthException","code":100,"fbtrace_id":"AxwNl3c_i4J2zFei8GlJKxJ"}}
DONE ok=0 skip=0 fail=1
2026-09-16 05:21:49 FAIL fb ozvuchka-video-2026-09-15 :: PUBLISH ozvuchka-video-2026-09-15 ...
FAIL ozvuchka-video-2026-09-15 -> PAGE=319271621473482
FB_FAIL {"error":{"message":"(#100) 0 does not resolve to a valid user ID","type":"OAuthException","code":100,"fbtrace_id":"AKPbg0F6QX5LiFQum5pnto6"}}
DONE ok=0 skip=0 fail=1
2026-09-16 05:21:51 PENDING ig (no IG token - run ig/ig-ensure-token.ps1)
2026-09-16 05:21:51 CYCLE 2026-09-16 05:21:51 :: tg=0/0 fb=0/3 vk=0/0
2026-09-16 05:26:55 FAIL fb golos-banka-2026-09-13 :: PUBLISH golos-banka-2026-09-13 ...
FAIL golos-banka-2026-09-13 -> PAGE=319271621473482
FB_FAIL {"error":{"message":"(#100) 0 does not resolve to a valid user ID","type":"OAuthException","code":100,"fbtrace_id":"ATU-XTgfHdbFG24BqjRKPIr"}}
DONE ok=0 skip=0 fail=1
2026-09-16 05:27:01 FAIL fb vybor-diktora-2026-09-14 :: PUBLISH vybor-diktora-2026-09-14 ...
FAIL vybor-diktora-2026-09-14 -> PAGE=319271621473482
FB_FAIL {"error":{"message":"(#100) 0 does not resolve to a valid user ID","type":"OAuthException","code":100,"fbtrace_id":"AkHLc9xEO8X7IsJHBBLBGXH"}}
DONE ok=0 skip=0 fail=1
2026-09-16 05:27:07 FAIL fb ozvuchka-video-2026-09-15 :: PUBLISH ozvuchka-video-2026-09-15 ...
FAIL ozvuchka-video-2026-09-15 -> PAGE=319271621473482
FB_FAIL {"error":{"message":"(#100) 0 does not resolve to a valid user ID","type":"OAuthException","code":100,"fbtrace_id":"AUmi_t9kNVJjh2teiJyHugi"}}
DONE ok=0 skip=0 fail=1
2026-09-16 05:27:09 PENDING ig (no IG token - run ig/ig-ensure-token.ps1)
2026-09-16 05:27:09 CYCLE 2026-09-16 05:27:09 :: tg=0/0 fb=0/3 vk=0/0
2026-09-16 05:32:13 FAIL fb golos-banka-2026-09-13 :: PUBLISH golos-banka-2026-09-13 ...
FAIL golos-banka-2026-09-13 -> PAGE=319271621473482
FB_FAIL {"error":{"message":"(#100) 0 does not resolve to a valid user ID","type":"OAuthException","code":100,"fbtrace_id":"AIhRVRYwJcJNHC1dULdYzM7"}}
DONE ok=0 skip=0 fail=1
2026-09-16 05:32:19 FAIL fb vybor-diktora-2026-09-14 :: PUBLISH vybor-diktora-2026-09-14 ...
FAIL vybor-diktora-2026-09-14 -> PAGE=319271621473482
FB_FAIL {"error":{"message":"(#100) 0 does not resolve to a valid user ID","type":"OAuthException","code":100,"fbtrace_id":"ADTtBZyP5VQzc8rNQgM0H_s"}}
DONE ok=0 skip=0 fail=1
2026-09-16 05:32:25 FAIL fb ozvuchka-video-2026-09-15 :: PUBLISH ozvuchka-video-2026-09-15 ...
FAIL ozvuchka-video-2026-09-15 -> PAGE=319271621473482
FB_FAIL {"error":{"message":"(#100) 0 does not resolve to a valid user ID","type":"OAuthException","code":100,"fbtrace_id":"APFe_u8QYXh82hyTlrKhklU"}}
DONE ok=0 skip=0 fail=1
2026-09-16 05:32:27 PENDING ig (no IG token - run ig/ig-ensure-token.ps1)
2026-09-16 05:32:27 CYCLE 2026-09-16 05:32:27 :: tg=0/0 fb=0/3 vk=0/0
2026-09-16 05:37:30 FAIL fb golos-banka-2026-09-13 :: PUBLISH golos-banka-2026-09-13 ...
FAIL golos-banka-2026-09-13 -> PAGE=319271621473482
FB_FAIL {"error":{"message":"(#100) 0 does not resolve to a valid user ID","type":"OAuthException","code":100,"fbtrace_id":"ADlV_zJf9FLNRNM6CcgpZu5"}}
DONE ok=0 skip=0 fail=1
2026-09-16 05:37:36 FAIL fb vybor-diktora-2026-09-14 :: PUBLISH vybor-diktora-2026-09-14 ...
FAIL vybor-diktora-2026-09-14 -> PAGE=319271621473482
FB_FAIL {"error":{"message":"(#100) 0 does not resolve to a valid user ID","type":"OAuthException","code":100,"fbtrace_id":"A8OhHW4mOzHB9neFwHiOOmE"}}
DONE ok=0 skip=0 fail=1
2026-09-16 05:37:42 FAIL fb ozvuchka-video-2026-09-15 :: PUBLISH ozvuchka-video-2026-09-15 ...
FAIL ozvuchka-video-2026-09-15 -> PAGE=319271621473482
FB_FAIL {"error":{"message":"(#100) 0 does not resolve to a valid user ID","type":"OAuthException","code":100,"fbtrace_id":"Ahddh-WGWzz_ImieUwKPxVE"}}
DONE ok=0 skip=0 fail=1
2026-09-16 05:37:44 PENDING ig (no IG token - run ig/ig-ensure-token.ps1)
2026-09-16 05:37:44 CYCLE 2026-09-16 05:37:44 :: tg=0/0 fb=0/3 vk=0/0
2026-09-16 05:42:48 FAIL fb golos-banka-2026-09-13 :: PUBLISH golos-banka-2026-09-13 ...
FAIL golos-banka-2026-09-13 -> PAGE=319271621473482
FB_FAIL {"error":{"message":"(#100) 0 does not resolve to a valid user ID","type":"OAuthException","code":100,"fbtrace_id":"ABQ5DvZjxCW__1w808u7Wd4"}}
DONE ok=0 skip=0 fail=1
2026-09-16 05:42:54 FAIL fb vybor-diktora-2026-09-14 :: PUBLISH vybor-diktora-2026-09-14 ...
FAIL vybor-diktora-2026-09-14 -> PAGE=319271621473482
FB_FAIL {"error":{"message":"(#100) 0 does not resolve to a valid user ID","type":"OAuthException","code":100,"fbtrace_id":"AzAg5TJ4WyoXokyXm-P_tUn"}}
DONE ok=0 skip=0 fail=1
2026-09-16 05:43:00 FAIL fb ozvuchka-video-2026-09-15 :: PUBLISH ozvuchka-video-2026-09-15 ...
FAIL ozvuchka-video-2026-09-15 -> PAGE=319271621473482
FB_FAIL {"error":{"message":"(#100) 0 does not resolve to a valid user ID","type":"OAuthException","code":100,"fbtrace_id":"AjgNHgJI4C95mUBEfatD-EN"}}
DONE ok=0 skip=0 fail=1
2026-09-16 05:43:02 PENDING ig (no IG token - run ig/ig-ensure-token.ps1)
2026-09-16 05:43:02 CYCLE 2026-09-16 05:43:02 :: tg=0/0 fb=0/3 vk=0/0
2026-09-16 05:48:06 FAIL fb golos-banka-2026-09-13 :: PUBLISH golos-banka-2026-09-13 ...
FAIL golos-banka-2026-09-13 -> PAGE=319271621473482
FB_FAIL {"error":{"message":"(#100) 0 does not resolve to a valid user ID","type":"OAuthException","code":100,"fbtrace_id":"A8eygJ2dNNGmDv4yVD8okCs"}}
DONE ok=0 skip=0 fail=1
2026-09-16 05:48:12 FAIL fb vybor-diktora-2026-09-14 :: PUBLISH vybor-diktora-2026-09-14 ...
FAIL vybor-diktora-2026-09-14 -> PAGE=319271621473482
FB_FAIL {"error":{"message":"(#100) 0 does not resolve to a valid user ID","type":"OAuthException","code":100,"fbtrace_id":"Au6j0W3WHvA0YNddr6PcpFG"}}
DONE ok=0 skip=0 fail=1
2026-09-16 05:48:17 FAIL fb ozvuchka-video-2026-09-15 :: PUBLISH ozvuchka-video-2026-09-15 ...
FAIL ozvuchka-video-2026-09-15 -> PAGE=319271621473482
FB_FAIL {"error":{"message":"(#100) 0 does not resolve to a valid user ID","type":"OAuthException","code":100,"fbtrace_id":"AXYwL10F82Y9ps3VSOM-n1W"}}
DONE ok=0 skip=0 fail=1
2026-09-16 05:48:19 PENDING ig (no IG token - run ig/ig-ensure-token.ps1)
2026-09-16 05:48:19 CYCLE 2026-09-16 05:48:19 :: tg=0/0 fb=0/3 vk=0/0
2026-09-16 05:53:23 FAIL fb golos-banka-2026-09-13 :: PUBLISH golos-banka-2026-09-13 ...
FAIL golos-banka-2026-09-13 -> PAGE=319271621473482
FB_FAIL {"error":{"message":"(#100) 0 does not resolve to a valid user ID","type":"OAuthException","code":100,"fbtrace_id":"AYK95DvIYYjmggYY8QESpK-"}}
DONE ok=0 skip=0 fail=1
2026-09-16 05:53:29 FAIL fb vybor-diktora-2026-09-14 :: PUBLISH vybor-diktora-2026-09-14 ...
FAIL vybor-diktora-2026-09-14 -> PAGE=319271621473482
FB_FAIL {"error":{"message":"(#100) 0 does not resolve to a valid user ID","type":"OAuthException","code":100,"fbtrace_id":"AWiP280A9DGt08Aysu879dF"}}
DONE ok=0 skip=0 fail=1
2026-09-16 05:53:35 FAIL fb ozvuchka-video-2026-09-15 :: PUBLISH ozvuchka-video-2026-09-15 ...
FAIL ozvuchka-video-2026-09-15 -> PAGE=319271621473482
FB_FAIL {"error":{"message":"(#100) 0 does not resolve to a valid user ID","type":"OAuthException","code":100,"fbtrace_id":"AG-QNAoAMJ8V6bOWAEJqP3p"}}
DONE ok=0 skip=0 fail=1
2026-09-16 05:53:37 PENDING ig (no IG token - run ig/ig-ensure-token.ps1)
2026-09-16 05:53:37 CYCLE 2026-09-16 05:53:37 :: tg=0/0 fb=0/3 vk=0/0
2026-09-16 05:58:41 FAIL fb golos-banka-2026-09-13 :: PUBLISH golos-banka-2026-09-13 ...
FAIL golos-banka-2026-09-13 -> PAGE=319271621473482
FB_FAIL {"error":{"message":"(#100) 0 does not resolve to a valid user ID","type":"OAuthException","code":100,"fbtrace_id":"A2jQmY58trJl6EBXIZJQNQR"}}
DONE ok=0 skip=0 fail=1
2026-09-16 05:58:47 FAIL fb vybor-diktora-2026-09-14 :: PUBLISH vybor-diktora-2026-09-14 ...
FAIL vybor-diktora-2026-09-14 -> PAGE=319271621473482
FB_FAIL {"error":{"message":"(#100) 0 does not resolve to a valid user ID","type":"OAuthException","code":100,"fbtrace_id":"Als26U8Nnle3Y1E2Gu1JBuB"}}
DONE ok=0 skip=0 fail=1
2026-09-16 05:58:53 FAIL fb ozvuchka-video-2026-09-15 :: PUBLISH ozvuchka-video-2026-09-15 ...
FAIL ozvuchka-video-2026-09-15 -> PAGE=319271621473482
FB_FAIL {"error":{"message":"(#100) 0 does not resolve to a valid user ID","type":"OAuthException","code":100,"fbtrace_id":"AEWFMXsHybxXhUkcrtTGGRz"}}
DONE ok=0 skip=0 fail=1
2026-09-16 05:58:55 PENDING ig (no IG token - run ig/ig-ensure-token.ps1)
2026-09-16 05:58:55 CYCLE 2026-09-16 05:58:55 :: tg=0/0 fb=0/3 vk=0/0
2026-09-16 06:03:59 FAIL fb golos-banka-2026-09-13 :: PUBLISH golos-banka-2026-09-13 ...
FAIL golos-banka-2026-09-13 -> PAGE=319271621473482
FB_FAIL {"error":{"message":"(#100) 0 does not resolve to a valid user ID","type":"OAuthException","code":100,"fbtrace_id":"AR07Hj2StaCKLPfNNxQoIKI"}}
DONE ok=0 skip=0 fail=1
2026-09-16 06:04:04 FAIL fb vybor-diktora-2026-09-14 :: PUBLISH vybor-diktora-2026-09-14 ...
FAIL vybor-diktora-2026-09-14 -> PAGE=319271621473482
FB_FAIL {"error":{"message":"(#100) 0 does not resolve to a valid user ID","type":"OAuthException","code":100,"fbtrace_id":"AZpb6PB0VFd9_db8JwoXWmx"}}
DONE ok=0 skip=0 fail=1
2026-09-16 06:04:10 FAIL fb ozvuchka-video-2026-09-15 :: PUBLISH ozvuchka-video-2026-09-15 ...
FAIL ozvuchka-video-2026-09-15 -> PAGE=319271621473482
FB_FAIL {"error":{"message":"(#100) 0 does not resolve to a valid user ID","type":"OAuthException","code":100,"fbtrace_id":"AXRwJ3AUQw4xmGd0y6G2MO0"}}
DONE ok=0 skip=0 fail=1
2026-09-16 06:04:12 PENDING ig (no IG token - run ig/ig-ensure-token.ps1)
2026-09-16 06:04:12 CYCLE 2026-09-16 06:04:12 :: tg=0/0 fb=0/3 vk=0/0
2026-09-16 06:09:16 FAIL fb golos-banka-2026-09-13 :: PUBLISH golos-banka-2026-09-13 ...
FAIL golos-banka-2026-09-13 -> PAGE=319271621473482
FB_FAIL {"error":{"message":"(#100) 0 does not resolve to a valid user ID","type":"OAuthException","code":100,"fbtrace_id":"ARd97HdDgbwqiUHbrbqYSeB"}}
DONE ok=0 skip=0 fail=1
2026-09-16 06:09:22 FAIL fb vybor-diktora-2026-09-14 :: PUBLISH vybor-diktora-2026-09-14 ...
FAIL vybor-diktora-2026-09-14 -> PAGE=319271621473482
FB_FAIL {"error":{"message":"(#100) 0 does not resolve to a valid user ID","type":"OAuthException","code":100,"fbtrace_id":"A8s1Y_b6gVLnC0z07B_Bjdl"}}
DONE ok=0 skip=0 fail=1
2026-09-16 06:09:28 FAIL fb ozvuchka-video-2026-09-15 :: PUBLISH ozvuchka-video-2026-09-15 ...
FAIL ozvuchka-video-2026-09-15 -> PAGE=319271621473482
FB_FAIL {"error":{"message":"(#100) 0 does not resolve to a valid user ID","type":"OAuthException","code":100,"fbtrace_id":"APE8HVeV1e5t0Iv199Iv80_"}}
DONE ok=0 skip=0 fail=1
2026-09-16 06:09:30 PENDING ig (no IG token - run ig/ig-ensure-token.ps1)
2026-09-16 06:09:30 CYCLE 2026-09-16 06:09:30 :: tg=0/0 fb=0/3 vk=0/0
2026-09-16 06:14:34 FAIL fb golos-banka-2026-09-13 :: PUBLISH golos-banka-2026-09-13 ...
FAIL golos-banka-2026-09-13 -> PAGE=319271621473482
FB_FAIL {"error":{"message":"(#100) 0 does not resolve to a valid user ID","type":"OAuthException","code":100,"fbtrace_id":"AeN1TaIga4G5jXpl9iF2EgG"}}
DONE ok=0 skip=0 fail=1
2026-09-16 06:14:40 FAIL fb vybor-diktora-2026-09-14 :: PUBLISH vybor-diktora-2026-09-14 ...
FAIL vybor-diktora-2026-09-14 -> PAGE=319271621473482
FB_FAIL {"error":{"message":"(#100) 0 does not resolve to a valid user ID","type":"OAuthException","code":100,"fbtrace_id":"AS9UGRBl-AAX6cjb1ngzBzI"}}
DONE ok=0 skip=0 fail=1
2026-09-16 06:14:46 FAIL fb ozvuchka-video-2026-09-15 :: PUBLISH ozvuchka-video-2026-09-15 ...
FAIL ozvuchka-video-2026-09-15 -> PAGE=319271621473482
FB_FAIL {"error":{"message":"(#100) 0 does not resolve to a valid user ID","type":"OAuthException","code":100,"fbtrace_id":"A93qQHVBDGtA-OVhTmrkhDN"}}
DONE ok=0 skip=0 fail=1
2026-09-16 06:14:48 PENDING ig (no IG token - run ig/ig-ensure-token.ps1)
2026-09-16 06:14:48 CYCLE 2026-09-16 06:14:48 :: tg=0/0 fb=0/3 vk=0/0
2026-09-16 06:19:51 FAIL fb golos-banka-2026-09-13 :: PUBLISH golos-banka-2026-09-13 ...
FAIL golos-banka-2026-09-13 -> PAGE=319271621473482
FB_FAIL {"error":{"message":"(#100) 0 does not resolve to a valid user ID","type":"OAuthException","code":100,"fbtrace_id":"AIFMqE7BBJZGU9pr4g2sExZ"}}
DONE ok=0 skip=0 fail=1
2026-09-16 06:19:57 FAIL fb vybor-diktora-2026-09-14 :: PUBLISH vybor-diktora-2026-09-14 ...
FAIL vybor-diktora-2026-09-14 -> PAGE=319271621473482
FB_FAIL {"error":{"message":"(#100) 0 does not resolve to a valid user ID","type":"OAuthException","code":100,"fbtrace_id":"ATtQ0-Hy-AuaHIi9zxlfR4n"}}
DONE ok=0 skip=0 fail=1
2026-09-16 06:20:03 FAIL fb ozvuchka-video-2026-09-15 :: PUBLISH ozvuchka-video-2026-09-15 ...
FAIL ozvuchka-video-2026-09-15 -> PAGE=319271621473482
FB_FAIL {"error":{"message":"(#100) 0 does not resolve to a valid user ID","type":"OAuthException","code":100,"fbtrace_id":"AM__hHEvAG5cpcn7M0Hcn0Q"}}
DONE ok=0 skip=0 fail=1
2026-09-16 06:20:05 PENDING ig (no IG token - run ig/ig-ensure-token.ps1)
2026-09-16 06:20:05 CYCLE 2026-09-16 06:20:05 :: tg=0/0 fb=0/3 vk=0/0
2026-09-16 06:25:09 FAIL fb golos-banka-2026-09-13 :: PUBLISH golos-banka-2026-09-13 ...
FAIL golos-banka-2026-09-13 -> PAGE=319271621473482
FB_FAIL {"error":{"message":"(#100) 0 does not resolve to a valid user ID","type":"OAuthException","code":100,"fbtrace_id":"AN0WATubXhXAcOaJS_x9h1m"}}
DONE ok=0 skip=0 fail=1
2026-09-16 06:25:15 FAIL fb vybor-diktora-2026-09-14 :: PUBLISH vybor-diktora-2026-09-14 ...
FAIL vybor-diktora-2026-09-14 -> PAGE=319271621473482
FB_FAIL {"error":{"message":"(#100) 0 does not resolve to a valid user ID","type":"OAuthException","code":100,"fbtrace_id":"AB2CCkJo5GrxAqm4r_g3SFB"}}
DONE ok=0 skip=0 fail=1
2026-09-16 06:25:21 FAIL fb ozvuchka-video-2026-09-15 :: PUBLISH ozvuchka-video-2026-09-15 ...
FAIL ozvuchka-video-2026-09-15 -> PAGE=319271621473482
FB_FAIL {"error":{"message":"(#100) 0 does not resolve to a valid user ID","type":"OAuthException","code":100,"fbtrace_id":"A8d3vLswQKUtZeCcPHN97Mq"}}
DONE ok=0 skip=0 fail=1
2026-09-16 06:25:23 PENDING ig (no IG token - run ig/ig-ensure-token.ps1)
2026-09-16 06:25:23 CYCLE 2026-09-16 06:25:23 :: tg=0/0 fb=0/3 vk=0/0
2026-09-16 06:30:27 FAIL fb golos-banka-2026-09-13 :: PUBLISH golos-banka-2026-09-13 ...
FAIL golos-banka-2026-09-13 -> PAGE=319271621473482
FB_FAIL {"error":{"message":"(#100) 0 does not resolve to a valid user ID","type":"OAuthException","code":100,"fbtrace_id":"AeqotX32MtBJgBaZr8eCEF7"}}
DONE ok=0 skip=0 fail=1
2026-09-16 06:30:33 FAIL fb vybor-diktora-2026-09-14 :: PUBLISH vybor-diktora-2026-09-14 ...
FAIL vybor-diktora-2026-09-14 -> PAGE=319271621473482
FB_FAIL {"error":{"message":"(#100) 0 does not resolve to a valid user ID","type":"OAuthException","code":100,"fbtrace_id":"Abe1uFg8D52WEiDI5krkW64"}}
DONE ok=0 skip=0 fail=1
2026-09-16 06:30:38 FAIL fb ozvuchka-video-2026-09-15 :: PUBLISH ozvuchka-video-2026-09-15 ...
FAIL ozvuchka-video-2026-09-15 -> PAGE=319271621473482
FB_FAIL {"error":{"message":"(#100) 0 does not resolve to a valid user ID","type":"OAuthException","code":100,"fbtrace_id":"A8OfG6TPieMtJ0Wz5QHcfxH"}}
DONE ok=0 skip=0 fail=1
2026-09-16 06:30:40 PENDING ig (no IG token - run ig/ig-ensure-token.ps1)
2026-09-16 06:30:40 CYCLE 2026-09-16 06:30:40 :: tg=0/0 fb=0/3 vk=0/0
2026-09-16 06:35:44 FAIL fb golos-banka-2026-09-13 :: PUBLISH golos-banka-2026-09-13 ...
FAIL golos-banka-2026-09-13 -> PAGE=319271621473482
FB_FAIL {"error":{"message":"(#100) 0 does not resolve to a valid user ID","type":"OAuthException","code":100,"fbtrace_id":"AQFVSO3hJA8lJx0dqiRJ92s"}}
DONE ok=0 skip=0 fail=1
2026-09-16 06:35:50 FAIL fb vybor-diktora-2026-09-14 :: PUBLISH vybor-diktora-2026-09-14 ...
FAIL vybor-diktora-2026-09-14 -> PAGE=319271621473482
FB_FAIL {"error":{"message":"(#100) 0 does not resolve to a valid user ID","type":"OAuthException","code":100,"fbtrace_id":"AN9cGOKweCSeakoZUrhw2-k"}}
DONE ok=0 skip=0 fail=1
2026-09-16 06:35:56 FAIL fb ozvuchka-video-2026-09-15 :: PUBLISH ozvuchka-video-2026-09-15 ...
FAIL ozvuchka-video-2026-09-15 -> PAGE=319271621473482
FB_FAIL {"error":{"message":"(#100) 0 does not resolve to a valid user ID","type":"OAuthException","code":100,"fbtrace_id":"AFC0yHWqdsZGRocZD0ng2sw"}}
DONE ok=0 skip=0 fail=1
2026-09-16 06:35:58 PENDING ig (no IG token - run ig/ig-ensure-token.ps1)
2026-09-16 06:35:58 CYCLE 2026-09-16 06:35:58 :: tg=0/0 fb=0/3 vk=0/0
2026-09-16 06:41:02 FAIL fb golos-banka-2026-09-13 :: PUBLISH golos-banka-2026-09-13 ...
FAIL golos-banka-2026-09-13 -> PAGE=319271621473482
FB_FAIL {"error":{"message":"(#100) 0 does not resolve to a valid user ID","type":"OAuthException","code":100,"fbtrace_id":"Aq_fvRzCCx7xg2xoed9Qqs4"}}
DONE ok=0 skip=0 fail=1
2026-09-16 06:41:08 FAIL fb vybor-diktora-2026-09-14 :: PUBLISH vybor-diktora-2026-09-14 ...
FAIL vybor-diktora-2026-09-14 -> PAGE=319271621473482
FB_FAIL {"error":{"message":"(#100) 0 does not resolve to a valid user ID","type":"OAuthException","code":100,"fbtrace_id":"AZ-qToH-vO82xS5nJXLSAN2"}}
DONE ok=0 skip=0 fail=1
2026-09-16 06:41:14 FAIL fb ozvuchka-video-2026-09-15 :: PUBLISH ozvuchka-video-2026-09-15 ...
FAIL ozvuchka-video-2026-09-15 -> PAGE=319271621473482
FB_FAIL {"error":{"message":"(#100) 0 does not resolve to a valid user ID","type":"OAuthException","code":100,"fbtrace_id":"AUKCifXslhsWEVe92ydr3Sq"}}
DONE ok=0 skip=0 fail=1
2026-09-16 06:41:16 PENDING ig (no IG token - run ig/ig-ensure-token.ps1)
2026-09-16 06:41:16 CYCLE 2026-09-16 06:41:16 :: tg=0/0 fb=0/3 vk=0/0
2026-09-16 06:46:20 FAIL fb golos-banka-2026-09-13 :: PUBLISH golos-banka-2026-09-13 ...
FAIL golos-banka-2026-09-13 -> PAGE=319271621473482
FB_FAIL {"error":{"message":"(#100) 0 does not resolve to a valid user ID","type":"OAuthException","code":100,"fbtrace_id":"ALSEgHTbMdqR_dZTXm9IyCY"}}
DONE ok=0 skip=0 fail=1
2026-09-16 06:46:25 FAIL fb vybor-diktora-2026-09-14 :: PUBLISH vybor-diktora-2026-09-14 ...
FAIL vybor-diktora-2026-09-14 -> PAGE=319271621473482
FB_FAIL {"error":{"message":"(#100) 0 does not resolve to a valid user ID","type":"OAuthException","code":100,"fbtrace_id":"AAXm94yofL6skOzAQAhluPZ"}}
DONE ok=0 skip=0 fail=1
2026-09-16 06:46:31 FAIL fb ozvuchka-video-2026-09-15 :: PUBLISH ozvuchka-video-2026-09-15 ...
FAIL ozvuchka-video-2026-09-15 -> PAGE=319271621473482
FB_FAIL {"error":{"message":"(#100) 0 does not resolve to a valid user ID","type":"OAuthException","code":100,"fbtrace_id":"Acles6Syc9XhakV9WiXt9Tq"}}
DONE ok=0 skip=0 fail=1
2026-09-16 06:46:33 PENDING ig (no IG token - run ig/ig-ensure-token.ps1)
2026-09-16 06:46:33 CYCLE 2026-09-16 06:46:33 :: tg=0/0 fb=0/3 vk=0/0
2026-09-16 06:51:37 FAIL fb golos-banka-2026-09-13 :: PUBLISH golos-banka-2026-09-13 ...
FAIL golos-banka-2026-09-13 -> PAGE=319271621473482
FB_FAIL {"error":{"message":"(#100) 0 does not resolve to a valid user ID","type":"OAuthException","code":100,"fbtrace_id":"ATJcXCOI51qOvE3vuVF4zcl"}}
DONE ok=0 skip=0 fail=1
2026-09-16 06:51:43 FAIL fb vybor-diktora-2026-09-14 :: PUBLISH vybor-diktora-2026-09-14 ...
FAIL vybor-diktora-2026-09-14 -> PAGE=319271621473482
FB_FAIL {"error":{"message":"(#100) 0 does not resolve to a valid user ID","type":"OAuthException","code":100,"fbtrace_id":"A4a5Hbq19pt-kz3Dn85l9q4"}}
DONE ok=0 skip=0 fail=1
2026-09-16 06:51:49 FAIL fb ozvuchka-video-2026-09-15 :: PUBLISH ozvuchka-video-2026-09-15 ...
FAIL ozvuchka-video-2026-09-15 -> PAGE=319271621473482
FB_FAIL {"error":{"message":"(#100) 0 does not resolve to a valid user ID","type":"OAuthException","code":100,"fbtrace_id":"ADGFNrK1u6-SceW8ATfml1H"}}
DONE ok=0 skip=0 fail=1
2026-09-16 06:51:51 PENDING ig (no IG token - run ig/ig-ensure-token.ps1)
2026-09-16 06:51:51 CYCLE 2026-09-16 06:51:51 :: tg=0/0 fb=0/3 vk=0/0
2026-09-16 06:56:55 FAIL fb golos-banka-2026-09-13 :: PUBLISH golos-banka-2026-09-13 ...
FAIL golos-banka-2026-09-13 -> PAGE=319271621473482
FB_FAIL {"error":{"message":"(#100) 0 does not resolve to a valid user ID","type":"OAuthException","code":100,"fbtrace_id":"AoCRx6Tld66XC1aP1hFYpHl"}}
DONE ok=0 skip=0 fail=1
2026-09-16 06:57:01 FAIL fb vybor-diktora-2026-09-14 :: PUBLISH vybor-diktora-2026-09-14 ...
FAIL vybor-diktora-2026-09-14 -> PAGE=319271621473482
FB_FAIL {"error":{"message":"(#100) 0 does not resolve to a valid user ID","type":"OAuthException","code":100,"fbtrace_id":"AFQhLPKYk4pPQmlGq0mTSnj"}}
DONE ok=0 skip=0 fail=1
2026-09-16 06:57:07 FAIL fb ozvuchka-video-2026-09-15 :: PUBLISH ozvuchka-video-2026-09-15 ...
FAIL ozvuchka-video-2026-09-15 -> PAGE=319271621473482
FB_FAIL {"error":{"message":"(#100) 0 does not resolve to a valid user ID","type":"OAuthException","code":100,"fbtrace_id":"A3Jjto1UmhwHRhmDC8mHbVg"}}
DONE ok=0 skip=0 fail=1
2026-09-16 06:57:09 PENDING ig (no IG token - run ig/ig-ensure-token.ps1)
2026-09-16 06:57:09 CYCLE 2026-09-16 06:57:09 :: tg=0/0 fb=0/3 vk=0/0
2026-09-16 07:02:12 FAIL fb golos-banka-2026-09-13 :: PUBLISH golos-banka-2026-09-13 ...
FAIL golos-banka-2026-09-13 -> PAGE=319271621473482
FB_FAIL {"error":{"message":"(#100) 0 does not resolve to a valid user ID","type":"OAuthException","code":100,"fbtrace_id":"AQoLbdkFlSHeO4HOL6aJcXd"}}
DONE ok=0 skip=0 fail=1
2026-09-16 07:02:18 FAIL fb vybor-diktora-2026-09-14 :: PUBLISH vybor-diktora-2026-09-14 ...
FAIL vybor-diktora-2026-09-14 -> PAGE=319271621473482
FB_FAIL {"error":{"message":"(#100) 0 does not resolve to a valid user ID","type":"OAuthException","code":100,"fbtrace_id":"An6Acb3-GZcvfU34y4DEsZf"}}
DONE ok=0 skip=0 fail=1
2026-09-16 07:02:24 FAIL fb ozvuchka-video-2026-09-15 :: PUBLISH ozvuchka-video-2026-09-15 ...
FAIL ozvuchka-video-2026-09-15 -> PAGE=319271621473482
FB_FAIL {"error":{"message":"(#100) 0 does not resolve to a valid user ID","type":"OAuthException","code":100,"fbtrace_id":"AnPnBMVJfBZYivtLYdSNjWT"}}
DONE ok=0 skip=0 fail=1
2026-09-16 07:02:26 PENDING ig (no IG token - run ig/ig-ensure-token.ps1)
2026-09-16 07:02:26 CYCLE 2026-09-16 07:02:26 :: tg=0/0 fb=0/3 vk=0/0
2026-09-16 07:07:30 FAIL fb golos-banka-2026-09-13 :: PUBLISH golos-banka-2026-09-13 ...
FAIL golos-banka-2026-09-13 -> PAGE=319271621473482
FB_FAIL {"error":{"message":"(#100) 0 does not resolve to a valid user ID","type":"OAuthException","code":100,"fbtrace_id":"AxoZp5965qpTmYp2ES4CBio"}}
DONE ok=0 skip=0 fail=1
2026-09-16 07:07:36 FAIL fb vybor-diktora-2026-09-14 :: PUBLISH vybor-diktora-2026-09-14 ...
FAIL vybor-diktora-2026-09-14 -> PAGE=319271621473482
FB_FAIL {"error":{"message":"(#100) 0 does not resolve to a valid user ID","type":"OAuthException","code":100,"fbtrace_id":"AamK79ismtRhAjfjIcOtrjE"}}
DONE ok=0 skip=0 fail=1
2026-09-16 07:07:42 FAIL fb ozvuchka-video-2026-09-15 :: PUBLISH ozvuchka-video-2026-09-15 ...
FAIL ozvuchka-video-2026-09-15 -> PAGE=319271621473482
FB_FAIL {"error":{"message":"(#100) 0 does not resolve to a valid user ID","type":"OAuthException","code":100,"fbtrace_id":"AlyyAWFQ7wOBlDriexOAEv2"}}
DONE ok=0 skip=0 fail=1
2026-09-16 07:07:44 PENDING ig (no IG token - run ig/ig-ensure-token.ps1)
2026-09-16 07:07:44 CYCLE 2026-09-16 07:07:44 :: tg=0/0 fb=0/3 vk=0/0
2026-09-16 07:12:48 FAIL fb golos-banka-2026-09-13 :: PUBLISH golos-banka-2026-09-13 ...
FAIL golos-banka-2026-09-13 -> PAGE=319271621473482
FB_FAIL {"error":{"message":"(#100) 0 does not resolve to a valid user ID","type":"OAuthException","code":100,"fbtrace_id":"AkTO17WOTFFAymbyu0rxLed"}}
DONE ok=0 skip=0 fail=1
2026-09-16 07:12:54 FAIL fb vybor-diktora-2026-09-14 :: PUBLISH vybor-diktora-2026-09-14 ...
FAIL vybor-diktora-2026-09-14 -> PAGE=319271621473482
FB_FAIL {"error":{"message":"(#100) 0 does not resolve to a valid user ID","type":"OAuthException","code":100,"fbtrace_id":"AZ-e-gNloQLe79YvWD0R8X1"}}
DONE ok=0 skip=0 fail=1
2026-09-16 07:12:59 FAIL fb ozvuchka-video-2026-09-15 :: PUBLISH ozvuchka-video-2026-09-15 ...
FAIL ozvuchka-video-2026-09-15 -> PAGE=319271621473482
FB_FAIL {"error":{"message":"(#100) 0 does not resolve to a valid user ID","type":"OAuthException","code":100,"fbtrace_id":"A-fnyoVHMvxenFPR5UtD5Lm"}}
DONE ok=0 skip=0 fail=1
2026-09-16 07:13:01 PENDING ig (no IG token - run ig/ig-ensure-token.ps1)
2026-09-16 07:13:01 CYCLE 2026-09-16 07:13:01 :: tg=0/0 fb=0/3 vk=0/0
2026-09-16 07:18:05 FAIL fb golos-banka-2026-09-13 :: PUBLISH golos-banka-2026-09-13 ...
FAIL golos-banka-2026-09-13 -> PAGE=319271621473482
FB_FAIL {"error":{"message":"(#100) 0 does not resolve to a valid user ID","type":"OAuthException","code":100,"fbtrace_id":"ARArlpuGt83kOTD_PxoyAYD"}}
DONE ok=0 skip=0 fail=1
2026-09-16 07:18:11 FAIL fb vybor-diktora-2026-09-14 :: PUBLISH vybor-diktora-2026-09-14 ...
FAIL vybor-diktora-2026-09-14 -> PAGE=319271621473482
FB_FAIL {"error":{"message":"(#100) 0 does not resolve to a valid user ID","type":"OAuthException","code":100,"fbtrace_id":"AqEuMP_FE_WqRAkky9uvXYO"}}
DONE ok=0 skip=0 fail=1
2026-09-16 07:18:17 FAIL fb ozvuchka-video-2026-09-15 :: PUBLISH ozvuchka-video-2026-09-15 ...
FAIL ozvuchka-video-2026-09-15 -> PAGE=319271621473482
FB_FAIL {"error":{"message":"(#100) 0 does not resolve to a valid user ID","type":"OAuthException","code":100,"fbtrace_id":"AiiTEMzgis7dr1fdbX1nH8Y"}}
DONE ok=0 skip=0 fail=1
2026-09-16 07:18:19 PENDING ig (no IG token - run ig/ig-ensure-token.ps1)
2026-09-16 07:18:19 CYCLE 2026-09-16 07:18:19 :: tg=0/0 fb=0/3 vk=0/0
2026-09-16 07:23:23 FAIL fb golos-banka-2026-09-13 :: PUBLISH golos-banka-2026-09-13 ...
FAIL golos-banka-2026-09-13 -> PAGE=319271621473482
FB_FAIL {"error":{"message":"(#100) 0 does not resolve to a valid user ID","type":"OAuthException","code":100,"fbtrace_id":"Ak9br_kvRNtzJPmf-pYsC0o"}}
DONE ok=0 skip=0 fail=1
2026-09-16 07:23:29 FAIL fb vybor-diktora-2026-09-14 :: PUBLISH vybor-diktora-2026-09-14 ...
FAIL vybor-diktora-2026-09-14 -> PAGE=319271621473482
FB_FAIL {"error":{"message":"(#100) 0 does not resolve to a valid user ID","type":"OAuthException","code":100,"fbtrace_id":"A_roDDqAjQg0sH7fe0bcJ_S"}}
DONE ok=0 skip=0 fail=1
2026-09-16 07:23:35 FAIL fb ozvuchka-video-2026-09-15 :: PUBLISH ozvuchka-video-2026-09-15 ...
FAIL ozvuchka-video-2026-09-15 -> PAGE=319271621473482
FB_FAIL {"error":{"message":"(#100) 0 does not resolve to a valid user ID","type":"OAuthException","code":100,"fbtrace_id":"A3yjXyK5PSagN7vTNeOjAzi"}}
DONE ok=0 skip=0 fail=1
2026-09-16 07:23:37 PENDING ig (no IG token - run ig/ig-ensure-token.ps1)
2026-09-16 07:23:37 CYCLE 2026-09-16 07:23:37 :: tg=0/0 fb=0/3 vk=0/0
2026-09-16 07:28:40 FAIL fb golos-banka-2026-09-13 :: PUBLISH golos-banka-2026-09-13 ...
FAIL golos-banka-2026-09-13 -> PAGE=319271621473482
FB_FAIL {"error":{"message":"(#100) 0 does not resolve to a valid user ID","type":"OAuthException","code":100,"fbtrace_id":"Axoc-24UXlQd3TvhOucqDb0"}}
DONE ok=0 skip=0 fail=1
2026-09-16 07:28:46 FAIL fb vybor-diktora-2026-09-14 :: PUBLISH vybor-diktora-2026-09-14 ...
FAIL vybor-diktora-2026-09-14 -> PAGE=319271621473482
FB_FAIL {"error":{"message":"(#100) 0 does not resolve to a valid user ID","type":"OAuthException","code":100,"fbtrace_id":"A4XJWYaM5XrRyhjDHsE7ElY"}}
DONE ok=0 skip=0 fail=1
2026-09-16 07:28:52 FAIL fb ozvuchka-video-2026-09-15 :: PUBLISH ozvuchka-video-2026-09-15 ...
FAIL ozvuchka-video-2026-09-15 -> PAGE=319271621473482
FB_FAIL {"error":{"message":"(#100) 0 does not resolve to a valid user ID","type":"OAuthException","code":100,"fbtrace_id":"A9Vp8Tn3P1CHmfDsDAfjav2"}}
DONE ok=0 skip=0 fail=1
2026-09-16 07:28:54 PENDING ig (no IG token - run ig/ig-ensure-token.ps1)
2026-09-16 07:28:54 CYCLE 2026-09-16 07:28:54 :: tg=0/0 fb=0/3 vk=0/0
2026-09-16 07:33:58 FAIL fb golos-banka-2026-09-13 :: PUBLISH golos-banka-2026-09-13 ...
FAIL golos-banka-2026-09-13 -> PAGE=319271621473482
FB_FAIL {"error":{"message":"(#100) 0 does not resolve to a valid user ID","type":"OAuthException","code":100,"fbtrace_id":"AoM3363vOBhDrv3J3zAX3JR"}}
DONE ok=0 skip=0 fail=1
2026-09-16 07:34:04 FAIL fb vybor-diktora-2026-09-14 :: PUBLISH vybor-diktora-2026-09-14 ...
FAIL vybor-diktora-2026-09-14 -> PAGE=319271621473482
FB_FAIL {"error":{"message":"(#100) 0 does not resolve to a valid user ID","type":"OAuthException","code":100,"fbtrace_id":"AHuTEbtssGdMiMB64GRbiDK"}}
DONE ok=0 skip=0 fail=1
2026-09-16 07:34:10 FAIL fb ozvuchka-video-2026-09-15 :: PUBLISH ozvuchka-video-2026-09-15 ...
FAIL ozvuchka-video-2026-09-15 -> PAGE=319271621473482
FB_FAIL {"error":{"message":"(#100) 0 does not resolve to a valid user ID","type":"OAuthException","code":100,"fbtrace_id":"A9NWGZYChIrEOGrEkcuNuA4"}}
DONE ok=0 skip=0 fail=1
2026-09-16 07:34:12 PENDING ig (no IG token - run ig/ig-ensure-token.ps1)
2026-09-16 07:34:12 CYCLE 2026-09-16 07:34:12 :: tg=0/0 fb=0/3 vk=0/0
2026-09-16 07:39:16 FAIL fb golos-banka-2026-09-13 :: PUBLISH golos-banka-2026-09-13 ...
FAIL golos-banka-2026-09-13 -> PAGE=319271621473482
FB_FAIL {"error":{"message":"(#100) 0 does not resolve to a valid user ID","type":"OAuthException","code":100,"fbtrace_id":"AW6-_N_BQKH6JAu7YDrzAmf"}}
DONE ok=0 skip=0 fail=1
2026-09-16 07:39:22 FAIL fb vybor-diktora-2026-09-14 :: PUBLISH vybor-diktora-2026-09-14 ...
FAIL vybor-diktora-2026-09-14 -> PAGE=319271621473482
FB_FAIL {"error":{"message":"(#100) 0 does not resolve to a valid user ID","type":"OAuthException","code":100,"fbtrace_id":"AGGeqQXwwOCaxqkqzzE2YNp"}}
DONE ok=0 skip=0 fail=1
2026-09-16 07:39:28 FAIL fb ozvuchka-video-2026-09-15 :: PUBLISH ozvuchka-video-2026-09-15 ...
FAIL ozvuchka-video-2026-09-15 -> PAGE=319271621473482
FB_FAIL {"error":{"message":"(#100) 0 does not resolve to a valid user ID","type":"OAuthException","code":100,"fbtrace_id":"ASptHIg9QUQ8VyrzpQAoFH8"}}
DONE ok=0 skip=0 fail=1
2026-09-16 07:39:30 PENDING ig (no IG token - run ig/ig-ensure-token.ps1)
2026-09-16 07:39:30 CYCLE 2026-09-16 07:39:30 :: tg=0/0 fb=0/3 vk=0/0
2026-09-16 07:44:33 FAIL fb golos-banka-2026-09-13 :: PUBLISH golos-banka-2026-09-13 ...
FAIL golos-banka-2026-09-13 -> PAGE=319271621473482
FB_FAIL {"error":{"message":"(#100) 0 does not resolve to a valid user ID","type":"OAuthException","code":100,"fbtrace_id":"Aw3nH0N0c19r4DU6xFuOjSK"}}
DONE ok=0 skip=0 fail=1
2026-09-16 07:44:39 FAIL fb vybor-diktora-2026-09-14 :: PUBLISH vybor-diktora-2026-09-14 ...
FAIL vybor-diktora-2026-09-14 -> PAGE=319271621473482
FB_FAIL {"error":{"message":"(#100) 0 does not resolve to a valid user ID","type":"OAuthException","code":100,"fbtrace_id":"AmG68TP2FG6HyOgjXdHY44U"}}
DONE ok=0 skip=0 fail=1
2026-09-16 07:44:45 FAIL fb ozvuchka-video-2026-09-15 :: PUBLISH ozvuchka-video-2026-09-15 ...
FAIL ozvuchka-video-2026-09-15 -> PAGE=319271621473482
FB_FAIL {"error":{"message":"(#100) 0 does not resolve to a valid user ID","type":"OAuthException","code":100,"fbtrace_id":"Afcq50AayCeUXzHuujy7YJT"}}
DONE ok=0 skip=0 fail=1
2026-09-16 07:44:47 PENDING ig (no IG token - run ig/ig-ensure-token.ps1)
2026-09-16 07:44:47 CYCLE 2026-09-16 07:44:47 :: tg=0/0 fb=0/3 vk=0/0
2026-09-16 07:49:51 FAIL fb golos-banka-2026-09-13 :: PUBLISH golos-banka-2026-09-13 ...
FAIL golos-banka-2026-09-13 -> PAGE=319271621473482
FB_FAIL {"error":{"message":"(#100) 0 does not resolve to a valid user ID","type":"OAuthException","code":100,"fbtrace_id":"APTcWztyokBJ89y_Gr7Ho5Y"}}
DONE ok=0 skip=0 fail=1
2026-09-16 07:49:57 FAIL fb vybor-diktora-2026-09-14 :: PUBLISH vybor-diktora-2026-09-14 ...
FAIL vybor-diktora-2026-09-14 -> PAGE=319271621473482
FB_FAIL {"error":{"message":"(#100) 0 does not resolve to a valid user ID","type":"OAuthException","code":100,"fbtrace_id":"A8bD4VoZuLqJq2DMpZCqatf"}}
DONE ok=0 skip=0 fail=1
2026-09-16 07:50:03 FAIL fb ozvuchka-video-2026-09-15 :: PUBLISH ozvuchka-video-2026-09-15 ...
FAIL ozvuchka-video-2026-09-15 -> PAGE=319271621473482
FB_FAIL {"error":{"message":"(#100) 0 does not resolve to a valid user ID","type":"OAuthException","code":100,"fbtrace_id":"AvGe6fKGogiRHmX5DoiCOZC"}}
DONE ok=0 skip=0 fail=1
2026-09-16 07:50:05 PENDING ig (no IG token - run ig/ig-ensure-token.ps1)
2026-09-16 07:50:05 CYCLE 2026-09-16 07:50:05 :: tg=0/0 fb=0/3 vk=0/0
2026-09-16 07:55:09 FAIL fb golos-banka-2026-09-13 :: PUBLISH golos-banka-2026-09-13 ...
FAIL golos-banka-2026-09-13 -> PAGE=319271621473482
FB_FAIL {"error":{"message":"(#100) 0 does not resolve to a valid user ID","type":"OAuthException","code":100,"fbtrace_id":"AvR5oBsUtTkqgwyEBs0yRXP"}}
DONE ok=0 skip=0 fail=1
2026-09-16 07:55:15 FAIL fb vybor-diktora-2026-09-14 :: PUBLISH vybor-diktora-2026-09-14 ...
FAIL vybor-diktora-2026-09-14 -> PAGE=319271621473482
FB_FAIL {"error":{"message":"(#100) 0 does not resolve to a valid user ID","type":"OAuthException","code":100,"fbtrace_id":"A9Vf25aHJaFN90SP00Xhiaj"}}
DONE ok=0 skip=0 fail=1
2026-09-16 07:55:21 FAIL fb ozvuchka-video-2026-09-15 :: PUBLISH ozvuchka-video-2026-09-15 ...
FAIL ozvuchka-video-2026-09-15 -> PAGE=319271621473482
FB_FAIL {"error":{"message":"(#100) 0 does not resolve to a valid user ID","type":"OAuthException","code":100,"fbtrace_id":"AsmkBHIMgtHEHIo1efCzFIu"}}
DONE ok=0 skip=0 fail=1
2026-09-16 07:55:23 PENDING ig (no IG token - run ig/ig-ensure-token.ps1)
2026-09-16 07:55:23 CYCLE 2026-09-16 07:55:23 :: tg=0/0 fb=0/3 vk=0/0
2026-09-16 08:00:27 FAIL fb golos-banka-2026-09-13 :: PUBLISH golos-banka-2026-09-13 ...
FAIL golos-banka-2026-09-13 -> PAGE=319271621473482
FB_FAIL {"error":{"message":"(#100) 0 does not resolve to a valid user ID","type":"OAuthException","code":100,"fbtrace_id":"ABaP6RvAUlsw6WZUde7quZ5"}}
DONE ok=0 skip=0 fail=1
2026-09-16 08:00:32 FAIL fb vybor-diktora-2026-09-14 :: PUBLISH vybor-diktora-2026-09-14 ...
FAIL vybor-diktora-2026-09-14 -> PAGE=319271621473482
FB_FAIL {"error":{"message":"(#100) 0 does not resolve to a valid user ID","type":"OAuthException","code":100,"fbtrace_id":"AdnP9YtOB91xHX9W1tBCIBQ"}}
DONE ok=0 skip=0 fail=1
2026-09-16 08:00:38 FAIL fb ozvuchka-video-2026-09-15 :: PUBLISH ozvuchka-video-2026-09-15 ...
FAIL ozvuchka-video-2026-09-15 -> PAGE=319271621473482
FB_FAIL {"error":{"message":"(#100) 0 does not resolve to a valid user ID","type":"OAuthException","code":100,"fbtrace_id":"AgkoJIALVcVcGDLyXDD-ACl"}}
DONE ok=0 skip=0 fail=1
2026-09-16 08:00:40 PENDING ig (no IG token - run ig/ig-ensure-token.ps1)
2026-09-16 08:00:40 CYCLE 2026-09-16 08:00:40 :: tg=0/0 fb=0/3 vk=0/0
2026-09-16 08:05:44 FAIL fb golos-banka-2026-09-13 :: PUBLISH golos-banka-2026-09-13 ...
FAIL golos-banka-2026-09-13 -> PAGE=319271621473482
FB_FAIL {"error":{"message":"(#100) 0 does not resolve to a valid user ID","type":"OAuthException","code":100,"fbtrace_id":"AgZqdCeCJFktatVvOU5dKpq"}}
DONE ok=0 skip=0 fail=1
2026-09-16 08:05:50 FAIL fb vybor-diktora-2026-09-14 :: PUBLISH vybor-diktora-2026-09-14 ...
FAIL vybor-diktora-2026-09-14 -> PAGE=319271621473482
FB_FAIL {"error":{"message":"(#100) 0 does not resolve to a valid user ID","type":"OAuthException","code":100,"fbtrace_id":"AMclk6q6Bfw9Wo55cNHGPLv"}}
DONE ok=0 skip=0 fail=1
2026-09-16 08:05:56 FAIL fb ozvuchka-video-2026-09-15 :: PUBLISH ozvuchka-video-2026-09-15 ...
FAIL ozvuchka-video-2026-09-15 -> PAGE=319271621473482
FB_FAIL {"error":{"message":"(#100) 0 does not resolve to a valid user ID","type":"OAuthException","code":100,"fbtrace_id":"Aq5djXYIC3KlLy5U_1Vf1Oo"}}
DONE ok=0 skip=0 fail=1
2026-09-16 08:05:58 PENDING ig (no IG token - run ig/ig-ensure-token.ps1)
2026-09-16 08:05:58 CYCLE 2026-09-16 08:05:58 :: tg=0/0 fb=0/3 vk=0/0
2026-09-16 08:11:02 FAIL fb golos-banka-2026-09-13 :: PUBLISH golos-banka-2026-09-13 ...
FAIL golos-banka-2026-09-13 -> PAGE=319271621473482
FB_FAIL {"error":{"message":"(#100) 0 does not resolve to a valid user ID","type":"OAuthException","code":100,"fbtrace_id":"AK2k_sfowQDiuNlCh2MxaaF"}}
DONE ok=0 skip=0 fail=1
2026-09-16 08:11:09 FAIL fb vybor-diktora-2026-09-14 :: PUBLISH vybor-diktora-2026-09-14 ...
FAIL vybor-diktora-2026-09-14 -> PAGE=319271621473482
FB_FAIL {"error":{"message":"(#100) 0 does not resolve to a valid user ID","type":"OAuthException","code":100,"fbtrace_id":"AFDZ8oWxW-dGAPHB2nWeVCO"}}
DONE ok=0 skip=0 fail=1
2026-09-16 08:11:15 FAIL fb ozvuchka-video-2026-09-15 :: PUBLISH ozvuchka-video-2026-09-15 ...
FAIL ozvuchka-video-2026-09-15 -> PAGE=319271621473482
FB_FAIL {"error":{"message":"(#100) 0 does not resolve to a valid user ID","type":"OAuthException","code":100,"fbtrace_id":"A1qt9rTEM37lyeXYQWcbmxW"}}
DONE ok=0 skip=0 fail=1
2026-09-16 08:11:17 PENDING ig (no IG token - run ig/ig-ensure-token.ps1)
2026-09-16 08:11:17 CYCLE 2026-09-16 08:11:17 :: tg=0/0 fb=0/3 vk=0/0
2026-09-16 08:16:20 FAIL fb golos-banka-2026-09-13 :: PUBLISH golos-banka-2026-09-13 ...
FAIL golos-banka-2026-09-13 -> PAGE=319271621473482
FB_FAIL {"error":{"message":"(#100) 0 does not resolve to a valid user ID","type":"OAuthException","code":100,"fbtrace_id":"AV7gXvAOXY0hnsz3NbKAVVG"}}
DONE ok=0 skip=0 fail=1
2026-09-16 08:16:26 FAIL fb vybor-diktora-2026-09-14 :: PUBLISH vybor-diktora-2026-09-14 ...
FAIL vybor-diktora-2026-09-14 -> PAGE=319271621473482
FB_FAIL {"error":{"message":"(#100) 0 does not resolve to a valid user ID","type":"OAuthException","code":100,"fbtrace_id":"AWJBqobweFIteAhXa4ccnUn"}}
DONE ok=0 skip=0 fail=1
2026-09-16 08:16:32 FAIL fb ozvuchka-video-2026-09-15 :: PUBLISH ozvuchka-video-2026-09-15 ...
FAIL ozvuchka-video-2026-09-15 -> PAGE=319271621473482
FB_FAIL {"error":{"message":"(#100) 0 does not resolve to a valid user ID","type":"OAuthException","code":100,"fbtrace_id":"At_Q5iMbxwipzP3eMJhGTRq"}}
DONE ok=0 skip=0 fail=1
2026-09-16 08:16:34 PENDING ig (no IG token - run ig/ig-ensure-token.ps1)
2026-09-16 08:16:34 CYCLE 2026-09-16 08:16:34 :: tg=0/0 fb=0/3 vk=0/0
2026-09-16 08:21:38 FAIL fb golos-banka-2026-09-13 :: PUBLISH golos-banka-2026-09-13 ...
FAIL golos-banka-2026-09-13 -> PAGE=319271621473482
FB_FAIL {"error":{"message":"(#100) 0 does not resolve to a valid user ID","type":"OAuthException","code":100,"fbtrace_id":"AIBq-RShB0qyuBr9ZCYnP9C"}}
DONE ok=0 skip=0 fail=1
2026-09-16 08:21:44 FAIL fb vybor-diktora-2026-09-14 :: PUBLISH vybor-diktora-2026-09-14 ...
FAIL vybor-diktora-2026-09-14 -> PAGE=319271621473482
FB_FAIL {"error":{"message":"(#100) 0 does not resolve to a valid user ID","type":"OAuthException","code":100,"fbtrace_id":"Ah2g57wTgfeH8ApT9AVU_68"}}
DONE ok=0 skip=0 fail=1
2026-09-16 08:21:50 FAIL fb ozvuchka-video-2026-09-15 :: PUBLISH ozvuchka-video-2026-09-15 ...
FAIL ozvuchka-video-2026-09-15 -> PAGE=319271621473482
FB_FAIL {"error":{"message":"(#100) 0 does not resolve to a valid user ID","type":"OAuthException","code":100,"fbtrace_id":"A8k-IstJJAXPlsTPR7ktiwa"}}
DONE ok=0 skip=0 fail=1
2026-09-16 08:21:52 PENDING ig (no IG token - run ig/ig-ensure-token.ps1)
2026-09-16 08:21:52 CYCLE 2026-09-16 08:21:52 :: tg=0/0 fb=0/3 vk=0/0
2026-09-16 08:26:56 FAIL fb golos-banka-2026-09-13 :: PUBLISH golos-banka-2026-09-13 ...
FAIL golos-banka-2026-09-13 -> PAGE=319271621473482
FB_FAIL {"error":{"message":"(#100) 0 does not resolve to a valid user ID","type":"OAuthException","code":100,"fbtrace_id":"AGtLMwzHJLeGt_tVb36sX_I"}}
DONE ok=0 skip=0 fail=1
2026-09-16 08:27:02 FAIL fb vybor-diktora-2026-09-14 :: PUBLISH vybor-diktora-2026-09-14 ...
FAIL vybor-diktora-2026-09-14 -> PAGE=319271621473482
FB_FAIL {"error":{"message":"(#100) 0 does not resolve to a valid user ID","type":"OAuthException","code":100,"fbtrace_id":"AUopv7s6SP2FDFkgD6sQToH"}}
DONE ok=0 skip=0 fail=1
2026-09-16 08:27:08 FAIL fb ozvuchka-video-2026-09-15 :: PUBLISH ozvuchka-video-2026-09-15 ...
FAIL ozvuchka-video-2026-09-15 -> PAGE=319271621473482
FB_FAIL {"error":{"message":"(#100) 0 does not resolve to a valid user ID","type":"OAuthException","code":100,"fbtrace_id":"AkSzXddp8YDqbTxRLh4Kzoi"}}
DONE ok=0 skip=0 fail=1
2026-09-16 08:27:10 PENDING ig (no IG token - run ig/ig-ensure-token.ps1)
2026-09-16 08:27:10 CYCLE 2026-09-16 08:27:10 :: tg=0/0 fb=0/3 vk=0/0
2026-09-16 08:27:58 CYCLE 2026-09-16 08:27:58 :: tg=0/0
2026-09-16 08:32:58 CYCLE 2026-09-16 08:32:58 :: tg=0/0
2026-09-16 08:37:58 CYCLE 2026-09-16 08:37:58 :: tg=0/0
2026-09-16 08:42:58 CYCLE 2026-09-16 08:42:58 :: tg=0/0
2026-09-16 08:47:58 CYCLE 2026-09-16 08:47:58 :: tg=0/0
2026-09-16 08:52:58 CYCLE 2026-09-16 08:52:58 :: tg=0/0
2026-09-16 08:57:58 CYCLE 2026-09-16 08:57:58 :: tg=0/0
2026-09-16 09:02:58 CYCLE 2026-09-16 09:02:58 :: tg=0/0
2026-09-16 09:07:58 CYCLE 2026-09-16 09:07:58 :: tg=0/0
2026-09-16 09:12:58 CYCLE 2026-09-16 09:12:58 :: tg=0/0
2026-09-16 09:17:58 CYCLE 2026-09-16 09:17:58 :: tg=0/0
2026-09-16 09:22:58 CYCLE 2026-09-16 09:22:58 :: tg=0/0
2026-09-16 09:27:58 CYCLE 2026-09-16 09:27:58 :: tg=0/0
2026-09-16 09:32:58 CYCLE 2026-09-16 09:32:58 :: tg=0/0
2026-09-16 09:37:59 CYCLE 2026-09-16 09:37:59 :: tg=0/0
2026-09-16 09:42:59 CYCLE 2026-09-16 09:42:59 :: tg=0/0
2026-09-16 09:47:59 CYCLE 2026-09-16 09:47:59 :: tg=0/0
2026-09-16 09:52:59 CYCLE 2026-09-16 09:52:59 :: tg=0/0
2026-09-16 09:57:59 CYCLE 2026-09-16 09:57:59 :: tg=0/0
2026-09-16 10:02:59 CYCLE 2026-09-16 10:02:59 :: tg=0/0
2026-09-16 10:07:59 CYCLE 2026-09-16 10:07:59 :: tg=0/0
2026-09-16 10:12:59 CYCLE 2026-09-16 10:12:59 :: tg=0/0
2026-09-16 10:17:59 CYCLE 2026-09-16 10:17:59 :: tg=0/0
2026-09-16 10:22:59 CYCLE 2026-09-16 10:22:59 :: tg=0/0
2026-09-16 10:24:14 FAIL tg umg-infrastruktura-2026-09-16 :: SENT guid=umg-infrastruktura-2026-09-16 msg=12 chat=Аудио-Рекламаru - флагман деловой звукозаписи
DONE ok=1 fail=0
2026-09-16 10:24:16 CYCLE 2026-09-16 10:24:16 :: tg=0/1
2026-09-16 10:29:17 CYCLE 2026-09-16 10:29:17 :: tg=0/0
2026-09-16 10:33:30 CYCLE 2026-09-16 10:33:30 :: tg=0/0
2026-09-16 10:38:30 CYCLE 2026-09-16 10:38:30 :: tg=0/0
2026-09-16 10:43:30 CYCLE 2026-09-16 10:43:30 :: tg=0/0
2026-09-16 10:48:30 CYCLE 2026-09-16 10:48:30 :: tg=0/0
2026-09-16 10:53:30 CYCLE 2026-09-16 10:53:30 :: tg=0/0
2026-09-16 10:58:30 CYCLE 2026-09-16 10:58:30 :: tg=0/0
2026-09-16 11:03:30 CYCLE 2026-09-16 11:03:30 :: tg=0/0
2026-09-16 11:08:30 CYCLE 2026-09-16 11:08:30 :: tg=0/0
2026-09-16 11:13:30 CYCLE 2026-09-16 11:13:30 :: tg=0/0
2026-09-16 11:18:30 CYCLE 2026-09-16 11:18:30 :: tg=0/0
2026-09-16 11:23:30 CYCLE 2026-09-16 11:23:30 :: tg=0/0
2026-09-16 11:26:24 CYCLE 2026-09-16 11:26:24 :: tg=0/0
2026-09-16 11:28:30 CYCLE 2026-09-16 11:28:30 :: tg=0/0
2026-09-16 11:32:49 CYCLE 2026-09-16 11:32:49 :: tg=0/0
2026-09-16 11:36:01 CYCLE 2026-09-16 11:36:01 :: tg=0/0
2026-09-16 11:41:01 CYCLE 2026-09-16 11:41:01 :: tg=0/0
2026-09-16 11:46:01 CYCLE 2026-09-16 11:46:01 :: tg=0/0
2026-09-16 11:51:01 CYCLE 2026-09-16 11:51:01 :: tg=0/0
2026-09-16 11:56:01 CYCLE 2026-09-16 11:56:01 :: tg=0/0
2026-09-16 12:01:01 CYCLE 2026-09-16 12:01:01 :: tg=0/0
2026-09-16 12:06:01 CYCLE 2026-09-16 12:06:01 :: tg=0/0
2026-09-16 12:11:01 CYCLE 2026-09-16 12:11:01 :: tg=0/0
2026-09-16 12:16:01 CYCLE 2026-09-16 12:16:01 :: tg=0/0
2026-09-16 12:21:01 CYCLE 2026-09-16 12:21:01 :: tg=0/0
2026-09-16 12:26:01 CYCLE 2026-09-16 12:26:01 :: tg=0/0
2026-09-16 12:31:01 CYCLE 2026-09-16 12:31:01 :: tg=0/0
2026-09-16 12:36:01 CYCLE 2026-09-16 12:36:01 :: tg=0/0
2026-09-16 12:41:01 CYCLE 2026-09-16 12:41:01 :: tg=0/0
2026-09-16 12:46:01 CYCLE 2026-09-16 12:46:01 :: tg=0/0
2026-09-16 12:51:01 CYCLE 2026-09-16 12:51:01 :: tg=0/0
2026-09-16 12:56:01 CYCLE 2026-09-16 12:56:01 :: tg=0/0
2026-09-16 13:01:01 CYCLE 2026-09-16 13:01:01 :: tg=0/0
2026-09-16 13:06:01 CYCLE 2026-09-16 13:06:01 :: tg=0/0
2026-09-16 13:11:01 CYCLE 2026-09-16 13:11:01 :: tg=0/0
2026-09-16 13:16:01 CYCLE 2026-09-16 13:16:01 :: tg=0/0
2026-09-16 13:21:01 CYCLE 2026-09-16 13:21:01 :: tg=0/0
2026-09-16 13:26:01 CYCLE 2026-09-16 13:26:01 :: tg=0/0
2026-09-16 13:31:01 CYCLE 2026-09-16 13:31:01 :: tg=0/0
2026-09-16 13:36:01 CYCLE 2026-09-16 13:36:01 :: tg=0/0
2026-09-16 13:41:01 CYCLE 2026-09-16 13:41:01 :: tg=0/0
2026-09-16 13:46:01 CYCLE 2026-09-16 13:46:01 :: tg=0/0
2026-09-16 13:51:01 CYCLE 2026-09-16 13:51:01 :: tg=0/0
2026-09-16 13:56:01 CYCLE 2026-09-16 13:56:01 :: tg=0/0
2026-09-16 14:01:01 CYCLE 2026-09-16 14:01:01 :: tg=0/0
2026-09-16 14:06:01 CYCLE 2026-09-16 14:06:01 :: tg=0/0
2026-09-16 14:11:01 CYCLE 2026-09-16 14:11:01 :: tg=0/0
2026-09-16 14:16:01 CYCLE 2026-09-16 14:16:01 :: tg=0/0
2026-09-16 14:21:01 CYCLE 2026-09-16 14:21:01 :: tg=0/0
2026-09-16 14:26:01 CYCLE 2026-09-16 14:26:01 :: tg=0/0
2026-09-16 14:31:01 CYCLE 2026-09-16 14:31:01 :: tg=0/0
2026-09-16 14:36:01 CYCLE 2026-09-16 14:36:01 :: tg=0/0
2026-09-16 14:41:01 CYCLE 2026-09-16 14:41:01 :: tg=0/0
2026-09-16 14:46:01 CYCLE 2026-09-16 14:46:01 :: tg=0/0
2026-09-16 14:51:01 CYCLE 2026-09-16 14:51:01 :: tg=0/0
2026-09-16 14:56:01 CYCLE 2026-09-16 14:56:01 :: tg=0/0
2026-09-16 15:01:01 CYCLE 2026-09-16 15:01:01 :: tg=0/0
2026-09-16 15:06:01 CYCLE 2026-09-16 15:06:01 :: tg=0/0
2026-09-16 15:11:01 CYCLE 2026-09-16 15:11:01 :: tg=0/0
2026-09-16 15:16:01 CYCLE 2026-09-16 15:16:01 :: tg=0/0
2026-09-16 15:21:01 CYCLE 2026-09-16 15:21:01 :: tg=0/0
2026-09-16 15:26:01 CYCLE 2026-09-16 15:26:01 :: tg=0/0
2026-09-16 15:31:01 CYCLE 2026-09-16 15:31:01 :: tg=0/0
2026-09-16 15:36:01 CYCLE 2026-09-16 15:36:01 :: tg=0/0
2026-09-16 15:41:01 CYCLE 2026-09-16 15:41:01 :: tg=0/0
2026-09-16 15:46:01 CYCLE 2026-09-16 15:46:01 :: tg=0/0
2026-09-16 15:51:01 CYCLE 2026-09-16 15:51:01 :: tg=0/0
2026-09-16 15:56:01 CYCLE 2026-09-16 15:56:01 :: tg=0/0
2026-09-16 16:01:01 CYCLE 2026-09-16 16:01:01 :: tg=0/0
2026-09-16 16:06:01 CYCLE 2026-09-16 16:06:01 :: tg=0/0
2026-09-16 16:11:01 CYCLE 2026-09-16 16:11:01 :: tg=0/0
2026-09-16 16:16:01 CYCLE 2026-09-16 16:16:01 :: tg=0/0
2026-09-16 16:21:01 CYCLE 2026-09-16 16:21:01 :: tg=0/0
2026-09-16 16:26:01 CYCLE 2026-09-16 16:26:01 :: tg=0/0
2026-09-16 16:31:01 CYCLE 2026-09-16 16:31:01 :: tg=0/0
2026-09-16 16:36:01 CYCLE 2026-09-16 16:36:01 :: tg=0/0
2026-09-16 16:41:01 CYCLE 2026-09-16 16:41:01 :: tg=0/0
2026-09-16 16:46:01 CYCLE 2026-09-16 16:46:01 :: tg=0/0
2026-09-16 16:51:01 CYCLE 2026-09-16 16:51:01 :: tg=0/0
2026-09-16 16:56:01 CYCLE 2026-09-16 16:56:01 :: tg=0/0
2026-09-16 17:01:01 CYCLE 2026-09-16 17:01:01 :: tg=0/0
2026-09-16 17:06:01 CYCLE 2026-09-16 17:06:01 :: tg=0/0
2026-09-16 17:11:02 CYCLE 2026-09-16 17:11:02 :: tg=0/0
2026-09-16 17:16:02 CYCLE 2026-09-16 17:16:02 :: tg=0/0
2026-09-16 17:21:02 CYCLE 2026-09-16 17:21:02 :: tg=0/0
2026-09-16 17:26:02 CYCLE 2026-09-16 17:26:02 :: tg=0/0
2026-09-16 17:31:02 CYCLE 2026-09-16 17:31:02 :: tg=0/0
2026-09-16 17:36:02 CYCLE 2026-09-16 17:36:02 :: tg=0/0
2026-09-16 17:50:01 CYCLE 2026-09-16 17:50:01 :: tg=0/0
2026-09-16 17:55:01 CYCLE 2026-09-16 17:55:01 :: tg=0/0
2026-09-16 18:00:01 CYCLE 2026-09-16 18:00:01 :: tg=0/0
2026-09-16 18:05:01 CYCLE 2026-09-16 18:05:01 :: tg=0/0
2026-09-16 18:10:01 CYCLE 2026-09-16 18:10:01 :: tg=0/0
2026-09-16 18:25:01 CYCLE 2026-09-16 18:25:01 :: tg=0/0
2026-09-16 18:30:01 CYCLE 2026-09-16 18:30:01 :: tg=0/0
2026-09-16 18:35:01 CYCLE 2026-09-16 18:35:01 :: tg=0/0
2026-09-16 18:40:01 CYCLE 2026-09-16 18:40:01 :: tg=0/0
2026-09-16 18:45:01 CYCLE 2026-09-16 18:45:01 :: tg=0/0
2026-09-16 18:50:01 CYCLE 2026-09-16 18:50:01 :: tg=0/0
2026-09-16 18:55:01 CYCLE 2026-09-16 18:55:01 :: tg=0/0
2026-09-16 19:00:01 CYCLE 2026-09-16 19:00:01 :: tg=0/0
2026-09-16 19:05:01 CYCLE 2026-09-16 19:05:01 :: tg=0/0
2026-09-16 19:10:01 CYCLE 2026-09-16 19:10:01 :: tg=0/0
2026-09-16 19:15:01 CYCLE 2026-09-16 19:15:01 :: tg=0/0
2026-09-16 19:20:01 CYCLE 2026-09-16 19:20:01 :: tg=0/0
2026-09-16 19:25:01 CYCLE 2026-09-16 19:25:01 :: tg=0/0
2026-09-16 19:30:01 CYCLE 2026-09-16 19:30:01 :: tg=0/0
2026-09-16 19:35:01 CYCLE 2026-09-16 19:35:01 :: tg=0/0
2026-09-16 19:40:01 CYCLE 2026-09-16 19:40:01 :: tg=0/0
2026-09-16 19:45:01 CYCLE 2026-09-16 19:45:01 :: tg=0/0
2026-09-16 19:50:01 CYCLE 2026-09-16 19:50:01 :: tg=0/0
2026-09-16 19:55:01 CYCLE 2026-09-16 19:55:01 :: tg=0/0
2026-09-16 20:00:01 CYCLE 2026-09-16 20:00:01 :: tg=0/0
2026-09-16 20:05:01 CYCLE 2026-09-16 20:05:01 :: tg=0/0
2026-09-16 20:10:01 CYCLE 2026-09-16 20:10:01 :: tg=0/0
2026-09-16 20:15:01 CYCLE 2026-09-16 20:15:01 :: tg=0/0
2026-09-16 20:20:01 CYCLE 2026-09-16 20:20:01 :: tg=0/0
2026-09-16 20:25:01 CYCLE 2026-09-16 20:25:01 :: tg=0/0
2026-09-16 20:30:01 CYCLE 2026-09-16 20:30:01 :: tg=0/0
2026-09-16 20:35:01 CYCLE 2026-09-16 20:35:01 :: tg=0/0
2026-09-16 20:40:01 CYCLE 2026-09-16 20:40:01 :: tg=0/0
2026-09-16 20:45:01 CYCLE 2026-09-16 20:45:01 :: tg=0/0
2026-09-16 20:50:01 CYCLE 2026-09-16 20:50:01 :: tg=0/0
2026-09-16 20:55:02 CYCLE 2026-09-16 20:55:01 :: tg=0/0
2026-09-16 21:00:02 CYCLE 2026-09-16 21:00:02 :: tg=0/0
2026-09-16 21:05:02 CYCLE 2026-09-16 21:05:02 :: tg=0/0
2026-09-16 21:10:03 CYCLE 2026-09-16 21:10:03 :: tg=0/0
2026-09-16 21:15:03 CYCLE 2026-09-16 21:15:03 :: tg=0/0
2026-09-16 21:20:03 CYCLE 2026-09-16 21:20:03 :: tg=0/0
2026-09-16 21:25:03 CYCLE 2026-09-16 21:25:03 :: tg=0/0
2026-09-16 21:30:03 CYCLE 2026-09-16 21:30:03 :: tg=0/0
2026-09-16 21:35:03 CYCLE 2026-09-16 21:35:03 :: tg=0/0
2026-09-16 21:40:03 CYCLE 2026-09-16 21:40:03 :: tg=0/0
2026-09-16 21:45:03 CYCLE 2026-09-16 21:45:03 :: tg=0/0
2026-09-16 21:50:03 CYCLE 2026-09-16 21:50:03 :: tg=0/0
2026-09-16 21:55:03 CYCLE 2026-09-16 21:55:03 :: tg=0/0
2026-09-16 22:00:03 CYCLE 2026-09-16 22:00:03 :: tg=0/0
2026-09-16 22:05:03 CYCLE 2026-09-16 22:05:03 :: tg=0/0
2026-09-16 22:10:03 CYCLE 2026-09-16 22:10:03 :: tg=0/0
2026-09-16 22:15:03 CYCLE 2026-09-16 22:15:03 :: tg=0/0
2026-09-16 22:20:03 CYCLE 2026-09-16 22:20:03 :: tg=0/0
2026-09-16 22:25:03 CYCLE 2026-09-16 22:25:03 :: tg=0/0
2026-09-16 22:30:03 CYCLE 2026-09-16 22:30:03 :: tg=0/0
2026-09-16 22:35:03 CYCLE 2026-09-16 22:35:03 :: tg=0/0
2026-09-16 22:40:03 CYCLE 2026-09-16 22:40:03 :: tg=0/0
2026-09-16 22:45:03 CYCLE 2026-09-16 22:45:03 :: tg=0/0
2026-09-16 22:50:03 CYCLE 2026-09-16 22:50:03 :: tg=0/0
2026-09-16 22:55:03 CYCLE 2026-09-16 22:55:03 :: tg=0/0
2026-09-16 23:00:03 CYCLE 2026-09-16 23:00:03 :: tg=0/0
2026-09-16 23:05:03 CYCLE 2026-09-16 23:05:03 :: tg=0/0
2026-09-16 23:10:03 CYCLE 2026-09-16 23:10:03 :: tg=0/0
2026-09-16 23:15:03 CYCLE 2026-09-16 23:15:03 :: tg=0/0
2026-09-16 23:20:03 CYCLE 2026-09-16 23:20:03 :: tg=0/0
2026-09-16 23:25:03 CYCLE 2026-09-16 23:25:03 :: tg=0/0
2026-09-16 23:30:04 CYCLE 2026-09-16 23:30:04 :: tg=0/0
2026-09-16 23:35:04 CYCLE 2026-09-16 23:35:04 :: tg=0/0
2026-09-16 23:40:04 CYCLE 2026-09-16 23:40:04 :: tg=0/0
2026-09-16 23:45:04 CYCLE 2026-09-16 23:45:04 :: tg=0/0
2026-09-16 23:50:04 CYCLE 2026-09-16 23:50:04 :: tg=0/0
2026-09-16 23:55:04 CYCLE 2026-09-16 23:55:04 :: tg=0/0
2026-09-17 00:00:04 CYCLE 2026-09-17 00:00:04 :: tg=0/0
2026-09-17 00:05:04 CYCLE 2026-09-17 00:05:04 :: tg=0/0
2026-09-17 00:10:04 CYCLE 2026-09-17 00:10:04 :: tg=0/0
2026-09-17 00:15:04 CYCLE 2026-09-17 00:15:04 :: tg=0/0
2026-09-17 00:20:04 CYCLE 2026-09-17 00:20:04 :: tg=0/0
2026-09-17 00:25:04 CYCLE 2026-09-17 00:25:04 :: tg=0/0
2026-09-17 00:30:04 CYCLE 2026-09-17 00:30:04 :: tg=0/0
2026-09-17 00:35:04 CYCLE 2026-09-17 00:35:04 :: tg=0/0
2026-09-17 00:40:04 CYCLE 2026-09-17 00:40:04 :: tg=0/0
2026-09-17 00:45:04 CYCLE 2026-09-17 00:45:04 :: tg=0/0
2026-09-17 00:50:04 CYCLE 2026-09-17 00:50:04 :: tg=0/0
2026-09-17 00:55:04 CYCLE 2026-09-17 00:55:04 :: tg=0/0
2026-09-17 01:00:04 CYCLE 2026-09-17 01:00:04 :: tg=0/0
2026-09-17 01:05:04 CYCLE 2026-09-17 01:05:04 :: tg=0/0
2026-09-17 01:10:04 CYCLE 2026-09-17 01:10:04 :: tg=0/0
2026-09-17 01:15:04 CYCLE 2026-09-17 01:15:04 :: tg=0/0
2026-09-17 01:20:04 CYCLE 2026-09-17 01:20:04 :: tg=0/0
2026-09-17 01:25:04 CYCLE 2026-09-17 01:25:04 :: tg=0/0
2026-09-17 01:30:04 CYCLE 2026-09-17 01:30:04 :: tg=0/0
2026-09-17 01:35:04 CYCLE 2026-09-17 01:35:04 :: tg=0/0
2026-09-17 01:40:04 CYCLE 2026-09-17 01:40:04 :: tg=0/0
2026-09-17 01:45:04 CYCLE 2026-09-17 01:45:04 :: tg=0/0
2026-09-17 01:50:04 CYCLE 2026-09-17 01:50:04 :: tg=0/0
2026-09-17 01:55:04 CYCLE 2026-09-17 01:55:04 :: tg=0/0
2026-09-17 02:00:04 CYCLE 2026-09-17 02:00:04 :: tg=0/0
2026-09-17 02:05:04 CYCLE 2026-09-17 02:05:04 :: tg=0/0
2026-09-17 02:10:04 CYCLE 2026-09-17 02:10:04 :: tg=0/0
2026-09-17 02:15:04 CYCLE 2026-09-17 02:15:04 :: tg=0/0
2026-09-17 02:20:04 CYCLE 2026-09-17 02:20:04 :: tg=0/0
2026-09-17 02:25:04 CYCLE 2026-09-17 02:25:04 :: tg=0/0
2026-09-17 02:30:04 CYCLE 2026-09-17 02:30:04 :: tg=0/0
2026-09-17 02:35:04 CYCLE 2026-09-17 02:35:04 :: tg=0/0
2026-09-17 02:40:04 CYCLE 2026-09-17 02:40:04 :: tg=0/0
2026-09-17 02:45:04 CYCLE 2026-09-17 02:45:04 :: tg=0/0
2026-09-17 02:50:04 CYCLE 2026-09-17 02:50:04 :: tg=0/0
2026-09-17 02:55:04 CYCLE 2026-09-17 02:55:04 :: tg=0/0
2026-09-17 03:00:04 CYCLE 2026-09-17 03:00:04 :: tg=0/0
2026-09-17 03:05:04 CYCLE 2026-09-17 03:05:04 :: tg=0/0
2026-09-17 03:10:04 CYCLE 2026-09-17 03:10:04 :: tg=0/0
2026-09-17 03:15:04 CYCLE 2026-09-17 03:15:04 :: tg=0/0
2026-09-17 03:20:04 CYCLE 2026-09-17 03:20:04 :: tg=0/0
2026-09-17 03:25:04 CYCLE 2026-09-17 03:25:04 :: tg=0/0
2026-09-17 03:30:04 CYCLE 2026-09-17 03:30:04 :: tg=0/0
2026-09-17 03:35:04 CYCLE 2026-09-17 03:35:04 :: tg=0/0
2026-09-17 03:40:04 CYCLE 2026-09-17 03:40:04 :: tg=0/0
2026-09-17 03:45:04 CYCLE 2026-09-17 03:45:04 :: tg=0/0
2026-09-17 03:50:04 CYCLE 2026-09-17 03:50:04 :: tg=0/0
2026-09-17 03:55:04 CYCLE 2026-09-17 03:55:04 :: tg=0/0
2026-09-17 04:00:04 CYCLE 2026-09-17 04:00:04 :: tg=0/0
2026-09-17 04:05:04 CYCLE 2026-09-17 04:05:04 :: tg=0/0
2026-09-17 04:10:04 CYCLE 2026-09-17 04:10:04 :: tg=0/0
2026-09-17 04:15:04 CYCLE 2026-09-17 04:15:04 :: tg=0/0
2026-09-17 04:20:04 CYCLE 2026-09-17 04:20:04 :: tg=0/0
2026-09-17 04:25:04 CYCLE 2026-09-17 04:25:04 :: tg=0/0
2026-09-17 04:30:04 CYCLE 2026-09-17 04:30:04 :: tg=0/0
2026-09-17 04:35:04 CYCLE 2026-09-17 04:35:04 :: tg=0/0
2026-09-17 04:40:04 CYCLE 2026-09-17 04:40:04 :: tg=0/0
2026-09-17 04:45:04 CYCLE 2026-09-17 04:45:04 :: tg=0/0
2026-09-17 04:50:04 CYCLE 2026-09-17 04:50:04 :: tg=0/0
2026-09-17 04:55:04 CYCLE 2026-09-17 04:55:04 :: tg=0/0
2026-09-17 05:00:04 CYCLE 2026-09-17 05:00:04 :: tg=0/0
2026-09-17 05:05:04 CYCLE 2026-09-17 05:05:04 :: tg=0/0
2026-09-17 05:10:04 CYCLE 2026-09-17 05:10:04 :: tg=0/0
2026-09-17 05:15:04 CYCLE 2026-09-17 05:15:04 :: tg=0/0
2026-09-17 05:20:04 CYCLE 2026-09-17 05:20:04 :: tg=0/0
2026-09-17 05:25:04 CYCLE 2026-09-17 05:25:04 :: tg=0/0
2026-09-17 05:30:04 CYCLE 2026-09-17 05:30:04 :: tg=0/0
2026-09-17 05:35:04 CYCLE 2026-09-17 05:35:04 :: tg=0/0
2026-09-17 05:40:04 CYCLE 2026-09-17 05:40:04 :: tg=0/0
2026-09-17 05:45:04 CYCLE 2026-09-17 05:45:04 :: tg=0/0
2026-09-17 05:50:04 CYCLE 2026-09-17 05:50:04 :: tg=0/0
2026-09-17 05:55:04 CYCLE 2026-09-17 05:55:04 :: tg=0/0
2026-09-17 06:00:04 CYCLE 2026-09-17 06:00:04 :: tg=0/0
2026-09-17 06:05:04 CYCLE 2026-09-17 06:05:04 :: tg=0/0
2026-09-17 06:10:04 CYCLE 2026-09-17 06:10:04 :: tg=0/0
2026-09-17 06:15:04 CYCLE 2026-09-17 06:15:04 :: tg=0/0
2026-09-17 06:20:04 CYCLE 2026-09-17 06:20:04 :: tg=0/0
2026-09-17 06:25:04 CYCLE 2026-09-17 06:25:04 :: tg=0/0
2026-09-17 06:30:04 CYCLE 2026-09-17 06:30:04 :: tg=0/0
2026-09-17 06:35:04 CYCLE 2026-09-17 06:35:04 :: tg=0/0
2026-09-17 06:40:04 CYCLE 2026-09-17 06:40:04 :: tg=0/0
2026-09-17 06:45:04 CYCLE 2026-09-17 06:45:04 :: tg=0/0
2026-09-17 06:50:04 CYCLE 2026-09-17 06:50:04 :: tg=0/0
2026-09-17 06:55:04 CYCLE 2026-09-17 06:55:04 :: tg=0/0
2026-09-17 07:00:04 CYCLE 2026-09-17 07:00:04 :: tg=0/0
2026-09-17 07:05:04 CYCLE 2026-09-17 07:05:04 :: tg=0/0
2026-09-17 07:10:04 CYCLE 2026-09-17 07:10:04 :: tg=0/0
2026-09-17 07:15:04 CYCLE 2026-09-17 07:15:04 :: tg=0/0
2026-09-17 07:20:04 CYCLE 2026-09-17 07:20:04 :: tg=0/0
2026-09-17 07:25:04 CYCLE 2026-09-17 07:25:04 :: tg=0/0
2026-09-17 07:30:04 CYCLE 2026-09-17 07:30:04 :: tg=0/0
2026-09-17 07:35:04 CYCLE 2026-09-17 07:35:04 :: tg=0/0
2026-09-17 07:40:04 CYCLE 2026-09-17 07:40:04 :: tg=0/0
2026-09-17 07:45:04 CYCLE 2026-09-17 07:45:04 :: tg=0/0
2026-09-17 07:50:04 CYCLE 2026-09-17 07:50:04 :: tg=0/0
2026-09-17 07:55:04 CYCLE 2026-09-17 07:55:04 :: tg=0/0
2026-09-17 08:00:04 CYCLE 2026-09-17 08:00:04 :: tg=0/0
2026-09-17 08:05:04 CYCLE 2026-09-17 08:05:04 :: tg=0/0
2026-09-17 08:10:04 CYCLE 2026-09-17 08:10:04 :: tg=0/0
2026-09-17 08:15:04 CYCLE 2026-09-17 08:15:04 :: tg=0/0
2026-09-17 08:20:04 CYCLE 2026-09-17 08:20:04 :: tg=0/0
2026-09-17 08:25:04 CYCLE 2026-09-17 08:25:04 :: tg=0/0
2026-09-17 08:30:04 CYCLE 2026-09-17 08:30:04 :: tg=0/0
2026-09-17 08:35:04 CYCLE 2026-09-17 08:35:04 :: tg=0/0
2026-09-17 08:40:04 CYCLE 2026-09-17 08:40:04 :: tg=0/0
2026-09-17 08:45:05 CYCLE 2026-09-17 08:45:05 :: tg=0/0
2026-09-17 08:50:05 CYCLE 2026-09-17 08:50:05 :: tg=0/0
2026-09-17 08:55:05 CYCLE 2026-09-17 08:55:05 :: tg=0/0
2026-09-17 09:00:05 CYCLE 2026-09-17 09:00:05 :: tg=0/0
2026-09-17 09:05:05 CYCLE 2026-09-17 09:05:05 :: tg=0/0
2026-09-17 09:10:05 CYCLE 2026-09-17 09:10:05 :: tg=0/0
2026-09-17 09:15:05 CYCLE 2026-09-17 09:15:05 :: tg=0/0
2026-09-17 09:20:05 CYCLE 2026-09-17 09:20:05 :: tg=0/0
2026-09-17 09:25:05 CYCLE 2026-09-17 09:25:05 :: tg=0/0
2026-09-17 09:30:05 CYCLE 2026-09-17 09:30:05 :: tg=0/0
2026-09-17 09:35:05 CYCLE 2026-09-17 09:35:05 :: tg=0/0
2026-09-17 09:40:05 CYCLE 2026-09-17 09:40:05 :: tg=0/0
2026-09-17 09:45:05 CYCLE 2026-09-17 09:45:05 :: tg=0/0
2026-09-17 09:50:05 CYCLE 2026-09-17 09:50:05 :: tg=0/0
2026-09-17 09:55:05 CYCLE 2026-09-17 09:55:05 :: tg=0/0
2026-09-17 10:00:05 CYCLE 2026-09-17 10:00:05 :: tg=0/0
2026-09-17 10:05:05 CYCLE 2026-09-17 10:05:05 :: tg=0/0
2026-09-17 10:10:05 CYCLE 2026-09-17 10:10:05 :: tg=0/0
2026-09-17 10:15:05 CYCLE 2026-09-17 10:15:05 :: tg=0/0
2026-09-17 10:20:05 CYCLE 2026-09-17 10:20:05 :: tg=0/0
2026-09-17 10:25:05 CYCLE 2026-09-17 10:25:05 :: tg=0/0
2026-09-17 10:30:05 CYCLE 2026-09-17 10:30:05 :: tg=0/0
2026-09-17 10:35:05 CYCLE 2026-09-17 10:35:05 :: tg=0/0
2026-09-17 10:40:05 CYCLE 2026-09-17 10:40:05 :: tg=0/0
2026-09-17 10:45:05 CYCLE 2026-09-17 10:45:05 :: tg=0/0
2026-09-17 10:50:05 CYCLE 2026-09-17 10:50:05 :: tg=0/0
2026-09-17 10:55:05 CYCLE 2026-09-17 10:55:05 :: tg=0/0
2026-09-17 11:00:05 CYCLE 2026-09-17 11:00:05 :: tg=0/0
2026-09-17 11:05:05 CYCLE 2026-09-17 11:05:05 :: tg=0/0
2026-09-17 11:10:05 CYCLE 2026-09-17 11:10:05 :: tg=0/0
2026-09-17 11:15:05 CYCLE 2026-09-17 11:15:05 :: tg=0/0
2026-09-17 11:20:05 CYCLE 2026-09-17 11:20:05 :: tg=0/0
2026-09-17 11:25:05 CYCLE 2026-09-17 11:25:05 :: tg=0/0
2026-09-17 11:30:05 CYCLE 2026-09-17 11:30:05 :: tg=0/0
2026-09-17 11:35:05 CYCLE 2026-09-17 11:35:05 :: tg=0/0
2026-09-17 11:40:05 CYCLE 2026-09-17 11:40:05 :: tg=0/0
2026-09-17 11:45:05 CYCLE 2026-09-17 11:45:05 :: tg=0/0
2026-09-17 11:50:05 CYCLE 2026-09-17 11:50:05 :: tg=0/0
2026-09-17 11:55:05 CYCLE 2026-09-17 11:55:05 :: tg=0/0
2026-09-17 12:00:05 CYCLE 2026-09-17 12:00:05 :: tg=0/0
2026-09-17 12:05:05 CYCLE 2026-09-17 12:05:05 :: tg=0/0
2026-09-17 12:10:05 CYCLE 2026-09-17 12:10:05 :: tg=0/0
2026-09-17 12:15:05 CYCLE 2026-09-17 12:15:05 :: tg=0/0
2026-09-17 12:20:05 CYCLE 2026-09-17 12:20:05 :: tg=0/0
2026-09-17 12:25:05 CYCLE 2026-09-17 12:25:05 :: tg=0/0
2026-09-17 12:30:05 CYCLE 2026-09-17 12:30:05 :: tg=0/0
2026-09-17 12:35:05 CYCLE 2026-09-17 12:35:05 :: tg=0/0
2026-09-17 12:40:05 CYCLE 2026-09-17 12:40:05 :: tg=0/0
2026-09-17 12:45:05 CYCLE 2026-09-17 12:45:05 :: tg=0/0
2026-09-17 12:50:08 CYCLE 2026-09-17 12:50:05 :: tg=0/1
2026-09-17 12:55:10 CYCLE 2026-09-17 12:55:08 :: tg=0/1
2026-09-17 13:00:13 CYCLE 2026-09-17 13:00:10 :: tg=0/1
2026-09-17 13:05:16 CYCLE 2026-09-17 13:05:13 :: tg=0/1
2026-09-17 13:10:18 CYCLE 2026-09-17 13:10:16 :: tg=0/1
2026-09-17 13:15:21 CYCLE 2026-09-17 13:15:18 :: tg=0/1
2026-09-17 13:20:27 CYCLE 2026-09-17 13:20:21 :: tg=0/1
2026-09-17 13:25:35 CYCLE 2026-09-17 13:25:32 :: tg=0/1
2026-09-17 13:30:37 CYCLE 2026-09-17 13:30:35 :: tg=0/1
2026-09-17 13:35:40 CYCLE 2026-09-17 13:35:37 :: tg=0/1
2026-09-17 13:40:42 CYCLE 2026-09-17 13:40:40 :: tg=0/1
2026-09-17 13:45:45 CYCLE 2026-09-17 13:45:42 :: tg=0/1
2026-09-17 13:50:47 CYCLE 2026-09-17 13:50:45 :: tg=0/1
2026-09-17 13:55:50 CYCLE 2026-09-17 13:55:47 :: tg=0/1
2026-09-17 14:00:52 CYCLE 2026-09-17 14:00:50 :: tg=0/1
2026-09-17 14:05:54 CYCLE 2026-09-17 14:05:52 :: tg=0/1
2026-09-17 14:10:57 CYCLE 2026-09-17 14:10:54 :: tg=0/1
2026-09-17 14:16:00 CYCLE 2026-09-17 14:15:57 :: tg=0/1
2026-09-17 14:21:02 CYCLE 2026-09-17 14:21:00 :: tg=0/1
2026-09-17 14:26:04 CYCLE 2026-09-17 14:26:02 :: tg=0/1
2026-09-17 14:31:07 CYCLE 2026-09-17 14:31:04 :: tg=0/1
2026-09-17 14:36:09 CYCLE 2026-09-17 14:36:07 :: tg=0/1
2026-09-17 14:41:12 CYCLE 2026-09-17 14:41:09 :: tg=0/1
2026-09-17 14:46:14 CYCLE 2026-09-17 14:46:12 :: tg=0/1
2026-09-17 14:51:16 CYCLE 2026-09-17 14:51:14 :: tg=0/1
2026-09-17 14:56:19 CYCLE 2026-09-17 14:56:16 :: tg=0/1
2026-09-17 15:01:23 CYCLE 2026-09-17 15:01:19 :: tg=0/1
2026-09-17 15:06:25 CYCLE 2026-09-17 15:06:23 :: tg=0/1
2026-09-17 15:11:27 CYCLE 2026-09-17 15:11:25 :: tg=0/1
2026-09-17 15:16:30 CYCLE 2026-09-17 15:16:27 :: tg=0/1
2026-09-17 15:21:32 CYCLE 2026-09-17 15:21:30 :: tg=0/1
2026-09-17 15:26:35 CYCLE 2026-09-17 15:26:32 :: tg=0/1
2026-09-17 15:31:37 CYCLE 2026-09-17 15:31:35 :: tg=0/1
2026-09-17 15:36:40 CYCLE 2026-09-17 15:36:37 :: tg=0/1
2026-09-17 15:41:42 CYCLE 2026-09-17 15:41:40 :: tg=0/1
2026-09-17 15:46:44 CYCLE 2026-09-17 15:46:42 :: tg=0/1
2026-09-17 15:51:47 CYCLE 2026-09-17 15:51:44 :: tg=0/1
2026-09-17 15:56:50 CYCLE 2026-09-17 15:56:47 :: tg=0/1
2026-09-17 16:01:52 CYCLE 2026-09-17 16:01:50 :: tg=0/1
2026-09-17 16:06:55 CYCLE 2026-09-17 16:06:52 :: tg=0/1
2026-09-17 16:11:57 CYCLE 2026-09-17 16:11:55 :: tg=0/1
2026-09-17 16:16:59 CYCLE 2026-09-17 16:16:57 :: tg=0/1
2026-09-17 16:22:02 CYCLE 2026-09-17 16:21:59 :: tg=0/1
2026-09-17 16:27:04 CYCLE 2026-09-17 16:27:02 :: tg=0/1
2026-09-17 16:32:07 CYCLE 2026-09-17 16:32:04 :: tg=0/1
2026-09-17 16:37:09 CYCLE 2026-09-17 16:37:07 :: tg=0/1
2026-09-17 16:42:11 CYCLE 2026-09-17 16:42:09 :: tg=0/1
2026-09-17 16:47:14 CYCLE 2026-09-17 16:47:11 :: tg=0/1
2026-09-17 16:52:16 CYCLE 2026-09-17 16:52:14 :: tg=0/1
2026-09-17 16:57:19 CYCLE 2026-09-17 16:57:16 :: tg=0/1
2026-09-17 17:02:21 CYCLE 2026-09-17 17:02:19 :: tg=0/1
2026-09-17 17:07:24 CYCLE 2026-09-17 17:07:21 :: tg=0/1
2026-09-17 17:12:26 CYCLE 2026-09-17 17:12:24 :: tg=0/1
2026-09-17 17:17:29 CYCLE 2026-09-17 17:17:26 :: tg=0/1
2026-09-17 17:22:31 CYCLE 2026-09-17 17:22:29 :: tg=0/1
2026-09-17 17:27:33 CYCLE 2026-09-17 17:27:31 :: tg=0/1
2026-09-17 17:32:36 CYCLE 2026-09-17 17:32:33 :: tg=0/1
2026-09-17 17:37:39 CYCLE 2026-09-17 17:37:36 :: tg=0/1
2026-09-17 17:42:41 CYCLE 2026-09-17 17:42:39 :: tg=0/1
2026-09-17 17:47:43 CYCLE 2026-09-17 17:47:41 :: tg=0/1
2026-09-17 17:52:46 CYCLE 2026-09-17 17:52:43 :: tg=0/1
2026-09-17 17:57:49 CYCLE 2026-09-17 17:57:46 :: tg=0/1
2026-09-17 18:02:51 CYCLE 2026-09-17 18:02:49 :: tg=0/1
2026-09-17 18:07:54 CYCLE 2026-09-17 18:07:51 :: tg=0/1
2026-09-17 18:12:56 CYCLE 2026-09-17 18:12:54 :: tg=0/1
2026-09-17 18:17:59 CYCLE 2026-09-17 18:17:56 :: tg=0/1
2026-09-17 18:23:01 CYCLE 2026-09-17 18:22:59 :: tg=0/1
2026-09-17 18:28:03 CYCLE 2026-09-17 18:28:01 :: tg=0/1
2026-09-17 18:33:06 CYCLE 2026-09-17 18:33:03 :: tg=0/1
2026-09-17 18:38:08 CYCLE 2026-09-17 18:38:06 :: tg=0/1
2026-09-17 18:43:11 CYCLE 2026-09-17 18:43:08 :: tg=0/1
2026-09-17 18:48:13 CYCLE 2026-09-17 18:48:11 :: tg=0/1
2026-09-17 18:53:16 CYCLE 2026-09-17 18:53:13 :: tg=0/1
2026-09-17 18:58:18 CYCLE 2026-09-17 18:58:16 :: tg=0/1
2026-09-17 19:03:21 CYCLE 2026-09-17 19:03:18 :: tg=0/1
2026-09-17 19:08:23 CYCLE 2026-09-17 19:08:21 :: tg=0/1
2026-09-17 19:13:26 CYCLE 2026-09-17 19:13:23 :: tg=0/1
2026-09-17 19:18:28 CYCLE 2026-09-17 19:18:26 :: tg=0/1
2026-09-17 19:23:31 CYCLE 2026-09-17 19:23:28 :: tg=0/1
2026-09-17 19:28:33 CYCLE 2026-09-17 19:28:31 :: tg=0/1
2026-09-17 19:33:36 CYCLE 2026-09-17 19:33:33 :: tg=0/1
2026-09-17 19:38:38 CYCLE 2026-09-17 19:38:36 :: tg=0/1
2026-09-17 19:43:40 CYCLE 2026-09-17 19:43:38 :: tg=0/1
2026-09-17 19:48:43 CYCLE 2026-09-17 19:48:40 :: tg=0/1
2026-09-17 19:53:45 CYCLE 2026-09-17 19:53:43 :: tg=0/1
2026-09-17 19:58:48 CYCLE 2026-09-17 19:58:45 :: tg=0/1
2026-09-17 20:03:50 CYCLE 2026-09-17 20:03:48 :: tg=0/1
2026-09-17 20:08:52 CYCLE 2026-09-17 20:08:50 :: tg=0/1
2026-09-17 20:13:55 CYCLE 2026-09-17 20:13:52 :: tg=0/1
2026-09-17 20:18:57 CYCLE 2026-09-17 20:18:55 :: tg=0/1
2026-09-17 20:24:00 CYCLE 2026-09-17 20:23:57 :: tg=0/1
2026-09-17 20:29:02 CYCLE 2026-09-17 20:29:00 :: tg=0/1
2026-09-17 20:34:04 CYCLE 2026-09-17 20:34:02 :: tg=0/1
2026-09-17 20:39:07 CYCLE 2026-09-17 20:39:04 :: tg=0/1
2026-09-17 20:44:09 CYCLE 2026-09-17 20:44:07 :: tg=0/1
2026-09-17 20:49:12 CYCLE 2026-09-17 20:49:09 :: tg=0/1
2026-09-17 20:54:14 CYCLE 2026-09-17 20:54:12 :: tg=0/1
2026-09-17 20:59:16 CYCLE 2026-09-17 20:59:14 :: tg=0/1
2026-09-17 21:04:19 CYCLE 2026-09-17 21:04:16 :: tg=0/1
2026-09-17 21:09:21 CYCLE 2026-09-17 21:09:19 :: tg=0/1
2026-09-17 21:14:24 CYCLE 2026-09-17 21:14:21 :: tg=0/1
2026-09-17 21:19:26 CYCLE 2026-09-17 21:19:24 :: tg=0/1
2026-09-17 21:24:29 CYCLE 2026-09-17 21:24:26 :: tg=0/1
2026-09-17 21:29:31 CYCLE 2026-09-17 21:29:29 :: tg=0/1
2026-09-17 21:34:34 CYCLE 2026-09-17 21:34:31 :: tg=0/1
2026-09-17 21:39:36 CYCLE 2026-09-17 21:39:34 :: tg=0/1
2026-09-17 21:44:39 CYCLE 2026-09-17 21:44:36 :: tg=0/1
2026-09-17 21:49:41 CYCLE 2026-09-17 21:49:39 :: tg=0/1
2026-09-17 21:54:44 CYCLE 2026-09-17 21:54:41 :: tg=0/1
2026-09-17 21:59:46 CYCLE 2026-09-17 21:59:44 :: tg=0/1
2026-09-17 22:04:49 CYCLE 2026-09-17 22:04:46 :: tg=0/1
2026-09-17 22:09:51 CYCLE 2026-09-17 22:09:49 :: tg=0/1
2026-09-17 22:14:58 CYCLE 2026-09-17 22:14:51 :: tg=0/1
2026-09-17 22:20:00 CYCLE 2026-09-17 22:19:58 :: tg=0/1
2026-09-17 22:25:02 CYCLE 2026-09-17 22:25:00 :: tg=0/1
2026-09-17 22:30:05 CYCLE 2026-09-17 22:30:02 :: tg=0/1
2026-09-17 22:35:07 CYCLE 2026-09-17 22:35:05 :: tg=0/1
2026-09-17 22:40:10 CYCLE 2026-09-17 22:40:07 :: tg=0/1
2026-09-17 22:45:12 CYCLE 2026-09-17 22:45:10 :: tg=0/1
2026-09-17 22:50:14 CYCLE 2026-09-17 22:50:12 :: tg=0/1
2026-09-17 22:55:17 CYCLE 2026-09-17 22:55:14 :: tg=0/1
2026-09-17 23:00:19 CYCLE 2026-09-17 23:00:17 :: tg=0/1
2026-09-17 23:05:22 CYCLE 2026-09-17 23:05:19 :: tg=0/1
2026-09-17 23:10:24 CYCLE 2026-09-17 23:10:22 :: tg=0/1
2026-09-17 23:15:27 CYCLE 2026-09-17 23:15:24 :: tg=0/1
2026-09-17 23:20:29 CYCLE 2026-09-17 23:20:27 :: tg=0/1
2026-09-17 23:25:31 CYCLE 2026-09-17 23:25:29 :: tg=0/1
2026-09-17 23:30:34 CYCLE 2026-09-17 23:30:31 :: tg=0/1
2026-09-17 23:35:36 CYCLE 2026-09-17 23:35:34 :: tg=0/1
2026-09-17 23:40:39 CYCLE 2026-09-17 23:40:36 :: tg=0/1
2026-09-17 23:45:41 CYCLE 2026-09-17 23:45:39 :: tg=0/1
2026-09-17 23:50:43 CYCLE 2026-09-17 23:50:41 :: tg=0/1
2026-09-17 23:55:46 CYCLE 2026-09-17 23:55:43 :: tg=0/1
2026-09-18 00:00:48 CYCLE 2026-09-18 00:00:46 :: tg=0/1
2026-09-18 00:05:51 CYCLE 2026-09-18 00:05:48 :: tg=0/1
2026-09-18 00:10:53 CYCLE 2026-09-18 00:10:51 :: tg=0/1
2026-09-18 00:15:56 CYCLE 2026-09-18 00:15:53 :: tg=0/1
2026-09-18 00:20:58 CYCLE 2026-09-18 00:20:56 :: tg=0/1
2026-09-18 00:26:00 CYCLE 2026-09-18 00:25:58 :: tg=0/1
2026-09-18 00:31:03 CYCLE 2026-09-18 00:31:00 :: tg=0/1
2026-09-18 00:36:05 CYCLE 2026-09-18 00:36:03 :: tg=0/1
2026-09-18 00:41:08 CYCLE 2026-09-18 00:41:05 :: tg=0/1
2026-09-18 00:46:10 CYCLE 2026-09-18 00:46:08 :: tg=0/1
2026-09-18 00:51:12 CYCLE 2026-09-18 00:51:10 :: tg=0/1
2026-09-18 00:56:19 CYCLE 2026-09-18 00:56:12 :: tg=0/1
2026-09-18 01:01:21 CYCLE 2026-09-18 01:01:19 :: tg=0/1
2026-09-18 01:06:24 CYCLE 2026-09-18 01:06:21 :: tg=0/1
2026-09-18 01:11:26 CYCLE 2026-09-18 01:11:24 :: tg=0/1
2026-09-18 01:16:29 CYCLE 2026-09-18 01:16:26 :: tg=0/1
2026-09-18 01:21:31 CYCLE 2026-09-18 01:21:29 :: tg=0/1
2026-09-18 01:26:33 CYCLE 2026-09-18 01:26:31 :: tg=0/1
2026-09-18 01:31:36 CYCLE 2026-09-18 01:31:33 :: tg=0/1
2026-09-18 01:36:38 CYCLE 2026-09-18 01:36:36 :: tg=0/1
2026-09-18 01:41:40 CYCLE 2026-09-18 01:41:38 :: tg=0/1
2026-09-18 01:46:43 CYCLE 2026-09-18 01:46:40 :: tg=0/1
2026-09-18 01:51:45 CYCLE 2026-09-18 01:51:43 :: tg=0/1
2026-09-18 01:56:48 CYCLE 2026-09-18 01:56:45 :: tg=0/1
2026-09-18 02:01:50 CYCLE 2026-09-18 02:01:48 :: tg=0/1
2026-09-18 02:06:53 CYCLE 2026-09-18 02:06:50 :: tg=0/1
2026-09-18 02:11:55 CYCLE 2026-09-18 02:11:53 :: tg=0/1
2026-09-18 02:16:58 CYCLE 2026-09-18 02:16:55 :: tg=0/1
2026-09-18 02:22:00 CYCLE 2026-09-18 02:21:58 :: tg=0/1
2026-09-18 02:27:02 CYCLE 2026-09-18 02:27:00 :: tg=0/1
2026-09-18 02:32:05 CYCLE 2026-09-18 02:32:02 :: tg=0/1
2026-09-18 02:37:07 CYCLE 2026-09-18 02:37:05 :: tg=0/1
2026-09-18 02:42:10 CYCLE 2026-09-18 02:42:07 :: tg=0/1
2026-09-18 02:47:12 CYCLE 2026-09-18 02:47:10 :: tg=0/1
2026-09-18 02:52:14 CYCLE 2026-09-18 02:52:12 :: tg=0/1
2026-09-18 02:57:17 CYCLE 2026-09-18 02:57:14 :: tg=0/1
2026-09-18 03:02:19 CYCLE 2026-09-18 03:02:17 :: tg=0/1
2026-09-18 03:07:21 CYCLE 2026-09-18 03:07:19 :: tg=0/1
2026-09-18 03:12:24 CYCLE 2026-09-18 03:12:21 :: tg=0/1
2026-09-18 03:17:26 CYCLE 2026-09-18 03:17:24 :: tg=0/1
2026-09-18 03:22:29 CYCLE 2026-09-18 03:22:26 :: tg=0/1
2026-09-18 03:27:31 CYCLE 2026-09-18 03:27:29 :: tg=0/1
2026-09-18 03:32:34 CYCLE 2026-09-18 03:32:31 :: tg=0/1
2026-09-18 03:37:36 CYCLE 2026-09-18 03:37:34 :: tg=0/1
2026-09-18 03:42:39 CYCLE 2026-09-18 03:42:36 :: tg=0/1
2026-09-18 03:47:41 CYCLE 2026-09-18 03:47:39 :: tg=0/1
2026-09-18 03:52:44 CYCLE 2026-09-18 03:52:41 :: tg=0/1
2026-09-18 03:57:46 CYCLE 2026-09-18 03:57:44 :: tg=0/1
2026-09-18 04:02:49 CYCLE 2026-09-18 04:02:46 :: tg=0/1
2026-09-18 04:07:51 CYCLE 2026-09-18 04:07:49 :: tg=0/1
2026-09-18 04:12:54 CYCLE 2026-09-18 04:12:51 :: tg=0/1
2026-09-18 04:17:56 CYCLE 2026-09-18 04:17:54 :: tg=0/1
2026-09-18 04:22:59 CYCLE 2026-09-18 04:22:56 :: tg=0/1
2026-09-18 04:28:02 CYCLE 2026-09-18 04:27:59 :: tg=0/1
2026-09-18 04:33:04 CYCLE 2026-09-18 04:33:02 :: tg=0/1
2026-09-18 04:38:07 CYCLE 2026-09-18 04:38:04 :: tg=0/1
2026-09-18 04:43:09 CYCLE 2026-09-18 04:43:07 :: tg=0/1
2026-09-18 04:48:12 CYCLE 2026-09-18 04:48:09 :: tg=0/1
2026-09-18 04:53:15 CYCLE 2026-09-18 04:53:12 :: tg=0/1
2026-09-18 04:58:17 CYCLE 2026-09-18 04:58:15 :: tg=0/1
2026-09-18 05:03:19 CYCLE 2026-09-18 05:03:17 :: tg=0/1
2026-09-18 05:08:22 CYCLE 2026-09-18 05:08:19 :: tg=0/1
2026-09-18 05:13:24 CYCLE 2026-09-18 05:13:22 :: tg=0/1
2026-09-18 05:18:26 CYCLE 2026-09-18 05:18:24 :: tg=0/1
2026-09-18 05:23:29 CYCLE 2026-09-18 05:23:26 :: tg=0/1
2026-09-18 05:28:31 CYCLE 2026-09-18 05:28:29 :: tg=0/1
2026-09-18 05:33:34 CYCLE 2026-09-18 05:33:31 :: tg=0/1
2026-09-18 05:38:36 CYCLE 2026-09-18 05:38:34 :: tg=0/1
2026-09-18 05:43:39 CYCLE 2026-09-18 05:43:36 :: tg=0/1
2026-09-18 05:48:41 CYCLE 2026-09-18 05:48:39 :: tg=0/1
2026-09-18 05:53:43 CYCLE 2026-09-18 05:53:41 :: tg=0/1
2026-09-18 05:58:46 CYCLE 2026-09-18 05:58:43 :: tg=0/1
2026-09-18 06:03:48 CYCLE 2026-09-18 06:03:46 :: tg=0/1
2026-09-18 06:08:50 CYCLE 2026-09-18 06:08:48 :: tg=0/1
2026-09-18 06:13:53 CYCLE 2026-09-18 06:13:51 :: tg=0/1
2026-09-18 06:18:55 CYCLE 2026-09-18 06:18:53 :: tg=0/1
2026-09-18 06:23:58 CYCLE 2026-09-18 06:23:55 :: tg=0/1
2026-09-18 06:29:00 CYCLE 2026-09-18 06:28:58 :: tg=0/1
2026-09-18 06:34:02 CYCLE 2026-09-18 06:34:00 :: tg=0/1
2026-09-18 06:39:05 CYCLE 2026-09-18 06:39:02 :: tg=0/1
2026-09-18 06:44:07 CYCLE 2026-09-18 06:44:05 :: tg=0/1
2026-09-18 06:49:10 CYCLE 2026-09-18 06:49:07 :: tg=0/1
2026-09-18 06:54:12 CYCLE 2026-09-18 06:54:10 :: tg=0/1
2026-09-18 06:59:15 CYCLE 2026-09-18 06:59:12 :: tg=0/1
2026-09-18 07:04:17 CYCLE 2026-09-18 07:04:15 :: tg=0/1
2026-09-18 07:09:19 CYCLE 2026-09-18 07:09:17 :: tg=0/1
2026-09-18 07:14:22 CYCLE 2026-09-18 07:14:19 :: tg=0/1
2026-09-18 07:19:24 CYCLE 2026-09-18 07:19:22 :: tg=0/1
2026-09-18 07:24:29 CYCLE 2026-09-18 07:24:25 :: tg=0/1
2026-09-18 07:29:32 CYCLE 2026-09-18 07:29:30 :: tg=0/1
2026-09-18 07:34:36 CYCLE 2026-09-18 07:34:32 :: tg=0/1
2026-09-18 07:39:39 CYCLE 2026-09-18 07:39:36 :: tg=0/1
2026-09-18 07:44:41 CYCLE 2026-09-18 07:44:39 :: tg=0/1
2026-09-18 07:49:43 CYCLE 2026-09-18 07:49:41 :: tg=0/1
2026-09-18 07:54:46 CYCLE 2026-09-18 07:54:43 :: tg=0/1
2026-09-18 07:59:49 CYCLE 2026-09-18 07:59:46 :: tg=0/1
2026-09-18 08:04:51 CYCLE 2026-09-18 08:04:49 :: tg=0/1
2026-09-18 08:09:53 CYCLE 2026-09-18 08:09:51 :: tg=0/1
2026-09-18 08:14:56 CYCLE 2026-09-18 08:14:53 :: tg=0/1
2026-09-18 08:19:58 CYCLE 2026-09-18 08:19:56 :: tg=0/1
2026-09-18 08:25:01 CYCLE 2026-09-18 08:24:58 :: tg=0/1
2026-09-18 08:30:03 CYCLE 2026-09-18 08:30:01 :: tg=0/1
2026-09-18 08:35:05 CYCLE 2026-09-18 08:35:03 :: tg=0/1
2026-09-18 08:40:10 CYCLE 2026-09-18 08:40:05 :: tg=0/1
2026-09-18 08:44:59 CYCLE 2026-09-18 08:44:52 :: tg=0/1
2026-09-18 08:45:13 CYCLE 2026-09-18 08:45:10 :: tg=0/1
2026-09-18 08:50:15 CYCLE 2026-09-18 08:50:13 :: tg=0/1
2026-09-18 08:55:18 CYCLE 2026-09-18 08:55:15 :: tg=0/1
2026-09-18 09:00:21 CYCLE 2026-09-18 09:00:18 :: tg=0/1
2026-09-18 09:05:23 CYCLE 2026-09-18 09:05:21 :: tg=0/1
2026-09-18 09:10:27 CYCLE 2026-09-18 09:10:23 :: tg=0/1
2026-09-18 09:15:29 CYCLE 2026-09-18 09:15:27 :: tg=0/1
2026-09-18 09:20:31 CYCLE 2026-09-18 09:20:29 :: tg=0/1
2026-09-18 09:25:34 CYCLE 2026-09-18 09:25:31 :: tg=0/1
2026-09-18 09:30:36 CYCLE 2026-09-18 09:30:34 :: tg=0/1
2026-09-18 09:35:39 CYCLE 2026-09-18 09:35:36 :: tg=0/1
2026-09-18 09:40:41 CYCLE 2026-09-18 09:40:39 :: tg=0/1
2026-09-18 09:45:51 CYCLE 2026-09-18 09:45:41 :: tg=0/4
2026-09-18 09:51:01 CYCLE 2026-09-18 09:50:51 :: tg=0/4
2026-09-18 09:56:11 CYCLE 2026-09-18 09:56:01 :: tg=0/4
2026-09-18 10:01:59 CYCLE 2026-09-18 10:01:11 :: tg=0/4
2026-09-18 10:07:15 CYCLE 2026-09-18 10:07:06 :: tg=0/4
2026-09-18 10:13:59 CYCLE 2026-09-18 10:12:15 :: tg=0/4
2026-09-18 10:15:12 CYCLE 2026-09-18 10:15:03 :: tg=0/4
2026-09-18 10:19:09 CYCLE 2026-09-18 10:18:59 :: tg=0/4
2026-09-18 10:24:20 CYCLE 2026-09-18 10:24:09 :: tg=0/4
2026-09-18 10:29:30 CYCLE 2026-09-18 10:29:20 :: tg=0/4
2026-09-18 10:34:40 CYCLE 2026-09-18 10:34:30 :: tg=0/4
2026-09-18 10:39:50 CYCLE 2026-09-18 10:39:40 :: tg=0/4
2026-09-18 10:45:00 CYCLE 2026-09-18 10:44:50 :: tg=0/4
2026-09-18 10:50:10 CYCLE 2026-09-18 10:50:00 :: tg=0/4
2026-09-18 10:55:23 CYCLE 2026-09-18 10:55:10 :: tg=0/4
2026-09-18 11:00:33 CYCLE 2026-09-18 11:00:23 :: tg=0/4
2026-09-18 11:05:43 CYCLE 2026-09-18 11:05:33 :: tg=0/4
2026-09-18 11:10:54 CYCLE 2026-09-18 11:10:43 :: tg=0/4
2026-09-18 11:16:04 CYCLE 2026-09-18 11:15:54 :: tg=0/4
2026-09-18 11:19:57 CYCLE 2026-09-18 11:19:47 :: tg=0/4
2026-09-18 11:21:14 CYCLE 2026-09-18 11:21:04 :: tg=0/4
2026-09-18 11:26:25 CYCLE 2026-09-18 11:26:14 :: tg=0/4
2026-09-18 11:31:36 CYCLE 2026-09-18 11:31:25 :: tg=0/4
2026-09-18 11:36:46 CYCLE 2026-09-18 11:36:36 :: tg=0/4
2026-09-18 11:50:11 CYCLE 2026-09-18 11:50:01 :: tg=0/4
2026-09-18 11:55:22 CYCLE 2026-09-18 11:55:11 :: tg=0/4
2026-09-18 12:00:31 CYCLE 2026-09-18 12:00:22 :: tg=0/4
2026-09-18 12:05:46 CYCLE 2026-09-18 12:05:31 :: tg=0/4
2026-09-18 12:10:57 CYCLE 2026-09-18 12:10:46 :: tg=0/4
2026-09-18 12:16:07 CYCLE 2026-09-18 12:15:57 :: tg=0/4
2026-09-18 12:21:17 CYCLE 2026-09-18 12:21:07 :: tg=0/4
2026-09-18 12:26:28 CYCLE 2026-09-18 12:26:17 :: tg=0/4
2026-09-18 12:31:40 CYCLE 2026-09-18 12:31:28 :: tg=0/4
2026-09-18 12:36:50 CYCLE 2026-09-18 12:36:40 :: tg=0/4
2026-09-18 12:42:00 CYCLE 2026-09-18 12:41:50 :: tg=0/4
2026-09-18 12:47:10 CYCLE 2026-09-18 12:47:00 :: tg=0/4
2026-09-18 12:52:20 CYCLE 2026-09-18 12:52:10 :: tg=0/4
2026-09-18 12:57:30 CYCLE 2026-09-18 12:57:20 :: tg=0/4
2026-09-18 13:02:40 CYCLE 2026-09-18 13:02:30 :: tg=0/4
2026-09-18 13:07:50 CYCLE 2026-09-18 13:07:40 :: tg=0/4
2026-09-18 13:13:00 CYCLE 2026-09-18 13:12:50 :: tg=0/4
2026-09-18 13:18:10 CYCLE 2026-09-18 13:18:00 :: tg=0/4
2026-09-18 13:23:20 CYCLE 2026-09-18 13:23:10 :: tg=0/4
2026-09-18 13:28:30 CYCLE 2026-09-18 13:28:20 :: tg=0/4
2026-09-18 13:33:40 CYCLE 2026-09-18 13:33:30 :: tg=0/4
2026-09-18 13:38:50 CYCLE 2026-09-18 13:38:40 :: tg=0/4
2026-09-18 13:44:00 CYCLE 2026-09-18 13:43:50 :: tg=0/4
2026-09-18 13:49:10 CYCLE 2026-09-18 13:49:00 :: tg=0/4
2026-09-18 13:54:20 CYCLE 2026-09-18 13:54:10 :: tg=0/4
2026-09-18 13:59:29 CYCLE 2026-09-18 13:59:20 :: tg=0/4
2026-09-18 14:04:39 CYCLE 2026-09-18 14:04:29 :: tg=0/4
2026-09-18 14:09:50 CYCLE 2026-09-18 14:09:39 :: tg=0/4
2026-09-18 14:15:00 CYCLE 2026-09-18 14:14:50 :: tg=0/4
2026-09-18 14:20:10 CYCLE 2026-09-18 14:20:00 :: tg=0/4
2026-09-18 14:25:20 CYCLE 2026-09-18 14:25:10 :: tg=0/4
2026-09-18 14:30:30 CYCLE 2026-09-18 14:30:20 :: tg=0/4
2026-09-18 14:35:40 CYCLE 2026-09-18 14:35:30 :: tg=0/4
2026-09-18 14:40:49 CYCLE 2026-09-18 14:40:40 :: tg=0/4
2026-09-18 14:45:59 CYCLE 2026-09-18 14:45:49 :: tg=0/4
2026-09-18 14:51:09 CYCLE 2026-09-18 14:50:59 :: tg=0/4
2026-09-18 14:56:19 CYCLE 2026-09-18 14:56:09 :: tg=0/4
2026-09-18 15:01:30 CYCLE 2026-09-18 15:01:19 :: tg=0/4
2026-09-18 15:06:40 CYCLE 2026-09-18 15:06:30 :: tg=0/4
2026-09-18 15:11:50 CYCLE 2026-09-18 15:11:40 :: tg=0/4
2026-09-18 15:17:00 CYCLE 2026-09-18 15:16:50 :: tg=0/4
2026-09-18 15:22:11 CYCLE 2026-09-18 15:22:00 :: tg=0/4
2026-09-18 15:27:21 CYCLE 2026-09-18 15:27:11 :: tg=0/4
2026-09-18 15:32:31 CYCLE 2026-09-18 15:32:21 :: tg=0/4
2026-09-18 15:37:41 CYCLE 2026-09-18 15:37:31 :: tg=0/4
2026-09-18 15:42:51 CYCLE 2026-09-18 15:42:41 :: tg=0/4
2026-09-18 15:48:01 CYCLE 2026-09-18 15:47:51 :: tg=0/4
2026-09-18 15:53:11 CYCLE 2026-09-18 15:53:01 :: tg=0/4
2026-09-18 15:58:21 CYCLE 2026-09-18 15:58:11 :: tg=0/4
2026-09-18 16:03:30 CYCLE 2026-09-18 16:03:21 :: tg=0/4
2026-09-18 16:08:41 CYCLE 2026-09-18 16:08:30 :: tg=0/4
2026-09-18 16:13:51 CYCLE 2026-09-18 16:13:41 :: tg=0/4
2026-09-18 16:19:00 CYCLE 2026-09-18 16:18:51 :: tg=0/4
2026-09-18 16:24:14 CYCLE 2026-09-18 16:24:00 :: tg=0/4
2026-09-18 16:29:24 CYCLE 2026-09-18 16:29:14 :: tg=0/4
2026-09-18 16:34:34 CYCLE 2026-09-18 16:34:24 :: tg=0/4
2026-09-18 16:39:44 CYCLE 2026-09-18 16:39:34 :: tg=0/4
2026-09-18 16:44:53 CYCLE 2026-09-18 16:44:44 :: tg=0/4
2026-09-18 16:50:07 CYCLE 2026-09-18 16:49:53 :: tg=0/4
2026-09-18 16:55:17 CYCLE 2026-09-18 16:55:07 :: tg=0/4
2026-09-18 17:00:27 CYCLE 2026-09-18 17:00:17 :: tg=0/4
2026-09-18 17:05:37 CYCLE 2026-09-18 17:05:27 :: tg=0/4
2026-09-18 17:10:47 CYCLE 2026-09-18 17:10:37 :: tg=0/4
2026-09-18 17:15:56 CYCLE 2026-09-18 17:15:47 :: tg=0/4
2026-09-18 17:21:06 CYCLE 2026-09-18 17:20:56 :: tg=0/4
2026-09-18 17:26:16 CYCLE 2026-09-18 17:26:06 :: tg=0/4
2026-09-18 17:31:26 CYCLE 2026-09-18 17:31:16 :: tg=0/4
2026-09-18 17:36:36 CYCLE 2026-09-18 17:36:26 :: tg=0/4
2026-09-18 17:41:46 CYCLE 2026-09-18 17:41:36 :: tg=0/4
2026-09-18 17:46:57 CYCLE 2026-09-18 17:46:46 :: tg=0/4
2026-09-18 17:52:07 CYCLE 2026-09-18 17:51:57 :: tg=0/4
2026-09-18 17:57:16 CYCLE 2026-09-18 17:57:07 :: tg=0/4
2026-09-18 18:02:26 CYCLE 2026-09-18 18:02:16 :: tg=0/4
2026-09-18 18:07:36 CYCLE 2026-09-18 18:07:26 :: tg=0/4
2026-09-18 18:12:46 CYCLE 2026-09-18 18:12:36 :: tg=0/4
2026-09-18 18:17:56 CYCLE 2026-09-18 18:17:46 :: tg=0/4
2026-09-18 18:23:06 CYCLE 2026-09-18 18:22:56 :: tg=0/4
2026-09-18 18:28:16 CYCLE 2026-09-18 18:28:06 :: tg=0/4
2026-09-18 18:33:26 CYCLE 2026-09-18 18:33:16 :: tg=0/4
2026-09-18 18:38:36 CYCLE 2026-09-18 18:38:26 :: tg=0/4
2026-09-18 18:43:45 CYCLE 2026-09-18 18:43:36 :: tg=0/4
2026-09-18 18:48:55 CYCLE 2026-09-18 18:48:45 :: tg=0/4
2026-09-18 18:54:05 CYCLE 2026-09-18 18:53:55 :: tg=0/4
2026-09-18 18:59:15 CYCLE 2026-09-18 18:59:05 :: tg=0/4
2026-09-18 19:04:24 CYCLE 2026-09-18 19:04:15 :: tg=0/4
2026-09-18 19:09:34 CYCLE 2026-09-18 19:09:24 :: tg=0/4
2026-09-18 19:14:44 CYCLE 2026-09-18 19:14:34 :: tg=0/4
2026-09-18 19:19:54 CYCLE 2026-09-18 19:19:44 :: tg=0/4
2026-09-18 19:25:03 CYCLE 2026-09-18 19:24:54 :: tg=0/4
2026-09-18 19:30:13 CYCLE 2026-09-18 19:30:03 :: tg=0/4
2026-09-18 19:35:23 CYCLE 2026-09-18 19:35:13 :: tg=0/4
2026-09-18 19:40:33 CYCLE 2026-09-18 19:40:23 :: tg=0/4
2026-09-18 19:45:44 CYCLE 2026-09-18 19:45:34 :: tg=0/4
2026-09-18 19:50:53 CYCLE 2026-09-18 19:50:44 :: tg=0/4
2026-09-18 19:56:03 CYCLE 2026-09-18 19:55:53 :: tg=0/4
2026-09-18 20:01:13 CYCLE 2026-09-18 20:01:03 :: tg=0/4
2026-09-18 20:06:23 CYCLE 2026-09-18 20:06:13 :: tg=0/4
2026-09-18 20:11:33 CYCLE 2026-09-18 20:11:23 :: tg=0/4
2026-09-18 20:16:43 CYCLE 2026-09-18 20:16:33 :: tg=0/4
2026-09-18 20:21:54 CYCLE 2026-09-18 20:21:43 :: tg=0/4
2026-09-18 20:27:04 CYCLE 2026-09-18 20:26:54 :: tg=0/4
2026-09-18 20:32:14 CYCLE 2026-09-18 20:32:04 :: tg=0/4
2026-09-18 20:37:24 CYCLE 2026-09-18 20:37:14 :: tg=0/4
2026-09-18 20:42:34 CYCLE 2026-09-18 20:42:24 :: tg=0/4
2026-09-18 20:47:44 CYCLE 2026-09-18 20:47:34 :: tg=0/4
2026-09-18 20:52:53 CYCLE 2026-09-18 20:52:44 :: tg=0/4
2026-09-18 20:58:04 CYCLE 2026-09-18 20:57:53 :: tg=0/4
2026-09-18 21:03:14 CYCLE 2026-09-18 21:03:04 :: tg=0/4
2026-09-18 21:08:24 CYCLE 2026-09-18 21:08:14 :: tg=0/4
2026-09-18 21:13:34 CYCLE 2026-09-18 21:13:24 :: tg=0/4
2026-09-18 21:18:44 CYCLE 2026-09-18 21:18:34 :: tg=0/4
2026-09-18 21:23:54 CYCLE 2026-09-18 21:23:44 :: tg=0/4
2026-09-18 21:29:05 CYCLE 2026-09-18 21:28:54 :: tg=0/4
2026-09-18 21:34:19 CYCLE 2026-09-18 21:34:05 :: tg=0/4
2026-09-18 21:39:28 CYCLE 2026-09-18 21:39:19 :: tg=0/4
2026-09-18 21:44:38 CYCLE 2026-09-18 21:44:28 :: tg=0/4
2026-09-18 21:49:48 CYCLE 2026-09-18 21:49:38 :: tg=0/4
2026-09-18 21:54:58 CYCLE 2026-09-18 21:54:48 :: tg=0/4
2026-09-18 22:00:08 CYCLE 2026-09-18 21:59:58 :: tg=0/4
2026-09-18 22:05:18 CYCLE 2026-09-18 22:05:08 :: tg=0/4
2026-09-18 22:10:32 CYCLE 2026-09-18 22:10:18 :: tg=0/4
2026-09-18 22:15:43 CYCLE 2026-09-18 22:15:32 :: tg=0/4
2026-09-18 22:20:52 CYCLE 2026-09-18 22:20:43 :: tg=0/4
2026-09-18 22:26:02 CYCLE 2026-09-18 22:25:52 :: tg=0/4
2026-09-18 22:31:12 CYCLE 2026-09-18 22:31:02 :: tg=0/4
2026-09-18 22:36:22 CYCLE 2026-09-18 22:36:12 :: tg=0/4
2026-09-18 22:41:33 CYCLE 2026-09-18 22:41:22 :: tg=0/4
2026-09-18 22:46:43 CYCLE 2026-09-18 22:46:33 :: tg=0/4
2026-09-18 22:51:53 CYCLE 2026-09-18 22:51:43 :: tg=0/4
2026-09-18 22:57:02 CYCLE 2026-09-18 22:56:53 :: tg=0/4
2026-09-18 23:02:12 CYCLE 2026-09-18 23:02:02 :: tg=0/4
2026-09-18 23:07:22 CYCLE 2026-09-18 23:07:12 :: tg=0/4
2026-09-18 23:12:32 CYCLE 2026-09-18 23:12:22 :: tg=0/4
2026-09-18 23:17:42 CYCLE 2026-09-18 23:17:32 :: tg=0/4
2026-09-18 23:22:52 CYCLE 2026-09-18 23:22:42 :: tg=0/4
2026-09-18 23:28:02 CYCLE 2026-09-18 23:27:52 :: tg=0/4
2026-09-18 23:33:12 CYCLE 2026-09-18 23:33:02 :: tg=0/4
2026-09-18 23:38:22 CYCLE 2026-09-18 23:38:12 :: tg=0/4
2026-09-18 23:43:31 CYCLE 2026-09-18 23:43:22 :: tg=0/4
2026-09-18 23:48:42 CYCLE 2026-09-18 23:48:31 :: tg=0/4
2026-09-18 23:53:52 CYCLE 2026-09-18 23:53:42 :: tg=0/4
2026-09-18 23:59:02 CYCLE 2026-09-18 23:58:52 :: tg=0/4
2026-09-19 00:04:12 CYCLE 2026-09-19 00:04:02 :: tg=0/4
2026-09-19 00:09:22 CYCLE 2026-09-19 00:09:12 :: tg=0/4
2026-09-19 00:14:31 CYCLE 2026-09-19 00:14:22 :: tg=0/4
2026-09-19 00:19:44 CYCLE 2026-09-19 00:19:31 :: tg=0/4
2026-09-19 00:24:55 CYCLE 2026-09-19 00:24:44 :: tg=0/4
2026-09-19 00:30:04 CYCLE 2026-09-19 00:29:55 :: tg=0/4
2026-09-19 00:35:14 CYCLE 2026-09-19 00:35:04 :: tg=0/4
2026-09-19 00:40:24 CYCLE 2026-09-19 00:40:14 :: tg=0/4
2026-09-19 00:45:34 CYCLE 2026-09-19 00:45:24 :: tg=0/4
2026-09-19 00:50:44 CYCLE 2026-09-19 00:50:34 :: tg=0/4
2026-09-19 00:55:54 CYCLE 2026-09-19 00:55:44 :: tg=0/4
2026-09-19 01:01:04 CYCLE 2026-09-19 01:00:54 :: tg=0/4
2026-09-19 01:06:14 CYCLE 2026-09-19 01:06:04 :: tg=0/4
2026-09-19 01:11:24 CYCLE 2026-09-19 01:11:14 :: tg=0/4
2026-09-19 01:16:34 CYCLE 2026-09-19 01:16:24 :: tg=0/4
2026-09-19 01:21:45 CYCLE 2026-09-19 01:21:34 :: tg=0/4
2026-09-19 01:26:55 CYCLE 2026-09-19 01:26:45 :: tg=0/4
2026-09-19 01:32:06 CYCLE 2026-09-19 01:31:55 :: tg=0/4
2026-09-19 01:37:16 CYCLE 2026-09-19 01:37:06 :: tg=0/4
2026-09-19 01:42:26 CYCLE 2026-09-19 01:42:16 :: tg=0/4
2026-09-19 01:47:35 CYCLE 2026-09-19 01:47:26 :: tg=0/4
2026-09-19 01:52:46 CYCLE 2026-09-19 01:52:35 :: tg=0/4
2026-09-19 01:57:55 CYCLE 2026-09-19 01:57:46 :: tg=0/4
2026-09-19 02:03:06 CYCLE 2026-09-19 02:02:55 :: tg=0/4
2026-09-19 02:08:15 CYCLE 2026-09-19 02:08:06 :: tg=0/4
2026-09-19 02:13:25 CYCLE 2026-09-19 02:13:15 :: tg=0/4
2026-09-19 02:18:35 CYCLE 2026-09-19 02:18:25 :: tg=0/4
2026-09-19 02:23:45 CYCLE 2026-09-19 02:23:35 :: tg=0/4
2026-09-19 02:28:55 CYCLE 2026-09-19 02:28:45 :: tg=0/4
2026-09-19 02:34:04 CYCLE 2026-09-19 02:33:55 :: tg=0/4
2026-09-19 02:39:14 CYCLE 2026-09-19 02:39:04 :: tg=0/4
2026-09-19 02:44:24 CYCLE 2026-09-19 02:44:14 :: tg=0/4
2026-09-19 02:49:34 CYCLE 2026-09-19 02:49:24 :: tg=0/4
2026-09-19 02:54:45 CYCLE 2026-09-19 02:54:34 :: tg=0/4
2026-09-19 02:59:54 CYCLE 2026-09-19 02:59:45 :: tg=0/4
2026-09-19 03:05:05 CYCLE 2026-09-19 03:04:54 :: tg=0/4
2026-09-19 03:10:15 CYCLE 2026-09-19 03:10:05 :: tg=0/4
2026-09-19 03:16:46 CYCLE 2026-09-19 03:15:15 :: tg=0/4
2026-09-19 03:22:05 CYCLE 2026-09-19 03:21:52 :: tg=0/4
2026-09-19 03:27:15 CYCLE 2026-09-19 03:27:05 :: tg=0/4
2026-09-19 03:32:25 CYCLE 2026-09-19 03:32:15 :: tg=0/4
2026-09-19 03:37:35 CYCLE 2026-09-19 03:37:25 :: tg=0/4
2026-09-19 03:42:45 CYCLE 2026-09-19 03:42:35 :: tg=0/4
2026-09-19 03:47:55 CYCLE 2026-09-19 03:47:45 :: tg=0/4
2026-09-19 03:53:05 CYCLE 2026-09-19 03:52:55 :: tg=0/4
2026-09-19 03:58:15 CYCLE 2026-09-19 03:58:05 :: tg=0/4
2026-09-19 04:03:25 CYCLE 2026-09-19 04:03:15 :: tg=0/4
2026-09-19 04:08:36 CYCLE 2026-09-19 04:08:25 :: tg=0/4
2026-09-19 04:13:46 CYCLE 2026-09-19 04:13:36 :: tg=0/4
2026-09-19 04:18:55 CYCLE 2026-09-19 04:18:46 :: tg=0/4
2026-09-19 04:24:05 CYCLE 2026-09-19 04:23:55 :: tg=0/4
2026-09-19 04:29:15 CYCLE 2026-09-19 04:29:05 :: tg=0/4
2026-09-19 04:34:25 CYCLE 2026-09-19 04:34:15 :: tg=0/4
2026-09-19 04:39:35 CYCLE 2026-09-19 04:39:25 :: tg=0/4
2026-09-19 04:44:51 CYCLE 2026-09-19 04:44:35 :: tg=0/4
2026-09-19 04:50:01 CYCLE 2026-09-19 04:49:52 :: tg=0/4
2026-09-19 04:55:11 CYCLE 2026-09-19 04:55:01 :: tg=0/4
2026-09-19 05:00:21 CYCLE 2026-09-19 05:00:11 :: tg=0/4
2026-09-19 05:05:31 CYCLE 2026-09-19 05:05:21 :: tg=0/4
2026-09-19 05:10:41 CYCLE 2026-09-19 05:10:31 :: tg=0/4
2026-09-19 05:15:50 CYCLE 2026-09-19 05:15:41 :: tg=0/4
2026-09-19 05:21:00 CYCLE 2026-09-19 05:20:50 :: tg=0/4
2026-09-19 05:26:10 CYCLE 2026-09-19 05:26:00 :: tg=0/4
2026-09-19 05:31:20 CYCLE 2026-09-19 05:31:10 :: tg=0/4
2026-09-19 05:36:30 CYCLE 2026-09-19 05:36:20 :: tg=0/4
2026-09-19 05:41:40 CYCLE 2026-09-19 05:41:30 :: tg=0/4
2026-09-19 05:46:50 CYCLE 2026-09-19 05:46:40 :: tg=0/4
2026-09-19 05:52:00 CYCLE 2026-09-19 05:51:50 :: tg=0/4
2026-09-19 05:57:10 CYCLE 2026-09-19 05:57:00 :: tg=0/4
2026-09-19 06:02:19 CYCLE 2026-09-19 06:02:10 :: tg=0/4
2026-09-19 06:07:29 CYCLE 2026-09-19 06:07:19 :: tg=0/4
2026-09-19 06:12:39 CYCLE 2026-09-19 06:12:29 :: tg=0/4
2026-09-19 06:17:49 CYCLE 2026-09-19 06:17:39 :: tg=0/4
2026-09-19 06:22:59 CYCLE 2026-09-19 06:22:49 :: tg=0/4
2026-09-19 06:28:09 CYCLE 2026-09-19 06:27:59 :: tg=0/4
2026-09-19 06:33:19 CYCLE 2026-09-19 06:33:09 :: tg=0/4
2026-09-19 06:38:29 CYCLE 2026-09-19 06:38:19 :: tg=0/4
2026-09-19 06:43:39 CYCLE 2026-09-19 06:43:29 :: tg=0/4
2026-09-19 06:48:50 CYCLE 2026-09-19 06:48:39 :: tg=0/4
2026-09-19 06:54:00 CYCLE 2026-09-19 06:53:50 :: tg=0/4
2026-09-19 06:59:09 CYCLE 2026-09-19 06:59:00 :: tg=0/4
2026-09-19 07:04:19 CYCLE 2026-09-19 07:04:09 :: tg=0/4
2026-09-19 07:09:29 CYCLE 2026-09-19 07:09:19 :: tg=0/4
2026-09-19 07:14:39 CYCLE 2026-09-19 07:14:29 :: tg=0/4
2026-09-19 07:19:49 CYCLE 2026-09-19 07:19:39 :: tg=0/4
2026-09-19 07:24:59 CYCLE 2026-09-19 07:24:49 :: tg=0/4
2026-09-19 07:30:10 CYCLE 2026-09-19 07:29:59 :: tg=0/4
2026-09-19 07:35:23 CYCLE 2026-09-19 07:35:10 :: tg=0/4
2026-09-19 07:40:33 CYCLE 2026-09-19 07:40:23 :: tg=0/4
2026-09-19 07:45:43 CYCLE 2026-09-19 07:45:33 :: tg=0/4
2026-09-19 07:50:53 CYCLE 2026-09-19 07:50:43 :: tg=0/4
